data_date,timestamp,ticker,underlying_price,expiration_date,days_to_expiration,strike_price,option_type,last_price,bid,ask,volume,open_interest,implied_volatility,delta,gamma,theta,vega,rho,moneyness,intrinsic_value,time_value,contract_id,collection_date
2025-10-01,2025-10-01 18:30:12.739097,AAPL,255.45,2025-10-03,1,110.0,CALL,146.72,144.9,146.25,1,1,3.7656,1.0,0.0,-0.0143,0.0,0.003,2.3223,145.45,1.27,d22a31c8d4d9,2025-10-01
2025-10-01,2025-10-01 18:30:12.744316,AAPL,255.45,2025-10-03,1,125.0,CALL,131.34,129.85,131.3,3,3,3.2305,1.0,0.0,-0.0162,0.0,0.0034,2.0436,130.45,0.89,c6a444cd1c03,2025-10-01
2025-10-01,2025-10-01 18:30:12.745209,AAPL,255.45,2025-10-03,1,135.0,CALL,121.2,119.85,121.3,1,1,2.9063,1.0,0.0,-0.0175,0.0,0.0037,1.8922,120.45,0.75,59bc7ef9909b,2025-10-01
2025-10-01,2025-10-01 18:30:12.745929,AAPL,255.45,2025-10-03,1,145.0,CALL,83.19,0.0,0.0,0,10,0.0,1.0,0.0,-0.0179,0.0,0.004,1.7617,110.45,0.0,b7baca91e087,2025-10-01
2025-10-01,2025-10-01 18:30:12.746378,AAPL,255.45,2025-10-03,1,150.0,CALL,96.05,104.9,106.25,1,2,2.4648,1.0,0.0,-0.0195,0.0,0.0041,1.703,105.45,0.0,6a3ffb8513db,2025-10-01
2025-10-01,2025-10-01 18:30:12.746804,AAPL,255.45,2025-10-03,1,155.0,CALL,82.8,99.9,101.3,0,4,2.3789,1.0,0.0,-0.0207,0.0,0.0042,1.6481,100.45,0.0,30b27443a9a9,2025-10-01
2025-10-01,2025-10-01 18:30:12.747217,AAPL,255.45,2025-10-03,1,160.0,CALL,96.77,94.9,96.25,1,6,2.1914,1.0,0.0,-0.0208,0.0,0.0044,1.5966,95.45,1.32,a7c4e0284e34,2025-10-01
2025-10-01,2025-10-01 18:30:12.747626,AAPL,255.45,2025-10-03,1,165.0,CALL,91.4,89.9,91.3,0,1,2.1094,1.0,0.0,-0.0221,0.0,0.0045,1.5482,90.45,0.95,7bcfec3984bc,2025-10-01
2025-10-01,2025-10-01 18:30:12.748040,AAPL,255.45,2025-10-03,1,170.0,CALL,85.07,84.9,86.25,1,5,1.9336,1.0,0.0,-0.0222,0.0,0.0047,1.5026,85.45,0.0,ea43c1ebca6a,2025-10-01
2025-10-01,2025-10-01 18:30:12.748449,AAPL,255.45,2025-10-03,1,175.0,CALL,78.45,79.9,81.3,1,4,1.8555,1.0,0.0,-0.0236,0.0,0.0048,1.4597,80.45,0.0,2ad24328cb3a,2025-10-01
2025-10-01,2025-10-01 18:30:12.748801,AAPL,255.45,2025-10-03,1,180.0,CALL,74.74,74.9,76.3,2,24,1.7305,1.0,0.0,-0.0244,0.0,0.0049,1.4192,75.45,0.0,f1cd5dedbe7e,2025-10-01
2025-10-01,2025-10-01 18:30:12.749146,AAPL,255.45,2025-10-03,1,185.0,CALL,69.53,69.9,71.3,1,14,1.6094,0.9999,0.0,-0.0252,0.0,0.0051,1.3808,70.45,0.0,6ca17e88dab2,2025-10-01
2025-10-01,2025-10-01 18:30:12.749486,AAPL,255.45,2025-10-03,1,190.0,CALL,63.7,64.95,66.3,2,115,1.5234,0.9999,0.0,-0.027,0.0,0.0052,1.3445,65.45,0.0,461d230beda6,2025-10-01
2025-10-01,2025-10-01 18:30:12.749832,AAPL,255.45,2025-10-03,1,195.0,CALL,60.7,60.25,60.75,3,16,1.1953,1.0,0.0,-0.0243,0.0,0.0053,1.31,60.45,0.25,7c0a3db3aeb4,2025-10-01
2025-10-01,2025-10-01 18:30:12.750175,AAPL,255.45,2025-10-03,1,200.0,CALL,56.77,54.95,56.3,2,108,1.291,0.9999,0.0,-0.0289,0.0001,0.0055,1.2772,55.45,1.32,c0f0cfce3958,2025-10-01
2025-10-01,2025-10-01 18:30:12.750533,AAPL,255.45,2025-10-03,1,205.0,CALL,52.03,50.15,51.3,1,128,1.2637,0.9996,0.0001,-0.0371,0.0002,0.0056,1.2461,50.45,1.58,cdd5f9d72ca8,2025-10-01
2025-10-01,2025-10-01 18:30:12.750892,AAPL,255.45,2025-10-03,1,210.0,CALL,45.65,45.15,45.8,244,574,0.8281,1.0,0.0,-0.026,0.0,0.0058,1.2164,45.45,0.2,5fa0f35fb869,2025-10-01
2025-10-01,2025-10-01 18:30:12.751240,AAPL,255.45,2025-10-03,1,212.5,CALL,42.95,42.65,43.8,4,76,1.0859,0.9995,0.0001,-0.04,0.0003,0.0058,1.2021,42.95,0.0,fc9993c127c1,2025-10-01
2025-10-01,2025-10-01 18:30:12.751593,AAPL,255.45,2025-10-03,1,215.0,CALL,41.87,40.2,41.3,55,566,1.044,0.9993,0.0002,-0.044,0.0003,0.0059,1.1881,40.45,1.42,a4f5bb65e4b3,2025-10-01
2025-10-01,2025-10-01 18:30:12.751949,AAPL,255.45,2025-10-03,1,217.5,CALL,38.92,37.55,38.85,25,251,0.9541,0.9994,0.0002,-0.0398,0.0003,0.006,1.1745,37.95,0.97,92d3d1329286,2025-10-01
2025-10-01,2025-10-01 18:30:12.752309,AAPL,255.45,2025-10-03,1,220.0,CALL,35.65,35.4,36.0,109,1798,0.8965,0.9993,0.0002,-0.0409,0.0003,0.006,1.1611,35.45,0.2,f1b4e2e58caf,2025-10-01
2025-10-01,2025-10-01 18:30:12.752654,AAPL,255.45,2025-10-03,1,222.5,CALL,33.15,32.6,33.8,85,586,0.8398,0.9992,0.0002,-0.0423,0.0004,0.0061,1.1481,32.95,0.2,49f8d6dde20c,2025-10-01
2025-10-01,2025-10-01 18:30:12.752992,AAPL,255.45,2025-10-03,1,225.0,CALL,30.75,30.25,30.75,119,1826,0.6094,1.0,0.0,-0.0283,0.0,0.0062,1.1353,30.45,0.3,e23dea88e3c2,2025-10-01
2025-10-01,2025-10-01 18:30:12.753337,AAPL,255.45,2025-10-03,1,227.5,CALL,28.16,27.7,28.85,24,1197,0.7637,0.9983,0.0005,-0.0565,0.0007,0.0062,1.1229,27.95,0.21,45c278452e93,2025-10-01
2025-10-01,2025-10-01 18:30:12.753676,AAPL,255.45,2025-10-03,1,230.0,CALL,25.75,25.4,26.1,96,4828,0.6934,0.9982,0.0006,-0.0548,0.0008,0.0063,1.1107,25.45,0.3,be8f54f1948d,2025-10-01
2025-10-01,2025-10-01 18:30:12.754016,AAPL,255.45,2025-10-03,1,232.5,CALL,23.61,22.9,23.3,38,499,0.5576,0.9994,0.0003,-0.0364,0.0003,0.0064,1.0987,22.95,0.66,d0e6ac221ffe,2025-10-01
2025-10-01,2025-10-01 18:30:12.754361,AAPL,255.45,2025-10-03,1,235.0,CALL,20.75,20.35,20.8,264,13922,0.5957,0.9965,0.0013,-0.0709,0.0014,0.0064,1.087,20.45,0.3,e1f98861d768,2025-10-01
2025-10-01,2025-10-01 18:30:12.754675,AAPL,255.45,2025-10-03,1,237.5,CALL,18.7,17.9,18.3,16,1130,0.5356,0.9956,0.0018,-0.0757,0.0017,0.0065,1.0756,17.95,0.75,92f6f8ed9733,2025-10-01
2025-10-01,2025-10-01 18:30:12.754977,AAPL,255.45,2025-10-03,1,240.0,CALL,15.95,15.4,15.8,526,7525,0.4746,0.9943,0.0026,-0.0811,0.0022,0.0065,1.0644,15.45,0.5,029206b088f6,2025-10-01
2025-10-01,2025-10-01 18:30:12.755283,AAPL,255.45,2025-10-03,1,242.5,CALL,13.16,13.0,13.35,755,1984,0.4273,0.9904,0.0045,-0.1028,0.0034,0.0066,1.0534,12.95,0.21,173249079d8a,2025-10-01
2025-10-01,2025-10-01 18:30:12.755586,AAPL,255.45,2025-10-03,1,245.0,CALL,10.65,10.5,10.8,1262,8719,0.3501,0.9891,0.0061,-0.0969,0.0038,0.0066,1.0427,10.45,0.2,08b7689a8378,2025-10-01
2025-10-01,2025-10-01 18:30:12.755899,AAPL,255.45,2025-10-03,1,247.5,CALL,8.3,8.05,8.4,304,3793,0.3076,0.9761,0.0137,-0.1455,0.0075,0.0066,1.0321,7.95,0.35,f6fdde9e0397,2025-10-01
2025-10-01,2025-10-01 18:30:12.756198,AAPL,255.45,2025-10-03,1,250.0,CALL,6.0,5.85,6.0,5058,16707,0.2546,0.9489,0.0308,-0.208,0.014,0.0065,1.0218,5.45,0.55,436199d93576,2025-10-01
2025-10-01,2025-10-01 18:30:12.756504,AAPL,255.45,2025-10-03,1,252.5,CALL,3.9,3.85,3.95,3956,6670,0.2354,0.8312,0.08,-0.4221,0.0337,0.0057,1.0117,2.95,0.95,0fa0d9152a17,2025-10-01
2025-10-01,2025-10-01 18:30:12.756809,AAPL,255.45,2025-10-03,1,255.0,CALL,2.25,2.24,2.28,51311,26176,0.2217,0.5669,0.1327,-0.6006,0.0526,0.0039,1.0018,0.45,1.8,313607c45260,2025-10-01
2025-10-01,2025-10-01 18:30:12.757112,AAPL,255.45,2025-10-03,1,257.5,CALL,1.11,1.1,1.12,99121,18645,0.2133,0.2421,0.1095,-0.453,0.0418,0.0017,0.992,0.0,1.11,ced92b0eb363,2025-10-01
2025-10-01,2025-10-01 18:30:12.757415,AAPL,255.45,2025-10-03,1,260.0,CALL,0.49,0.48,0.49,162497,57065,0.2134,0.0589,0.0412,-0.1693,0.0157,0.0004,0.9825,0.0,0.49,ec7e634c514d,2025-10-01
2025-10-01,2025-10-01 18:30:12.757721,AAPL,255.45,2025-10-03,1,262.5,CALL,0.22,0.21,0.22,32797,18764,0.2241,0.0106,0.0094,-0.0424,0.0038,0.0001,0.9731,0.0,0.22,a64da304af08,2025-10-01
2025-10-01,2025-10-01 18:30:12.758036,AAPL,255.45,2025-10-03,1,265.0,CALL,0.11,0.11,0.12,32679,19444,0.2456,0.0023,0.0022,-0.0117,0.0009,0.0,0.964,0.0,0.11,f86c56cb4b9d,2025-10-01
2025-10-01,2025-10-01 18:30:12.758338,AAPL,255.45,2025-10-03,1,267.5,CALL,0.07,0.06,0.07,8941,5184,0.2676,0.0005,0.0005,-0.0034,0.0002,0.0,0.955,0.0,0.07,2df3ec2057f7,2025-10-01
2025-10-01,2025-10-01 18:30:12.758649,AAPL,255.45,2025-10-03,1,270.0,CALL,0.04,0.04,0.05,14941,16205,0.2949,0.0002,0.0002,-0.0013,0.0001,0.0,0.9461,0.0,0.04,90ab3e7c5168,2025-10-01
2025-10-01,2025-10-01 18:30:12.758951,AAPL,255.45,2025-10-03,1,272.5,CALL,0.03,0.03,0.04,2519,5819,0.3262,0.0001,0.0001,-0.0007,0.0,0.0,0.9374,0.0,0.03,3fc3af6714c8,2025-10-01
2025-10-01,2025-10-01 18:30:12.759251,AAPL,255.45,2025-10-03,1,275.0,CALL,0.03,0.02,0.03,1657,5303,0.3516,0.0,0.0,-0.0003,0.0,0.0,0.9289,0.0,0.03,400465b8f607,2025-10-01
2025-10-01,2025-10-01 18:30:12.759555,AAPL,255.45,2025-10-03,1,277.5,CALL,0.02,0.01,0.02,450,3397,0.3711,0.0,0.0,-0.0001,0.0,0.0,0.9205,0.0,0.02,cb2036670fe8,2025-10-01
2025-10-01,2025-10-01 18:30:12.759856,AAPL,255.45,2025-10-03,1,280.0,CALL,0.01,0.01,0.02,1058,5953,0.4063,0.0,0.0,-0.0001,0.0,0.0,0.9123,0.0,0.01,be3ba044d23d,2025-10-01
2025-10-01,2025-10-01 18:30:12.760155,AAPL,255.45,2025-10-03,1,282.5,CALL,0.01,0.0,0.01,120,1567,0.4063,0.0,0.0,-0.0,0.0,0.0,0.9042,0.0,0.01,f298439e87c3,2025-10-01
2025-10-01,2025-10-01 18:30:12.760464,AAPL,255.45,2025-10-03,1,285.0,CALL,0.01,0.0,0.01,103,1800,0.4375,0.0,0.0,-0.0,0.0,0.0,0.8963,0.0,0.01,816ad2db6873,2025-10-01
2025-10-01,2025-10-01 18:30:12.761123,AAPL,255.45,2025-10-03,1,287.5,CALL,0.01,0.0,0.01,53,525,0.4688,0.0,0.0,-0.0,0.0,0.0,0.8885,0.0,0.01,70581b49f8b2,2025-10-01
2025-10-01,2025-10-01 18:30:12.761458,AAPL,255.45,2025-10-03,1,290.0,CALL,0.01,0.0,0.01,3,1679,0.5,0.0,0.0,-0.0,0.0,0.0,0.8809,0.0,0.01,3d529836c24f,2025-10-01
2025-10-01,2025-10-01 18:30:12.761776,AAPL,255.45,2025-10-03,1,292.5,CALL,0.01,0.0,0.01,2,902,0.5,0.0,0.0,-0.0,0.0,0.0,0.8733,0.0,0.01,b85c88595c6b,2025-10-01
2025-10-01,2025-10-01 18:30:12.762085,AAPL,255.45,2025-10-03,1,295.0,CALL,0.01,0.0,0.01,2,610,0.5313,0.0,0.0,-0.0,0.0,0.0,0.8659,0.0,0.01,afe6b1982908,2025-10-01
2025-10-01,2025-10-01 18:30:12.762384,AAPL,255.45,2025-10-03,1,300.0,CALL,0.01,0.0,0.01,30,1577,0.5938,0.0,0.0,-0.0,0.0,0.0,0.8515,0.0,0.01,794f0dbbe5c8,2025-10-01
2025-10-01,2025-10-01 18:30:12.762672,AAPL,255.45,2025-10-03,1,305.0,CALL,0.01,0.0,0.01,3,273,0.6406,0.0,0.0,-0.0,0.0,0.0,0.8375,0.0,0.01,98040c929828,2025-10-01
2025-10-01,2025-10-01 18:30:12.762954,AAPL,255.45,2025-10-03,1,310.0,CALL,0.01,0.0,0.01,1,382,0.6875,0.0,0.0,-0.0,0.0,0.0,0.824,0.0,0.01,47d0d1441621,2025-10-01
2025-10-01,2025-10-01 18:30:12.763240,AAPL,255.45,2025-10-03,1,315.0,CALL,0.02,0.0,0.01,2,85,0.75,0.0,0.0,-0.0,0.0,0.0,0.811,0.0,0.02,6f5823107e94,2025-10-01
2025-10-01,2025-10-01 18:30:12.763522,AAPL,255.45,2025-10-03,1,320.0,CALL,0.01,0.0,0.01,4,140,0.7813,0.0,0.0,-0.0,0.0,0.0,0.7983,0.0,0.01,3811207f4e19,2025-10-01
2025-10-01,2025-10-01 18:30:12.763800,AAPL,255.45,2025-10-03,1,325.0,CALL,0.01,0.0,0.01,2,127,0.8438,0.0,0.0,-0.0,0.0,0.0,0.786,0.0,0.01,8d4b76795b59,2025-10-01
2025-10-01,2025-10-01 18:30:12.764234,AAPL,255.45,2025-10-03,1,110.0,PUT,0.01,0.0,0.01,10,62,2.8125,-0.0,0.0,-0.0,0.0,-0.0,2.3223,0.0,0.01,be3adcdf91ca,2025-10-01
2025-10-01,2025-10-01 18:30:12.764529,AAPL,255.45,2025-10-03,1,120.0,PUT,0.01,0.0,0.01,29,134,2.5,-0.0,0.0,-0.0,0.0,-0.0,2.1287,0.0,0.01,a3cc55aced3a,2025-10-01
2025-10-01,2025-10-01 18:30:12.764814,AAPL,255.45,2025-10-03,1,125.0,PUT,0.02,0.0,0.01,0,2,2.375,-0.0,0.0,-0.0,0.0,-0.0,2.0436,0.0,0.02,20ec48823674,2025-10-01
2025-10-01,2025-10-01 18:30:12.765102,AAPL,255.45,2025-10-03,1,130.0,PUT,0.01,0.0,0.01,567,622,2.25,-0.0,0.0,-0.0,0.0,-0.0,1.965,0.0,0.01,524b470752fd,2025-10-01
2025-10-01,2025-10-01 18:30:12.765387,AAPL,255.45,2025-10-03,1,135.0,PUT,0.01,0.0,0.01,20,259,2.125,-0.0,0.0,-0.0,0.0,-0.0,1.8922,0.0,0.01,f299d765815d,2025-10-01
2025-10-01,2025-10-01 18:30:12.765665,AAPL,255.45,2025-10-03,1,140.0,PUT,0.01,0.0,0.01,0,100,2.0,-0.0,0.0,-0.0,0.0,-0.0,1.8246,0.0,0.01,f3db091ceeb6,2025-10-01
2025-10-01,2025-10-01 18:30:12.765942,AAPL,255.45,2025-10-03,1,145.0,PUT,0.02,0.0,0.01,0,16,1.9375,-0.0,0.0,-0.0,0.0,-0.0,1.7617,0.0,0.02,6fab9d3322da,2025-10-01
2025-10-01,2025-10-01 18:30:12.766222,AAPL,255.45,2025-10-03,1,150.0,PUT,0.02,0.0,0.01,1,18,1.8125,-0.0,0.0,-0.0,0.0,-0.0,1.703,0.0,0.02,bc92463f8b18,2025-10-01
2025-10-01,2025-10-01 18:30:12.766489,AAPL,255.45,2025-10-03,1,155.0,PUT,0.01,0.0,0.01,6,18,1.6875,-0.0,0.0,-0.0,0.0,-0.0,1.6481,0.0,0.01,7e90aa3b2507,2025-10-01
2025-10-01,2025-10-01 18:30:12.766751,AAPL,255.45,2025-10-03,1,160.0,PUT,0.01,0.0,0.01,50,149,1.5938,-0.0,0.0,-0.0,0.0,-0.0,1.5966,0.0,0.01,4333912b512f,2025-10-01
2025-10-01,2025-10-01 18:30:12.767010,AAPL,255.45,2025-10-03,1,165.0,PUT,0.01,0.0,0.01,1,169,1.5,-0.0,0.0,-0.0,0.0,-0.0,1.5482,0.0,0.01,8b36de0e4ef2,2025-10-01
2025-10-01,2025-10-01 18:30:12.767276,AAPL,255.45,2025-10-03,1,170.0,PUT,0.01,0.0,0.01,5,324,1.4063,-0.0,0.0,-0.0,0.0,-0.0,1.5026,0.0,0.01,cb941d81811c,2025-10-01
2025-10-01,2025-10-01 18:30:12.767536,AAPL,255.45,2025-10-03,1,175.0,PUT,0.01,0.0,0.01,19,140,1.3125,-0.0,0.0,-0.0,0.0,-0.0,1.4597,0.0,0.01,d534510b0d56,2025-10-01
2025-10-01,2025-10-01 18:30:12.767792,AAPL,255.45,2025-10-03,1,180.0,PUT,0.01,0.0,0.01,1,756,1.2188,-0.0,0.0,-0.0,0.0,-0.0,1.4192,0.0,0.01,59d0b4f5ceb1,2025-10-01
2025-10-01,2025-10-01 18:30:12.768051,AAPL,255.45,2025-10-03,1,185.0,PUT,0.02,0.0,0.01,1,322,1.125,-0.0,0.0,-0.0,0.0,-0.0,1.3808,0.0,0.02,c2d37be323b7,2025-10-01
2025-10-01,2025-10-01 18:30:12.768308,AAPL,255.45,2025-10-03,1,190.0,PUT,0.01,0.0,0.01,2,737,1.0313,-0.0,0.0,-0.0,0.0,-0.0,1.3445,0.0,0.01,6277919650e1,2025-10-01
2025-10-01,2025-10-01 18:30:12.768565,AAPL,255.45,2025-10-03,1,195.0,PUT,0.01,0.0,0.01,2,1144,0.9688,-0.0,0.0,-0.0,0.0,-0.0,1.31,0.0,0.01,1527b5cf6508,2025-10-01
2025-10-01,2025-10-01 18:30:12.768825,AAPL,255.45,2025-10-03,1,200.0,PUT,0.01,0.0,0.01,1,8048,0.875,-0.0,0.0,-0.0,0.0,-0.0,1.2772,0.0,0.01,7fe8691e8e28,2025-10-01
2025-10-01,2025-10-01 18:30:12.769083,AAPL,255.45,2025-10-03,1,205.0,PUT,0.01,0.0,0.01,3,1185,0.7813,-0.0,0.0,-0.0,0.0,-0.0,1.2461,0.0,0.01,fbf2f040c507,2025-10-01
2025-10-01,2025-10-01 18:30:12.769344,AAPL,255.45,2025-10-03,1,210.0,PUT,0.01,0.0,0.01,17,3237,0.7188,-0.0,0.0,-0.0,0.0,-0.0,1.2164,0.0,0.01,245cf4f644b0,2025-10-01
2025-10-01,2025-10-01 18:30:12.769602,AAPL,255.45,2025-10-03,1,212.5,PUT,0.01,0.0,0.01,5,569,0.6719,-0.0,0.0,-0.0,0.0,-0.0,1.2021,0.0,0.01,0f57e0406b4c,2025-10-01
2025-10-01,2025-10-01 18:30:12.769862,AAPL,255.45,2025-10-03,1,215.0,PUT,0.01,0.0,0.01,3,2345,0.625,-0.0,0.0,-0.0,0.0,-0.0,1.1881,0.0,0.01,16ca6d1836e3,2025-10-01
2025-10-01,2025-10-01 18:30:12.770125,AAPL,255.45,2025-10-03,1,217.5,PUT,0.01,0.0,0.01,2,782,0.5938,-0.0,0.0,-0.0,0.0,-0.0,1.1745,0.0,0.01,8f5621a3b224,2025-10-01
2025-10-01,2025-10-01 18:30:12.770390,AAPL,255.45,2025-10-03,1,220.0,PUT,0.02,0.01,0.02,426,3472,0.6172,-0.0,0.0,-0.0,0.0,-0.0,1.1611,0.0,0.02,e20d814d025b,2025-10-01
2025-10-01,2025-10-01 18:30:12.770650,AAPL,255.45,2025-10-03,1,222.5,PUT,0.01,0.01,0.02,104,450,0.5703,-0.0,0.0,-0.0,0.0,-0.0,1.1481,0.0,0.01,9262efa1172c,2025-10-01
2025-10-01,2025-10-01 18:30:12.770912,AAPL,255.45,2025-10-03,1,225.0,PUT,0.01,0.01,0.02,123,3263,0.5313,-0.0,0.0,-0.0,0.0,-0.0,1.1353,0.0,0.01,3ac718c36f17,2025-10-01
2025-10-01,2025-10-01 18:30:12.771185,AAPL,255.45,2025-10-03,1,227.5,PUT,0.01,0.01,0.02,74,1145,0.5039,-0.0,0.0,-0.0001,0.0,-0.0,1.1229,0.0,0.01,04db376a933a,2025-10-01
2025-10-01,2025-10-01 18:30:12.771452,AAPL,255.45,2025-10-03,1,230.0,PUT,0.02,0.01,0.02,52,3783,0.4609,-0.0,0.0,-0.0001,0.0,-0.0,1.1107,0.0,0.02,cd30e69e46e3,2025-10-01
2025-10-01,2025-10-01 18:30:12.771713,AAPL,255.45,2025-10-03,1,232.5,PUT,0.01,0.01,0.02,85,1895,0.418,-0.0,0.0,-0.0001,0.0,-0.0,1.0987,0.0,0.01,5e54ddf9f5cf,2025-10-01
2025-10-01,2025-10-01 18:30:12.771975,AAPL,255.45,2025-10-03,1,235.0,PUT,0.01,0.01,0.02,354,5085,0.375,-0.0,0.0,-0.0001,0.0,-0.0,1.087,0.0,0.01,f62c57cebb8c,2025-10-01
2025-10-01,2025-10-01 18:30:12.772233,AAPL,255.45,2025-10-03,1,237.5,PUT,0.01,0.01,0.02,729,3167,0.3359,-0.0,0.0,-0.0002,0.0,-0.0,1.0756,0.0,0.01,efa33a4cfae2,2025-10-01
2025-10-01,2025-10-01 18:30:12.772478,AAPL,255.45,2025-10-03,1,240.0,PUT,0.02,0.02,0.03,2220,11846,0.3066,-0.0,0.0,-0.0004,0.0,-0.0,1.0644,0.0,0.02,3ab70c5ddf05,2025-10-01
2025-10-01,2025-10-01 18:30:12.772723,AAPL,255.45,2025-10-03,1,242.5,PUT,0.04,0.03,0.04,2588,5772,0.2734,-0.0001,0.0001,-0.0009,0.0001,-0.0,1.0534,0.0,0.04,a75bd8b1aaa0,2025-10-01
2025-10-01,2025-10-01 18:30:12.772972,AAPL,255.45,2025-10-03,1,245.0,PUT,0.07,0.06,0.08,4720,8536,0.2539,-0.0008,0.0008,-0.0046,0.0004,-0.0,1.0427,0.0,0.07,fd3502b6b0c7,2025-10-01
2025-10-01,2025-10-01 18:30:12.773215,AAPL,255.45,2025-10-03,1,247.5,PUT,0.16,0.15,0.17,7743,9972,0.2373,-0.0052,0.0047,-0.0236,0.002,-0.0,1.0321,0.0,0.16,60cf17563b0b,2025-10-01
2025-10-01,2025-10-01 18:30:12.773459,AAPL,255.45,2025-10-03,1,250.0,PUT,0.37,0.37,0.39,12244,13437,0.2261,-0.033,0.0243,-0.1102,0.0098,-0.0002,1.0218,0.0,0.37,c13a4975b07d,2025-10-01
2025-10-01,2025-10-01 18:30:12.773710,AAPL,255.45,2025-10-03,1,252.5,PUT,0.85,0.85,0.86,13824,6838,0.2175,-0.15,0.0801,-0.3343,0.0312,-0.0011,1.0117,0.0,0.85,35feed0c7322,2025-10-01
2025-10-01,2025-10-01 18:30:12.773954,AAPL,255.45,2025-10-03,1,255.0,PUT,1.7,1.68,1.72,31851,10436,0.2097,-0.4296,0.14,-0.537,0.0525,-0.003,1.0018,0.0,1.7,ae5126e295fd,2025-10-01
2025-10-01,2025-10-01 18:30:12.774203,AAPL,255.45,2025-10-03,1,257.5,PUT,3.05,3.0,3.1,11604,1527,0.2051,-0.7666,0.1116,-0.3953,0.0409,-0.0054,0.992,2.05,1.0,0569e41aa726,2025-10-01
2025-10-01,2025-10-01 18:30:12.774447,AAPL,255.45,2025-10-03,1,260.0,PUT,4.9,4.65,5.05,4455,3579,0.2151,-0.9396,0.0416,-0.142,0.016,-0.0067,0.9825,4.55,0.35,9edc2685ec1d,2025-10-01
2025-10-01,2025-10-01 18:30:12.774692,AAPL,255.45,2025-10-03,1,262.5,PUT,7.15,6.95,7.35,362,1563,0.2437,-0.9829,0.013,-0.0371,0.0057,-0.0071,0.9731,7.05,0.1,a7b5dd93ff3c,2025-10-01
2025-10-01,2025-10-01 18:30:12.774939,AAPL,255.45,2025-10-03,1,265.0,PUT,9.25,9.45,9.8,69,2264,0.2891,-0.992,0.0057,-0.0098,0.0029,-0.0072,0.964,9.55,0.0,520fc097e392,2025-10-01
2025-10-01,2025-10-01 18:30:12.775183,AAPL,255.45,2025-10-03,1,267.5,PUT,11.9,11.8,12.25,39,32,0.3272,-0.9963,0.0025,0.0085,0.0015,-0.0073,0.955,12.05,0.0,a6b0cfd6627d,2025-10-01
2025-10-01,2025-10-01 18:30:12.775433,AAPL,255.45,2025-10-03,1,270.0,PUT,14.4,14.05,14.95,79,453,0.4419,-0.9913,0.004,-0.0367,0.0032,-0.0073,0.9461,14.55,0.0,344dd83f7cd3,2025-10-01
2025-10-01,2025-10-01 18:30:12.775681,AAPL,255.45,2025-10-03,1,272.5,PUT,15.7,16.65,17.45,1,6,0.4961,-0.9933,0.0028,-0.0292,0.0025,-0.0074,0.9374,17.05,0.0,d69cffccf600,2025-10-01
2025-10-01,2025-10-01 18:30:12.775934,AAPL,255.45,2025-10-03,1,275.0,PUT,20.56,19.05,20.05,2,8,0.5776,-0.9922,0.0028,-0.0488,0.0029,-0.0075,0.9289,19.55,1.01,2df905e8d707,2025-10-01
2025-10-01,2025-10-01 18:30:12.776180,AAPL,255.45,2025-10-03,1,277.5,PUT,25.72,21.5,22.45,0,0,0.5986,-0.9956,0.0016,-0.0172,0.0017,-0.0076,0.9205,22.05,3.67,b18f70c5e001,2025-10-01
2025-10-01,2025-10-01 18:30:12.776427,AAPL,255.45,2025-10-03,1,280.0,PUT,28.3,24.1,24.9,3,1,0.6304,-0.9971,0.001,-0.0028,0.0012,-0.0077,0.9123,24.55,3.75,63367ba3fc8d,2025-10-01
2025-10-01,2025-10-01 18:30:12.776672,AAPL,255.45,2025-10-03,1,285.0,PUT,30.2,29.05,29.95,18,0,0.7441,-0.9973,0.0008,-0.0057,0.0011,-0.0078,0.8963,29.55,0.65,ab85c1320af4,2025-10-01
2025-10-01,2025-10-01 18:30:12.776918,AAPL,255.45,2025-10-03,1,287.5,PUT,32.85,31.6,32.45,1,1,0.79,-0.9977,0.0007,-0.0026,0.001,-0.0079,0.8885,32.05,0.8,08ca0a8fe745,2025-10-01
2025-10-01,2025-10-01 18:30:12.777168,AAPL,255.45,2025-10-03,1,305.0,PUT,50.45,49.0,50.05,0,0,1.1367,-0.9984,0.0003,-0.0018,0.0007,-0.0083,0.8375,49.55,0.9,2af25a672e24,2025-10-01
2025-10-01,2025-10-01 18:30:12.777412,AAPL,255.45,2025-10-03,1,310.0,PUT,55.6,54.05,55.0,18,0,1.1953,-0.9989,0.0002,0.0087,0.0005,-0.0085,0.824,54.55,1.05,050d5245212e,2025-10-01
2025-10-01,2025-10-01 18:30:12.777660,AAPL,255.45,2025-10-03,1,315.0,PUT,60.45,59.0,59.9,0,0,1.2197,-0.9994,0.0001,0.0222,0.0003,-0.0086,0.811,59.55,0.9,9f2a10af12e9,2025-10-01
2025-10-01,2025-10-01 18:30:12.777908,AAPL,255.45,2025-10-03,1,325.0,PUT,71.5,69.1,69.95,1,0,1.3965,-0.9994,0.0001,0.0215,0.0003,-0.0089,0.786,69.55,1.95,f85958b6ebdf,2025-10-01
2025-10-01,2025-10-01 18:30:12.866597,AAPL,255.45,2025-10-10,8,110.0,CALL,120.04,144.95,146.4,0,1,2.2168,0.9969,0.0001,-0.0632,0.0036,0.0239,2.3223,145.45,0.0,952ac94c9724,2025-10-01
2025-10-01,2025-10-01 18:30:12.867015,AAPL,255.45,2025-10-10,8,120.0,CALL,136.1,135.0,136.4,0,7,2.0332,0.9961,0.0001,-0.0698,0.0043,0.026,2.1287,135.45,0.65,9e825773ad66,2025-10-01
2025-10-01,2025-10-01 18:30:12.868528,AAPL,255.45,2025-10-10,8,135.0,CALL,120.55,119.95,121.45,0,2,1.7402,0.9954,0.0002,-0.0712,0.005,0.0293,1.8922,120.45,0.1,2015c9b1522b,2025-10-01
2025-10-01,2025-10-01 18:30:12.868927,AAPL,255.45,2025-10-10,8,140.0,CALL,116.35,115.0,116.45,1,4,1.6719,0.9947,0.0002,-0.077,0.0057,0.0303,1.8246,115.45,0.9,888a7b299c79,2025-10-01
2025-10-01,2025-10-01 18:30:12.869326,AAPL,255.45,2025-10-10,8,150.0,CALL,87.76,105.0,106.45,0,1,1.498,0.9941,0.0003,-0.0779,0.0064,0.0325,1.703,105.45,0.0,bebfb2a87de8,2025-10-01
2025-10-01,2025-10-01 18:30:12.869718,AAPL,255.45,2025-10-10,8,160.0,CALL,93.91,95.05,96.45,1,6,1.3525,0.9927,0.0004,-0.0842,0.0077,0.0346,1.5966,95.45,0.0,fe9253fe1252,2025-10-01
2025-10-01,2025-10-01 18:30:12.870110,AAPL,255.45,2025-10-10,8,165.0,CALL,91.99,90.0,91.5,1,1,1.2734,0.9922,0.0004,-0.0846,0.0081,0.0357,1.5482,90.45,1.54,029e1dd3a3a6,2025-10-01
2025-10-01,2025-10-01 18:30:12.870511,AAPL,255.45,2025-10-10,8,170.0,CALL,60.81,85.3,86.5,0,1,1.2754,0.988,0.0006,-0.1149,0.0118,0.0365,1.5026,85.45,0.0,63659c60ddce,2025-10-01
2025-10-01,2025-10-01 18:30:12.870901,AAPL,255.45,2025-10-10,8,175.0,CALL,78.63,80.05,81.5,1,3,1.1348,0.9904,0.0006,-0.0903,0.0097,0.0377,1.4597,80.45,0.0,aec4b4302ea8,2025-10-01
2025-10-01,2025-10-01 18:30:12.871295,AAPL,255.45,2025-10-10,8,180.0,CALL,74.95,75.05,76.5,2,45,1.0606,0.9897,0.0007,-0.0905,0.0104,0.0388,1.4192,75.45,0.0,22f65675a89e,2025-10-01
2025-10-01,2025-10-01 18:30:12.871684,AAPL,255.45,2025-10-10,8,185.0,CALL,68.85,70.15,71.5,2,4,1.0117,0.9873,0.0009,-0.1007,0.0124,0.0398,1.3808,70.45,0.0,2f8329cc1a4c,2025-10-01
2025-10-01,2025-10-01 18:30:12.872070,AAPL,255.45,2025-10-10,8,190.0,CALL,63.95,65.25,66.5,1,25,0.96,0.9846,0.0011,-0.1106,0.0146,0.0407,1.3445,65.45,0.0,3b2d7e5bb071,2025-10-01
2025-10-01,2025-10-01 18:30:12.872470,AAPL,255.45,2025-10-10,8,195.0,CALL,60.42,60.3,61.15,1,109,0.8252,0.9887,0.001,-0.0816,0.0112,0.042,1.31,60.45,0.0,c049a5d15b6e,2025-10-01
2025-10-01,2025-10-01 18:30:12.872857,AAPL,255.45,2025-10-10,8,200.0,CALL,54.6,55.3,56.55,51,129,0.8335,0.98,0.0015,-0.1195,0.0183,0.0426,1.2772,55.45,0.0,b18552d98e5d,2025-10-01
2025-10-01,2025-10-01 18:30:12.873192,AAPL,255.45,2025-10-10,8,205.0,CALL,49.4,50.4,51.2,3,65,0.7212,0.9831,0.0015,-0.0961,0.0158,0.0439,1.2461,50.45,0.0,c86c0bc4e055,2025-10-01
2025-10-01,2025-10-01 18:30:12.873529,AAPL,255.45,2025-10-10,8,210.0,CALL,47.0,45.45,46.1,5,160,0.6455,0.9825,0.0018,-0.0913,0.0163,0.045,1.2164,45.45,1.55,20d0d5a3ca6b,2025-10-01
2025-10-01,2025-10-01 18:30:12.873871,AAPL,255.45,2025-10-10,8,215.0,CALL,42.13,40.5,41.6,11,282,0.6538,0.9671,0.003,-0.1389,0.0278,0.0452,1.1881,40.45,1.68,86138a8e3f71,2025-10-01
2025-10-01,2025-10-01 18:30:12.874209,AAPL,255.45,2025-10-10,8,217.5,CALL,39.3,37.95,39.0,2,8,0.6011,0.9688,0.0031,-0.1257,0.0266,0.0458,1.1745,37.95,1.35,9f5416b6417d,2025-10-01
2025-10-01,2025-10-01 18:30:12.874547,AAPL,255.45,2025-10-10,8,220.0,CALL,36.01,35.45,36.35,33,649,0.5488,0.9707,0.0032,-0.1127,0.0252,0.0465,1.1611,35.45,0.56,cb15cad93e16,2025-10-01
2025-10-01,2025-10-01 18:30:12.874883,AAPL,255.45,2025-10-10,8,222.5,CALL,34.31,32.85,33.95,12,20,0.5147,0.9688,0.0036,-0.1119,0.0266,0.0469,1.1481,32.95,1.36,5906a479ff72,2025-10-01
2025-10-01,2025-10-01 18:30:12.875222,AAPL,255.45,2025-10-10,8,225.0,CALL,32.05,30.55,31.05,62,655,0.5122,0.9577,0.0047,-0.1355,0.0341,0.0468,1.1353,30.45,1.6,4a177e26a4f7,2025-10-01
2025-10-01,2025-10-01 18:30:12.875566,AAPL,255.45,2025-10-10,8,227.5,CALL,29.39,27.65,28.95,1,207,0.5418,0.9328,0.0063,-0.1924,0.0492,0.0459,1.1229,27.95,1.44,9be2a90b1ffb,2025-10-01
2025-10-01,2025-10-01 18:30:12.875904,AAPL,255.45,2025-10-10,8,230.0,CALL,26.01,25.4,26.5,37,1434,0.51,0.9252,0.0073,-0.1962,0.0534,0.046,1.1107,25.45,0.56,7388004e0942,2025-10-01
2025-10-01,2025-10-01 18:30:12.876244,AAPL,255.45,2025-10-10,8,232.5,CALL,24.56,23.0,23.8,10,147,0.4441,0.9305,0.0079,-0.1665,0.0505,0.0469,1.0987,22.95,1.61,8ab364347ae4,2025-10-01
2025-10-01,2025-10-01 18:30:12.876579,AAPL,255.45,2025-10-10,8,235.0,CALL,20.9,20.35,21.3,87,2335,0.4063,0.9242,0.0093,-0.1635,0.054,0.0471,1.087,20.45,0.45,a9568e19cbe1,2025-10-01
2025-10-01,2025-10-01 18:30:12.876914,AAPL,255.45,2025-10-10,8,237.5,CALL,18.6,18.15,19.15,24,137,0.4092,0.8942,0.0118,-0.2026,0.0691,0.0459,1.0756,17.95,0.65,4b7f2b124bf2,2025-10-01
2025-10-01,2025-10-01 18:30:12.877253,AAPL,255.45,2025-10-10,8,240.0,CALL,16.4,15.8,16.4,459,2800,0.3411,0.8998,0.0136,-0.168,0.0665,0.0468,1.0644,15.45,0.95,3fabe3e829b3,2025-10-01
2025-10-01,2025-10-01 18:30:12.877595,AAPL,255.45,2025-10-10,8,242.5,CALL,13.95,13.6,13.9,99,1795,0.301,0.8872,0.0168,-0.1625,0.0724,0.0466,1.0534,12.95,1.0,3a6175ad7113,2025-10-01
2025-10-01,2025-10-01 18:30:12.877927,AAPL,255.45,2025-10-10,8,245.0,CALL,11.65,11.4,11.55,372,5379,0.2743,0.8584,0.0216,-0.171,0.0848,0.0455,1.0427,10.45,1.2,75bc865d4bed,2025-10-01
2025-10-01,2025-10-01 18:30:12.878273,AAPL,255.45,2025-10-10,8,247.5,CALL,9.41,9.2,9.5,340,795,0.2672,0.8006,0.0277,-0.2006,0.1057,0.0428,1.0321,7.95,1.46,5387aa9d5c0d,2025-10-01
2025-10-01,2025-10-01 18:30:12.878610,AAPL,255.45,2025-10-10,8,250.0,CALL,7.45,7.35,7.45,3577,26106,0.2499,0.735,0.0347,-0.2157,0.1239,0.0396,1.0218,5.45,2.0,e25fc6bad970,2025-10-01
2025-10-01,2025-10-01 18:30:12.878933,AAPL,255.45,2025-10-10,8,252.5,CALL,5.68,5.55,5.65,1446,4041,0.2387,0.6459,0.0412,-0.2295,0.1407,0.035,1.0117,2.95,2.73,2ddd5930ea63,2025-10-01
2025-10-01,2025-10-01 18:30:12.879229,AAPL,255.45,2025-10-10,8,255.0,CALL,4.1,4.05,4.15,8243,8612,0.2327,0.5387,0.0451,-0.2349,0.1502,0.0293,1.0018,0.45,3.65,23bdc0760542,2025-10-01
2025-10-01,2025-10-01 18:30:12.879532,AAPL,255.45,2025-10-10,8,257.5,CALL,2.84,2.81,2.91,14217,4477,0.2272,0.4241,0.0456,-0.2234,0.1481,0.0232,0.992,0.0,2.84,3011aade4c89,2025-10-01
2025-10-01,2025-10-01 18:30:12.879833,AAPL,255.45,2025-10-10,8,260.0,CALL,1.9,1.89,1.93,29435,10458,0.2219,0.3118,0.0421,-0.1951,0.1337,0.0171,0.9825,0.0,1.9,ff888d87206d,2025-10-01
2025-10-01,2025-10-01 18:30:12.880133,AAPL,255.45,2025-10-10,8,262.5,CALL,1.25,1.21,1.26,11355,4904,0.2214,0.2165,0.035,-0.1603,0.111,0.0119,0.9731,0.0,1.25,60cf7c5c65dc,2025-10-01
2025-10-01,2025-10-01 18:30:12.880435,AAPL,255.45,2025-10-10,8,265.0,CALL,0.8,0.79,0.81,9406,4707,0.2232,0.1435,0.0268,-0.1238,0.0856,0.0079,0.964,0.0,0.8,3e91ee242b2a,2025-10-01
2025-10-01,2025-10-01 18:30:12.880739,AAPL,255.45,2025-10-10,8,267.5,CALL,0.51,0.5,0.52,1244,1666,0.2268,0.0923,0.0193,-0.0916,0.0626,0.0051,0.955,0.0,0.51,dd69eb536961,2025-10-01
2025-10-01,2025-10-01 18:30:12.881040,AAPL,255.45,2025-10-10,8,270.0,CALL,0.34,0.32,0.34,7695,12022,0.2324,0.0589,0.0134,-0.0663,0.0444,0.0033,0.9461,0.0,0.34,8a644eb2e7d7,2025-10-01
2025-10-01,2025-10-01 18:30:12.881336,AAPL,255.45,2025-10-10,8,272.5,CALL,0.22,0.21,0.23,1141,2442,0.2402,0.0383,0.0091,-0.0484,0.0314,0.0021,0.9374,0.0,0.22,337ce3881078,2025-10-01
2025-10-01,2025-10-01 18:30:12.881633,AAPL,255.45,2025-10-10,8,275.0,CALL,0.16,0.15,0.16,1388,7456,0.249,0.0253,0.0063,-0.0355,0.0223,0.0014,0.9289,0.0,0.16,feab38566d2e,2025-10-01
2025-10-01,2025-10-01 18:30:12.881937,AAPL,255.45,2025-10-10,8,280.0,CALL,0.09,0.07,0.08,651,1989,0.2666,0.0113,0.0029,-0.019,0.0112,0.0006,0.9123,0.0,0.09,6081e1879a19,2025-10-01
2025-10-01,2025-10-01 18:30:12.882235,AAPL,255.45,2025-10-10,8,285.0,CALL,0.05,0.04,0.05,363,1146,0.29,0.0061,0.0016,-0.0121,0.0066,0.0003,0.8963,0.0,0.05,7eee7530dd11,2025-10-01
2025-10-01,2025-10-01 18:30:12.882536,AAPL,255.45,2025-10-10,8,290.0,CALL,0.03,0.02,0.03,233,801,0.3086,0.0031,0.0008,-0.0071,0.0036,0.0002,0.8809,0.0,0.03,0d621264a24e,2025-10-01
2025-10-01,2025-10-01 18:30:12.882835,AAPL,255.45,2025-10-10,8,295.0,CALL,0.01,0.01,0.03,649,1231,0.3457,0.0028,0.0007,-0.0072,0.0033,0.0002,0.8659,0.0,0.01,b0c691fef5cd,2025-10-01
2025-10-01,2025-10-01 18:30:12.883138,AAPL,255.45,2025-10-10,8,300.0,CALL,0.01,0.0,0.01,315,1483,0.3399,0.0008,0.0002,-0.0023,0.0011,0.0,0.8515,0.0,0.01,3bd855d874e5,2025-10-01
2025-10-01,2025-10-01 18:30:12.883446,AAPL,255.45,2025-10-10,8,305.0,CALL,0.02,0.0,0.02,1,296,0.3984,0.0015,0.0003,-0.0048,0.0019,0.0001,0.8375,0.0,0.02,c2564954a3bc,2025-10-01
2025-10-01,2025-10-01 18:30:12.883749,AAPL,255.45,2025-10-10,8,310.0,CALL,0.01,0.0,0.01,1,450,0.4023,0.0007,0.0002,-0.0023,0.0009,0.0,0.824,0.0,0.01,4c55956939b4,2025-10-01
2025-10-01,2025-10-01 18:30:12.884048,AAPL,255.45,2025-10-10,8,315.0,CALL,0.03,0.0,0.01,0,63,0.4297,0.0006,0.0001,-0.0021,0.0008,0.0,0.811,0.0,0.03,2a919cfe8bf0,2025-10-01
2025-10-01,2025-10-01 18:30:12.884352,AAPL,255.45,2025-10-10,8,320.0,CALL,0.02,0.0,0.01,0,189,0.4609,0.0006,0.0001,-0.0022,0.0008,0.0,0.7983,0.0,0.02,cef6c3c65746,2025-10-01
2025-10-01,2025-10-01 18:30:12.884653,AAPL,255.45,2025-10-10,8,325.0,CALL,0.01,0.0,0.01,5,29,0.4922,0.0006,0.0001,-0.0023,0.0008,0.0,0.786,0.0,0.01,75b936a88ce6,2025-10-01
2025-10-01,2025-10-01 18:30:12.885032,AAPL,255.45,2025-10-10,8,120.0,PUT,0.01,0.0,0.01,0,34,1.375,-0.0001,0.0,-0.0009,0.0001,-0.0,2.1287,0.0,0.01,e49b7cee0bc3,2025-10-01
2025-10-01,2025-10-01 18:30:12.885780,AAPL,255.45,2025-10-10,8,125.0,PUT,0.01,0.0,0.01,1,2,1.3125,-0.0001,0.0,-0.001,0.0001,-0.0,2.0436,0.0,0.01,ddc3d2b906d6,2025-10-01
2025-10-01,2025-10-01 18:30:12.886064,AAPL,255.45,2025-10-10,8,135.0,PUT,0.01,0.0,0.01,80,103,1.1875,-0.0001,0.0,-0.0011,0.0001,-0.0,1.8922,0.0,0.01,2a4a848ac222,2025-10-01
2025-10-01,2025-10-01 18:30:12.886353,AAPL,255.45,2025-10-10,8,140.0,PUT,0.01,0.0,0.01,0,110,1.125,-0.0001,0.0,-0.0011,0.0002,-0.0,1.8246,0.0,0.01,5b557a6a070f,2025-10-01
2025-10-01,2025-10-01 18:30:12.886634,AAPL,255.45,2025-10-10,8,145.0,PUT,0.02,0.0,0.01,0,15,1.0625,-0.0001,0.0,-0.0011,0.0002,-0.0,1.7617,0.0,0.02,f87dd0f95a24,2025-10-01
2025-10-01,2025-10-01 18:30:12.886914,AAPL,255.45,2025-10-10,8,150.0,PUT,0.01,0.0,0.01,1,7,0.9844,-0.0001,0.0,-0.0009,0.0001,-0.0,1.703,0.0,0.01,c547115fa29d,2025-10-01
2025-10-01,2025-10-01 18:30:12.887199,AAPL,255.45,2025-10-10,8,155.0,PUT,0.01,0.0,0.01,191,212,0.9375,-0.0001,0.0,-0.001,0.0002,-0.0,1.6481,0.0,0.01,7269334c358e,2025-10-01
2025-10-01,2025-10-01 18:30:12.887479,AAPL,255.45,2025-10-10,8,160.0,PUT,0.01,0.0,0.01,227,318,0.875,-0.0001,0.0,-0.0009,0.0002,-0.0,1.5966,0.0,0.01,5e8a84b2654a,2025-10-01
2025-10-01,2025-10-01 18:30:12.887755,AAPL,255.45,2025-10-10,8,165.0,PUT,0.02,0.0,0.01,1,298,0.8125,-0.0001,0.0,-0.0008,0.0002,-0.0,1.5482,0.0,0.02,0ae71d48f6af,2025-10-01
2025-10-01,2025-10-01 18:30:12.888031,AAPL,255.45,2025-10-10,8,170.0,PUT,0.01,0.0,0.02,10,278,0.8125,-0.0003,0.0,-0.002,0.0004,-0.0,1.5026,0.0,0.01,85a7071c494d,2025-10-01
2025-10-01,2025-10-01 18:30:12.888310,AAPL,255.45,2025-10-10,8,175.0,PUT,0.02,0.0,0.02,109,134,0.7656,-0.0003,0.0,-0.0022,0.0005,-0.0,1.4597,0.0,0.02,36fcf90eb5c5,2025-10-01
2025-10-01,2025-10-01 18:30:12.888588,AAPL,255.45,2025-10-10,8,180.0,PUT,0.02,0.0,0.02,960,302,0.7031,-0.0003,0.0,-0.0019,0.0004,-0.0,1.4192,0.0,0.02,d04e0fba43fc,2025-10-01
2025-10-01,2025-10-01 18:30:12.888867,AAPL,255.45,2025-10-10,8,185.0,PUT,0.02,0.01,0.02,380,550,0.6797,-0.0005,0.0001,-0.0031,0.0007,-0.0,1.3808,0.0,0.02,faa917da3300,2025-10-01
2025-10-01,2025-10-01 18:30:12.889144,AAPL,255.45,2025-10-10,8,190.0,PUT,0.02,0.01,0.03,216,675,0.6484,-0.0008,0.0001,-0.0044,0.0011,-0.0,1.3445,0.0,0.02,10c3d21ec5b5,2025-10-01
2025-10-01,2025-10-01 18:30:12.889421,AAPL,255.45,2025-10-10,8,195.0,PUT,0.02,0.01,0.03,107,347,0.5938,-0.0009,0.0001,-0.0042,0.0011,-0.0001,1.31,0.0,0.02,990592e3530d,2025-10-01
2025-10-01,2025-10-01 18:30:12.889694,AAPL,255.45,2025-10-10,8,200.0,PUT,0.02,0.02,0.04,492,1149,0.5664,-0.0015,0.0002,-0.0064,0.0018,-0.0001,1.2772,0.0,0.02,8b8cbdf24bca,2025-10-01
2025-10-01,2025-10-01 18:30:12.889969,AAPL,255.45,2025-10-10,8,205.0,PUT,0.04,0.03,0.04,2,3790,0.5234,-0.0019,0.0003,-0.0075,0.0023,-0.0001,1.2461,0.0,0.04,4e7e313599c4,2025-10-01
2025-10-01,2025-10-01 18:30:12.890248,AAPL,255.45,2025-10-10,8,210.0,PUT,0.04,0.03,0.04,107,1185,0.4785,-0.0024,0.0004,-0.0085,0.0029,-0.0001,1.2164,0.0,0.04,e98ac2794239,2025-10-01
2025-10-01,2025-10-01 18:30:12.890530,AAPL,255.45,2025-10-10,8,215.0,PUT,0.04,0.03,0.05,208,1077,0.4395,-0.0035,0.0006,-0.0108,0.004,-0.0002,1.1881,0.0,0.04,86d70da43353,2025-10-01
2025-10-01,2025-10-01 18:30:12.890800,AAPL,255.45,2025-10-10,8,217.5,PUT,0.05,0.04,0.06,460,726,0.4219,-0.0044,0.0008,-0.0126,0.0049,-0.0002,1.1745,0.0,0.05,35f294c072d7,2025-10-01
2025-10-01,2025-10-01 18:30:12.891057,AAPL,255.45,2025-10-10,8,220.0,PUT,0.06,0.05,0.06,725,5642,0.3965,-0.0048,0.0009,-0.0129,0.0053,-0.0003,1.1611,0.0,0.06,ef1fccc6f839,2025-10-01
2025-10-01,2025-10-01 18:30:12.891312,AAPL,255.45,2025-10-10,8,222.5,PUT,0.07,0.05,0.07,31,226,0.377,-0.0059,0.0012,-0.0147,0.0063,-0.0003,1.1481,0.0,0.07,17746c2bda15,2025-10-01
2025-10-01,2025-10-01 18:30:12.891569,AAPL,255.45,2025-10-10,8,225.0,PUT,0.07,0.06,0.08,233,2535,0.3574,-0.0073,0.0015,-0.0168,0.0076,-0.0004,1.1353,0.0,0.07,eb1696ddf8e9,2025-10-01
2025-10-01,2025-10-01 18:30:12.891829,AAPL,255.45,2025-10-10,8,227.5,PUT,0.09,0.07,0.09,107,346,0.3359,-0.0088,0.0019,-0.0186,0.009,-0.0005,1.1229,0.0,0.09,3eda02f859de,2025-10-01
2025-10-01,2025-10-01 18:30:12.892087,AAPL,255.45,2025-10-10,8,230.0,PUT,0.1,0.09,0.1,298,2715,0.3135,-0.0106,0.0024,-0.0204,0.0106,-0.0006,1.1107,0.0,0.1,89dcc62ebb23,2025-10-01
2025-10-01,2025-10-01 18:30:12.892348,AAPL,255.45,2025-10-10,8,232.5,PUT,0.11,0.11,0.12,89,1226,0.294,-0.0136,0.0031,-0.0238,0.0132,-0.0008,1.0987,0.0,0.11,75c2e6ada382,2025-10-01
2025-10-01,2025-10-01 18:30:12.892612,AAPL,255.45,2025-10-10,8,235.0,PUT,0.16,0.15,0.17,674,2399,0.2822,-0.0206,0.0047,-0.0325,0.0188,-0.0012,1.087,0.0,0.16,102be20074fc,2025-10-01
2025-10-01,2025-10-01 18:30:12.892868,AAPL,255.45,2025-10-10,8,237.5,PUT,0.22,0.21,0.22,265,1069,0.2656,-0.0289,0.0066,-0.0405,0.0249,-0.0016,1.0756,0.0,0.22,975074cdc8ed,2025-10-01
2025-10-01,2025-10-01 18:30:12.893128,AAPL,255.45,2025-10-10,8,240.0,PUT,0.31,0.3,0.32,513,3334,0.2546,-0.0446,0.0098,-0.0552,0.0356,-0.0025,1.0644,0.0,0.31,7ede93a5cf78,2025-10-01
2025-10-01,2025-10-01 18:30:12.893388,AAPL,255.45,2025-10-10,8,242.5,PUT,0.46,0.45,0.47,1775,1323,0.2441,-0.0688,0.0144,-0.0743,0.0501,-0.0039,1.0534,0.0,0.46,1ff7d0a1cd25,2025-10-01
2025-10-01,2025-10-01 18:30:12.893652,AAPL,255.45,2025-10-10,8,245.0,PUT,0.68,0.68,0.7,1727,2893,0.2346,-0.106,0.0206,-0.0981,0.0692,-0.006,1.0427,0.0,0.68,d2458dd06435,2025-10-01
2025-10-01,2025-10-01 18:30:12.893912,AAPL,255.45,2025-10-10,8,247.5,PUT,1.05,0.99,1.06,3548,2824,0.2274,-0.1623,0.0286,-0.1268,0.0929,-0.0092,1.0321,0.0,1.05,5b6dfa9f7967,2025-10-01
2025-10-01,2025-10-01 18:30:12.894177,AAPL,255.45,2025-10-10,8,250.0,PUT,1.55,1.55,1.6,3509,3389,0.2221,-0.2412,0.0371,-0.1559,0.1179,-0.0138,1.0218,0.0,1.55,5b618f146305,2025-10-01
2025-10-01,2025-10-01 18:30:12.894435,AAPL,255.45,2025-10-10,8,252.5,PUT,2.27,2.27,2.3,2672,1304,0.2138,-0.3394,0.0453,-0.1741,0.1385,-0.0194,1.0117,0.0,2.27,f608eac52078,2025-10-01
2025-10-01,2025-10-01 18:30:12.894694,AAPL,255.45,2025-10-10,8,255.0,PUT,3.27,3.25,3.35,3838,2577,0.2119,-0.4589,0.0495,-0.184,0.1501,-0.0263,1.0018,0.0,3.27,e52d2400da9d,2025-10-01
2025-10-01,2025-10-01 18:30:12.894950,AAPL,255.45,2025-10-10,8,257.5,PUT,4.52,4.5,4.65,2942,598,0.2085,-0.5838,0.0495,-0.1734,0.1475,-0.0336,0.992,2.05,2.47,30bfd184261b,2025-10-01
2025-10-01,2025-10-01 18:30:12.895207,AAPL,255.45,2025-10-10,8,260.0,PUT,6.15,6.05,6.4,470,426,0.2167,-0.6927,0.0429,-0.1575,0.1329,-0.0401,0.9825,4.55,1.6,eb4cfe46f118,2025-10-01
2025-10-01,2025-10-01 18:30:12.895465,AAPL,255.45,2025-10-10,8,262.5,PUT,7.9,7.9,8.25,95,184,0.2168,-0.7886,0.0353,-0.1225,0.1094,-0.0459,0.9731,7.05,0.85,9f1c921ec4be,2025-10-01
2025-10-01,2025-10-01 18:30:12.895739,AAPL,255.45,2025-10-10,8,265.0,PUT,10.0,9.85,10.3,53,223,0.2173,-0.8631,0.0267,-0.0842,0.0829,-0.0505,0.964,9.55,0.45,bea115b366a0,2025-10-01
2025-10-01,2025-10-01 18:30:12.895998,AAPL,255.45,2025-10-10,8,267.5,PUT,12.25,12.1,12.6,11,26,0.2305,-0.904,0.0195,-0.0628,0.0644,-0.0533,0.955,12.05,0.2,465022bd55e1,2025-10-01
2025-10-01,2025-10-01 18:30:12.896256,AAPL,255.45,2025-10-10,8,270.0,PUT,13.74,14.3,14.95,67,101,0.242,-0.9333,0.0141,-0.0428,0.0489,-0.0554,0.9461,14.55,0.0,4cc52f45ae8d,2025-10-01
2025-10-01,2025-10-01 18:30:12.896511,AAPL,255.45,2025-10-10,8,272.5,PUT,16.59,16.6,17.55,4,1,0.2869,-0.9301,0.0124,-0.0595,0.0507,-0.0558,0.9374,17.05,0.0,98eac975c7e8,2025-10-01
2025-10-01,2025-10-01 18:30:12.896764,AAPL,255.45,2025-10-10,8,275.0,PUT,19.43,19.25,19.85,3,17,0.2817,-0.9576,0.0085,-0.0276,0.0342,-0.0579,0.9289,19.55,0.0,6cbc11f15e0c,2025-10-01
2025-10-01,2025-10-01 18:30:12.897010,AAPL,255.45,2025-10-10,8,280.0,PUT,23.6,24.05,24.8,6,5,0.3228,-0.9697,0.0056,-0.0188,0.026,-0.0596,0.9123,24.55,0.0,c0fc193cd99c,2025-10-01
2025-10-01,2025-10-01 18:30:12.897253,AAPL,255.45,2025-10-10,8,290.0,PUT,36.46,34.0,35.0,2,0,0.4688,-0.9624,0.0046,-0.0563,0.031,-0.0614,0.8809,34.55,1.91,57b347e69bcf,2025-10-01
2025-10-01,2025-10-01 18:30:12.897498,AAPL,255.45,2025-10-10,8,295.0,PUT,42.75,39.2,39.9,2,0,0.4932,-0.9727,0.0034,-0.0379,0.0238,-0.0631,0.8659,39.55,3.2,5da81440a7ed,2025-10-01
2025-10-01,2025-10-01 18:30:12.897747,AAPL,255.45,2025-10-10,8,300.0,PUT,46.68,44.1,44.95,1,0,0.5523,-0.9721,0.0031,-0.0474,0.0242,-0.0642,0.8515,44.55,2.13,f3e7b8d50980,2025-10-01
2025-10-01,2025-10-01 18:30:12.897990,AAPL,255.45,2025-10-10,8,310.0,PUT,55.7,54.1,54.95,3,0,0.6411,-0.9762,0.0023,-0.0475,0.0212,-0.0666,0.824,54.55,1.15,c72167be98dc,2025-10-01
2025-10-01,2025-10-01 18:30:12.982230,AAPL,255.45,2025-10-17,15,90.0,CALL,165.75,164.75,166.65,2,21,2.1055,0.9961,0.0001,-0.0529,0.006,0.0364,2.8383,165.45,0.3,51a81ed06229,2025-10-01
2025-10-01,2025-10-01 18:30:12.982553,AAPL,255.45,2025-10-17,15,95.0,CALL,160.4,160.0,161.75,0,2,2.1543,0.9936,0.0002,-0.0787,0.0094,0.0382,2.6889,160.45,0.0,cd11f59d4830,2025-10-01
2025-10-01,2025-10-01 18:30:12.982867,AAPL,255.45,2025-10-17,15,100.0,CALL,146.12,154.8,156.7,5,20,1.9512,0.995,0.0001,-0.0611,0.0075,0.0404,2.5545,155.45,0.0,fdce4c6c410e,2025-10-01
2025-10-01,2025-10-01 18:30:12.983176,AAPL,255.45,2025-10-17,15,105.0,CALL,110.26,122.4,124.25,2,14,0.0,1.0,0.0,-0.0129,0.0,0.0431,2.4329,150.45,0.0,1472ee1d37a9,2025-10-01
2025-10-01,2025-10-01 18:30:12.983486,AAPL,255.45,2025-10-17,15,110.0,CALL,121.0,144.8,146.7,345,462,1.7676,0.9944,0.0002,-0.0622,0.0083,0.0445,2.3223,145.45,0.0,13a6f75db849,2025-10-01
2025-10-01,2025-10-01 18:30:12.983790,AAPL,255.45,2025-10-17,15,115.0,CALL,112.7,129.8,132.05,1,99,0.0,1.0,0.0,-0.0142,0.0,0.0472,2.2213,140.45,0.0,0d1841f4d343,2025-10-01
2025-10-01,2025-10-01 18:30:12.984091,AAPL,255.45,2025-10-17,15,120.0,CALL,91.56,107.8,109.05,1,67,0.0,1.0,0.0,-0.0148,0.0,0.0492,2.1287,135.45,0.0,faaf163f3252,2025-10-01
2025-10-01,2025-10-01 18:30:12.984397,AAPL,255.45,2025-10-17,15,125.0,CALL,114.66,129.8,131.8,3,19,1.5527,0.9925,0.0003,-0.0704,0.0107,0.0504,2.0436,130.45,0.0,44037398b811,2025-10-01
2025-10-01,2025-10-01 18:30:12.984696,AAPL,255.45,2025-10-17,15,130.0,CALL,124.4,124.85,126.75,10,164,1.4746,0.9921,0.0003,-0.0707,0.0112,0.0524,1.965,125.45,0.0,3ec373055b00,2025-10-01
2025-10-01,2025-10-01 18:30:12.984994,AAPL,255.45,2025-10-17,15,135.0,CALL,119.0,119.8,121.8,2,73,1.4004,0.9917,0.0003,-0.0711,0.0117,0.0544,1.8922,120.45,0.0,16cafacf157a,2025-10-01
2025-10-01,2025-10-01 18:30:12.985295,AAPL,255.45,2025-10-17,15,140.0,CALL,114.3,114.9,116.8,18,82,1.3545,0.9902,0.0004,-0.0781,0.0136,0.0563,1.8246,115.45,0.0,d7f64d77efd1,2025-10-01
2025-10-01,2025-10-01 18:30:12.985601,AAPL,255.45,2025-10-17,15,145.0,CALL,109.53,109.85,111.85,1,178,1.2842,0.9896,0.0004,-0.0785,0.0143,0.0583,1.7617,110.45,0.0,cb2be17e4b3b,2025-10-01
2025-10-01,2025-10-01 18:30:12.985900,AAPL,255.45,2025-10-17,15,150.0,CALL,104.46,105.15,106.8,1,729,1.269,0.9863,0.0005,-0.0948,0.0182,0.0599,1.703,105.45,0.0,07325b02ca65,2025-10-01
2025-10-01,2025-10-01 18:30:12.986199,AAPL,255.45,2025-10-17,15,155.0,CALL,99.54,99.85,101.85,3,176,1.1484,0.9884,0.0005,-0.0788,0.0157,0.0623,1.6481,100.45,0.0,c40d5e1d8325,2025-10-01
2025-10-01,2025-10-01 18:30:12.986503,AAPL,255.45,2025-10-17,15,160.0,CALL,95.94,95.35,96.85,25,324,1.1748,0.9817,0.0007,-0.1099,0.0232,0.0635,1.5966,95.45,0.49,f972f067f890,2025-10-01
2025-10-01,2025-10-01 18:30:12.986803,AAPL,255.45,2025-10-17,15,165.0,CALL,91.49,90.05,91.55,1,236,0.9995,0.9883,0.0006,-0.0725,0.0158,0.0664,1.5482,90.45,1.04,d765faec2130,2025-10-01
2025-10-01,2025-10-01 18:30:12.987081,AAPL,255.45,2025-10-17,15,170.0,CALL,86.48,85.5,86.3,78,659,0.9785,0.9847,0.0008,-0.0856,0.02,0.068,1.5026,85.45,1.03,59e51758c3f8,2025-10-01
2025-10-01,2025-10-01 18:30:12.987356,AAPL,255.45,2025-10-17,15,175.0,CALL,80.45,79.85,81.5,3,1043,0.8232,0.9909,0.0006,-0.0562,0.0127,0.0708,1.4597,80.45,0.0,3a4cca297bd7,2025-10-01
2025-10-01,2025-10-01 18:30:12.987632,AAPL,255.45,2025-10-17,15,180.0,CALL,76.59,75.1,77.0,34,1723,0.9028,0.978,0.0011,-0.1032,0.0272,0.0714,1.4192,75.45,1.14,90b29b554430,2025-10-01
2025-10-01,2025-10-01 18:30:12.987910,AAPL,255.45,2025-10-17,15,185.0,CALL,71.97,70.45,71.3,13,658,0.7925,0.9822,0.0011,-0.0823,0.0228,0.0739,1.3808,70.45,1.52,1c85a8480c76,2025-10-01
2025-10-01,2025-10-01 18:30:12.988181,AAPL,255.45,2025-10-17,15,190.0,CALL,67.14,64.95,66.3,9,1408,0.6397,0.9909,0.0007,-0.0502,0.0127,0.0769,1.3445,65.45,1.69,4ad0d4980f59,2025-10-01
2025-10-01,2025-10-01 18:30:12.988454,AAPL,255.45,2025-10-17,15,195.0,CALL,61.69,60.25,61.35,4,1877,0.6582,0.9823,0.0013,-0.0729,0.0226,0.078,1.31,60.45,1.24,6ebd1640aa86,2025-10-01
2025-10-01,2025-10-01 18:30:12.988728,AAPL,255.45,2025-10-17,15,200.0,CALL,55.95,55.4,56.3,6,2956,0.6196,0.9786,0.0016,-0.0787,0.0266,0.0797,1.2772,55.45,0.5,38804f77a00f,2025-10-01
2025-10-01,2025-10-01 18:30:12.989008,AAPL,255.45,2025-10-17,15,205.0,CALL,52.0,50.15,51.5,9,11055,0.5601,0.9778,0.0018,-0.0756,0.0274,0.0817,1.2461,50.45,1.55,fb98dcedb506,2025-10-01
2025-10-01,2025-10-01 18:30:12.989278,AAPL,255.45,2025-10-17,15,210.0,CALL,46.29,45.85,46.3,96,20287,0.561,0.9637,0.0027,-0.1017,0.0412,0.0822,1.2164,45.45,0.84,6985a1b5474c,2025-10-01
2025-10-01,2025-10-01 18:30:12.989548,AAPL,255.45,2025-10-17,15,215.0,CALL,42.4,40.65,41.4,55,13156,0.5559,0.9455,0.0038,-0.1307,0.0572,0.0822,1.1881,40.45,1.95,4b738164a1e3,2025-10-01
2025-10-01,2025-10-01 18:30:12.989824,AAPL,255.45,2025-10-17,15,217.5,CALL,38.74,38.2,38.9,2,30,0.5266,0.9426,0.0042,-0.1294,0.0596,0.0829,1.1745,37.95,0.79,c7fb530539d5,2025-10-01
2025-10-01,2025-10-01 18:30:12.990101,AAPL,255.45,2025-10-17,15,220.0,CALL,36.2,35.8,36.45,94,13333,0.5037,0.9373,0.0047,-0.1322,0.0639,0.0834,1.1611,35.45,0.75,4b4de81f12ca,2025-10-01
2025-10-01,2025-10-01 18:30:12.990385,AAPL,255.45,2025-10-17,15,222.5,CALL,32.97,33.25,34.7,4,15,0.554,0.9036,0.006,-0.1875,0.0885,0.0806,1.1481,32.95,0.02,f20edff543ba,2025-10-01
2025-10-01,2025-10-01 18:30:12.990660,AAPL,255.45,2025-10-17,15,225.0,CALL,31.23,30.95,31.4,268,14088,0.439,0.9321,0.0058,-0.1248,0.0679,0.0849,1.1353,30.45,0.78,9792b0108096,2025-10-01
2025-10-01,2025-10-01 18:30:12.990939,AAPL,255.45,2025-10-17,15,227.5,CALL,29.0,28.15,29.55,10,103,0.4753,0.8979,0.0072,-0.1708,0.0922,0.0821,1.1229,27.95,1.05,a47864458e35,2025-10-01
2025-10-01,2025-10-01 18:30:12.991213,AAPL,255.45,2025-10-17,15,230.0,CALL,26.2,26.1,26.45,750,19742,0.386,0.9198,0.0074,-0.1249,0.0771,0.0856,1.1107,25.45,0.75,afa14a5f522d,2025-10-01
2025-10-01,2025-10-01 18:30:12.991486,AAPL,255.45,2025-10-17,15,232.5,CALL,24.27,23.5,24.25,4,41,0.3849,0.8978,0.0089,-0.1437,0.0923,0.0842,1.0987,22.95,1.32,4861c8073c3c,2025-10-01
2025-10-01,2025-10-01 18:30:12.991766,AAPL,255.45,2025-10-17,15,235.0,CALL,21.62,21.25,21.55,584,18322,0.3357,0.901,0.01,-0.1266,0.0902,0.0857,1.087,20.45,1.17,6c8185dcb485,2025-10-01
2025-10-01,2025-10-01 18:30:12.992045,AAPL,255.45,2025-10-17,15,237.5,CALL,19.15,18.7,19.4,74,173,0.334,0.8723,0.0121,-0.1455,0.1082,0.0835,1.0756,17.95,1.2,b1aee4e65899,2025-10-01
2025-10-01,2025-10-01 18:30:12.992320,AAPL,255.45,2025-10-17,15,240.0,CALL,16.85,16.55,16.95,1052,28683,0.3051,0.8576,0.0143,-0.1435,0.1166,0.083,1.0644,15.45,1.4,dcb8eaf5f93b,2025-10-01
2025-10-01,2025-10-01 18:30:12.992598,AAPL,255.45,2025-10-17,15,242.5,CALL,15.0,14.35,14.75,38,325,0.2919,0.8264,0.017,-0.1534,0.1328,0.0807,1.0534,12.95,2.05,9e2f0655d893,2025-10-01
2025-10-01,2025-10-01 18:30:12.992867,AAPL,255.45,2025-10-17,15,245.0,CALL,12.48,12.25,12.5,632,17787,0.2715,0.7939,0.0203,-0.157,0.1476,0.0782,1.0427,10.45,2.03,f91ecac9fe3f,2025-10-01
2025-10-01,2025-10-01 18:30:12.993122,AAPL,255.45,2025-10-17,15,247.5,CALL,10.55,10.35,10.45,213,2120,0.2587,0.7468,0.0239,-0.1651,0.1657,0.0741,1.0321,7.95,2.6,64b5a5d2097d,2025-10-01
2025-10-01,2025-10-01 18:30:12.993376,AAPL,255.45,2025-10-17,15,250.0,CALL,8.57,8.45,8.6,1960,35630,0.2504,0.6868,0.0273,-0.1737,0.1835,0.0686,1.0218,5.45,3.12,41f7ec833f91,2025-10-01
2025-10-01,2025-10-01 18:30:12.993633,AAPL,255.45,2025-10-17,15,252.5,CALL,7.0,6.8,6.9,974,2343,0.2421,0.6175,0.0304,-0.1781,0.1976,0.062,1.0117,2.95,4.05,5f91c783fae3,2025-10-01
2025-10-01,2025-10-01 18:30:12.993894,AAPL,255.45,2025-10-17,15,255.0,CALL,5.41,5.3,5.45,5613,22385,0.2377,0.5395,0.0323,-0.1792,0.2056,0.0544,1.0018,0.45,4.96,3b5abc0af5b7,2025-10-01
2025-10-01,2025-10-01 18:30:12.994148,AAPL,255.45,2025-10-17,15,257.5,CALL,4.1,4.05,4.15,5840,7740,0.2314,0.4572,0.0331,-0.1723,0.2054,0.0463,0.992,0.0,4.1,9b8f745e98f7,2025-10-01
2025-10-01,2025-10-01 18:30:12.994405,AAPL,255.45,2025-10-17,15,260.0,CALL,3.1,3.0,3.1,8808,29410,0.2277,0.3747,0.0322,-0.1604,0.1963,0.0381,0.9825,0.0,3.1,d75875e7c269,2025-10-01
2025-10-01,2025-10-01 18:30:12.994666,AAPL,255.45,2025-10-17,15,262.5,CALL,2.24,2.2,2.3,3143,7393,0.2271,0.2987,0.0295,-0.1451,0.1797,0.0305,0.9731,0.0,2.24,6c7391eab04e,2025-10-01
2025-10-01,2025-10-01 18:30:12.994924,AAPL,255.45,2025-10-17,15,265.0,CALL,1.62,1.59,1.67,7238,15015,0.2268,0.2311,0.0259,-0.1263,0.1577,0.0236,0.964,0.0,1.62,fcc3a9958741,2025-10-01
2025-10-01,2025-10-01 18:30:12.995180,AAPL,255.45,2025-10-17,15,267.5,CALL,1.14,1.13,1.18,1749,453,0.2261,0.173,0.0219,-0.1052,0.1325,0.0177,0.955,0.0,1.14,4893d82598e1,2025-10-01
2025-10-01,2025-10-01 18:30:12.995440,AAPL,255.45,2025-10-17,15,270.0,CALL,0.81,0.81,0.83,10920,17410,0.2269,0.127,0.0177,-0.0854,0.1078,0.013,0.9461,0.0,0.81,96a4df72b4ed,2025-10-01
2025-10-01,2025-10-01 18:30:12.995692,AAPL,255.45,2025-10-17,15,272.5,CALL,0.59,0.58,0.6,303,504,0.2306,0.0935,0.014,-0.0694,0.0865,0.0096,0.9374,0.0,0.59,83c6b75175a6,2025-10-01
2025-10-01,2025-10-01 18:30:12.995945,AAPL,255.45,2025-10-17,15,275.0,CALL,0.44,0.42,0.44,2004,10712,0.2354,0.069,0.0109,-0.0561,0.0688,0.0071,0.9289,0.0,0.44,7df601674717,2025-10-01
2025-10-01,2025-10-01 18:30:12.996202,AAPL,255.45,2025-10-17,15,280.0,CALL,0.24,0.23,0.25,1199,10823,0.2476,0.0387,0.0065,-0.037,0.0434,0.004,0.9123,0.0,0.24,4d8962ed54f4,2025-10-01
2025-10-01,2025-10-01 18:30:12.996458,AAPL,255.45,2025-10-17,15,285.0,CALL,0.13,0.13,0.14,308,3186,0.2578,0.021,0.0038,-0.0231,0.0262,0.0022,0.8963,0.0,0.13,7a867d642472,2025-10-01
2025-10-01,2025-10-01 18:30:12.996715,AAPL,255.45,2025-10-17,15,290.0,CALL,0.09,0.08,0.09,774,3246,0.2734,0.013,0.0024,-0.0162,0.0173,0.0013,0.8809,0.0,0.09,79587e661095,2025-10-01
2025-10-01,2025-10-01 18:30:12.996974,AAPL,255.45,2025-10-17,15,295.0,CALL,0.05,0.05,0.06,73,4160,0.2881,0.0081,0.0015,-0.0113,0.0115,0.0008,0.8659,0.0,0.05,6a313752f51a,2025-10-01
2025-10-01,2025-10-01 18:30:12.997230,AAPL,255.45,2025-10-17,15,300.0,CALL,0.02,0.03,0.04,290,12530,0.3027,0.0053,0.001,-0.0081,0.0078,0.0005,0.8515,0.0,0.02,59c62d040eaa,2025-10-01
2025-10-01,2025-10-01 18:30:12.997484,AAPL,255.45,2025-10-17,15,305.0,CALL,0.02,0.02,0.03,710,1177,0.3184,0.0036,0.0007,-0.0061,0.0056,0.0004,0.8375,0.0,0.02,b51026c38587,2025-10-01
2025-10-01,2025-10-01 18:30:12.997737,AAPL,255.45,2025-10-17,15,310.0,CALL,0.02,0.01,0.02,22,1767,0.3301,0.0023,0.0004,-0.0042,0.0038,0.0002,0.824,0.0,0.02,26cc31a1c80d,2025-10-01
2025-10-01,2025-10-01 18:30:12.997994,AAPL,255.45,2025-10-17,15,315.0,CALL,0.02,0.0,0.02,57,587,0.3555,0.0022,0.0004,-0.0043,0.0036,0.0002,0.811,0.0,0.02,365ab33c1263,2025-10-01
2025-10-01,2025-10-01 18:30:12.998249,AAPL,255.45,2025-10-17,15,320.0,CALL,0.01,0.0,0.02,9,1303,0.3789,0.002,0.0003,-0.0043,0.0034,0.0002,0.7983,0.0,0.01,c69640354ffd,2025-10-01
2025-10-01,2025-10-01 18:30:12.998502,AAPL,255.45,2025-10-17,15,325.0,CALL,0.01,0.0,0.01,3,642,0.375,0.001,0.0002,-0.0021,0.0017,0.0001,0.786,0.0,0.01,34919480bc57,2025-10-01
2025-10-01,2025-10-01 18:30:12.998752,AAPL,255.45,2025-10-17,15,330.0,CALL,0.02,0.0,0.01,81,874,0.3984,0.0009,0.0002,-0.0022,0.0017,0.0001,0.7741,0.0,0.02,9861cb722bb3,2025-10-01
2025-10-01,2025-10-01 18:30:12.998996,AAPL,255.45,2025-10-17,15,335.0,CALL,0.01,0.0,0.01,20,82,0.4219,0.0009,0.0001,-0.0024,0.0017,0.0001,0.7625,0.0,0.01,9c0017169c84,2025-10-01
2025-10-01,2025-10-01 18:30:12.999235,AAPL,255.45,2025-10-17,15,340.0,CALL,0.01,0.0,0.01,35,153,0.4375,0.0008,0.0001,-0.0021,0.0014,0.0001,0.7513,0.0,0.01,867e0e0535d2,2025-10-01
2025-10-01,2025-10-01 18:30:12.999475,AAPL,255.45,2025-10-17,15,345.0,CALL,0.01,0.0,0.01,1,391,0.4609,0.0008,0.0001,-0.0023,0.0014,0.0001,0.7404,0.0,0.01,a6dcd5549ed7,2025-10-01
2025-10-01,2025-10-01 18:30:12.999714,AAPL,255.45,2025-10-17,15,350.0,CALL,0.01,0.0,0.0,150,450,0.25,0.0,0.0,-0.0,0.0,0.0,0.7299,0.0,0.01,e9d1aae104d3,2025-10-01
2025-10-01,2025-10-01 18:30:12.999951,AAPL,255.45,2025-10-17,15,355.0,CALL,0.01,0.0,0.01,25,225,0.5,0.0007,0.0001,-0.0022,0.0013,0.0001,0.7196,0.0,0.01,93dce602dd02,2025-10-01
2025-10-01,2025-10-01 18:30:13.000194,AAPL,255.45,2025-10-17,15,360.0,CALL,0.01,0.0,0.01,1,1497,0.5156,0.0007,0.0001,-0.0021,0.0012,0.0001,0.7096,0.0,0.01,ba3688c218a1,2025-10-01
2025-10-01,2025-10-01 18:30:13.000433,AAPL,255.45,2025-10-17,15,370.0,CALL,0.01,0.0,0.01,16,2844,0.5313,0.0004,0.0,-0.0013,0.0007,0.0,0.6904,0.0,0.01,aac810e8f9e2,2025-10-01
2025-10-01,2025-10-01 18:30:13.000762,AAPL,255.45,2025-10-17,15,90.0,PUT,0.01,0.0,0.01,6,955,1.4375,-0.0001,0.0,-0.0009,0.0002,-0.0,2.8383,0.0,0.01,0e578f8ebcd2,2025-10-01
2025-10-01,2025-10-01 18:30:13.001025,AAPL,255.45,2025-10-17,15,95.0,PUT,0.01,0.0,0.01,1,1136,1.375,-0.0001,0.0,-0.001,0.0002,-0.0,2.6889,0.0,0.01,7f6f581b39b4,2025-10-01
2025-10-01,2025-10-01 18:30:13.001275,AAPL,255.45,2025-10-17,15,100.0,PUT,0.01,0.0,0.01,3,860,1.3125,-0.0001,0.0,-0.0011,0.0003,-0.0,2.5545,0.0,0.01,5f4822044369,2025-10-01
2025-10-01,2025-10-01 18:30:13.001516,AAPL,255.45,2025-10-17,15,105.0,PUT,0.02,0.0,0.01,1,292,1.25,-0.0001,0.0,-0.0011,0.0003,-0.0,2.4329,0.0,0.02,a2553b788541,2025-10-01
2025-10-01,2025-10-01 18:30:13.001757,AAPL,255.45,2025-10-17,15,110.0,PUT,0.01,0.0,0.01,5,615,1.1875,-0.0001,0.0,-0.0011,0.0003,-0.0,2.3223,0.0,0.01,a4c7cf82ca6e,2025-10-01
2025-10-01,2025-10-01 18:30:13.002012,AAPL,255.45,2025-10-17,15,115.0,PUT,0.01,0.0,0.01,20,595,1.125,-0.0001,0.0,-0.0011,0.0003,-0.0,2.2213,0.0,0.01,b0cd82c56dce,2025-10-01
2025-10-01,2025-10-01 18:30:13.002253,AAPL,255.45,2025-10-17,15,120.0,PUT,0.01,0.0,0.01,1,5856,1.0625,-0.0001,0.0,-0.001,0.0003,-0.0,2.1287,0.0,0.01,fc98981269a2,2025-10-01
2025-10-01,2025-10-01 18:30:13.002497,AAPL,255.45,2025-10-17,15,125.0,PUT,0.01,0.0,0.01,10,1642,1.0,-0.0001,0.0,-0.0009,0.0003,-0.0,2.0436,0.0,0.01,e6fe2022dcd5,2025-10-01
2025-10-01,2025-10-01 18:30:13.002744,AAPL,255.45,2025-10-17,15,130.0,PUT,0.01,0.0,0.01,2,1186,0.9375,-0.0001,0.0,-0.0008,0.0003,-0.0,1.965,0.0,0.01,1f0763d38d5a,2025-10-01
2025-10-01,2025-10-01 18:30:13.002990,AAPL,255.45,2025-10-17,15,135.0,PUT,0.02,0.0,0.02,70,1505,0.9531,-0.0003,0.0,-0.002,0.0006,-0.0,1.8922,0.0,0.02,c409132e7f17,2025-10-01
2025-10-01,2025-10-01 18:30:13.003235,AAPL,255.45,2025-10-17,15,140.0,PUT,0.01,0.0,0.02,41,1692,0.9063,-0.0004,0.0,-0.0021,0.0007,-0.0,1.8246,0.0,0.01,083dd2713fd0,2025-10-01
2025-10-01,2025-10-01 18:30:13.003478,AAPL,255.45,2025-10-17,15,145.0,PUT,0.02,0.01,0.02,1,4283,0.8828,-0.0005,0.0,-0.0029,0.001,-0.0001,1.7617,0.0,0.02,2ba559017f23,2025-10-01
2025-10-01,2025-10-01 18:30:13.003718,AAPL,255.45,2025-10-17,15,150.0,PUT,0.01,0.01,0.02,9,11445,0.8281,-0.0005,0.0,-0.0027,0.001,-0.0001,1.703,0.0,0.01,428618d30521,2025-10-01
2025-10-01,2025-10-01 18:30:13.003961,AAPL,255.45,2025-10-17,15,155.0,PUT,0.02,0.01,0.03,23,3064,0.8047,-0.0008,0.0001,-0.0038,0.0014,-0.0001,1.6481,0.0,0.02,0601298ae158,2025-10-01
2025-10-01,2025-10-01 18:30:13.004206,AAPL,255.45,2025-10-17,15,160.0,PUT,0.02,0.01,0.03,14,14277,0.7578,-0.0009,0.0001,-0.0038,0.0015,-0.0001,1.5966,0.0,0.02,8e69f3eeaec5,2025-10-01
2025-10-01,2025-10-01 18:30:13.004454,AAPL,255.45,2025-10-17,15,165.0,PUT,0.03,0.02,0.17,383,5575,0.8379,-0.0038,0.0003,-0.0163,0.0059,-0.0004,1.5482,0.0,0.03,bf60d23133c3,2025-10-01
2025-10-01,2025-10-01 18:30:13.004695,AAPL,255.45,2025-10-17,15,170.0,PUT,0.04,0.03,0.17,335,6991,0.791,-0.0043,0.0003,-0.017,0.0065,-0.0005,1.5026,0.0,0.04,f631f8fa2d00,2025-10-01
2025-10-01,2025-10-01 18:30:13.004924,AAPL,255.45,2025-10-17,15,175.0,PUT,0.03,0.03,0.04,109,4556,0.6563,-0.0017,0.0002,-0.0062,0.0029,-0.0002,1.4597,0.0,0.03,c9f246656796,2025-10-01
2025-10-01,2025-10-01 18:30:13.005157,AAPL,255.45,2025-10-17,15,180.0,PUT,0.05,0.03,0.05,141,11652,0.6211,-0.0021,0.0002,-0.0071,0.0035,-0.0002,1.4192,0.0,0.05,19914570adf9,2025-10-01
2025-10-01,2025-10-01 18:30:13.005394,AAPL,255.45,2025-10-17,15,185.0,PUT,0.05,0.04,0.06,803,9371,0.5898,-0.0028,0.0003,-0.0086,0.0044,-0.0003,1.3808,0.0,0.05,2ccb7a01fb62,2025-10-01
2025-10-01,2025-10-01 18:30:13.005624,AAPL,255.45,2025-10-17,15,190.0,PUT,0.06,0.05,0.07,58,14554,0.5586,-0.0036,0.0004,-0.0103,0.0056,-0.0004,1.3445,0.0,0.06,4318dc07d0ec,2025-10-01
2025-10-01,2025-10-01 18:30:13.005857,AAPL,255.45,2025-10-17,15,195.0,PUT,0.06,0.05,0.07,663,9774,0.5137,-0.0039,0.0004,-0.0101,0.006,-0.0004,1.31,0.0,0.06,a43e4524e7c6,2025-10-01
2025-10-01,2025-10-01 18:30:13.006086,AAPL,255.45,2025-10-17,15,200.0,PUT,0.08,0.06,0.09,190,16860,0.4941,-0.006,0.0007,-0.0143,0.0088,-0.0007,1.2772,0.0,0.08,f945d449d95c,2025-10-01
2025-10-01,2025-10-01 18:30:13.006315,AAPL,255.45,2025-10-17,15,205.0,PUT,0.08,0.07,0.08,36,12126,0.4434,-0.006,0.0007,-0.0128,0.0088,-0.0006,1.2461,0.0,0.08,b3560050e1ec,2025-10-01
2025-10-01,2025-10-01 18:30:13.006546,AAPL,255.45,2025-10-17,15,210.0,PUT,0.09,0.08,0.1,381,28664,0.4121,-0.008,0.001,-0.0153,0.0113,-0.0009,1.2164,0.0,0.09,66dc144435b9,2025-10-01
2025-10-01,2025-10-01 18:30:13.006775,AAPL,255.45,2025-10-17,15,215.0,PUT,0.11,0.1,0.12,550,16533,0.3784,-0.0105,0.0014,-0.0178,0.0143,-0.0011,1.1881,0.0,0.11,ac4687b31724,2025-10-01
2025-10-01,2025-10-01 18:30:13.007004,AAPL,255.45,2025-10-17,15,217.5,PUT,0.11,0.11,0.13,115,423,0.3604,-0.0118,0.0017,-0.0188,0.0159,-0.0013,1.1745,0.0,0.11,fc1693424feb,2025-10-01
2025-10-01,2025-10-01 18:30:13.007235,AAPL,255.45,2025-10-17,15,220.0,PUT,0.13,0.13,0.14,156,21532,0.3423,-0.0134,0.0019,-0.0199,0.0178,-0.0014,1.1611,0.0,0.13,1380aef85a7e,2025-10-01
2025-10-01,2025-10-01 18:30:13.007464,AAPL,255.45,2025-10-17,15,222.5,PUT,0.14,0.14,0.16,57,246,0.3272,-0.016,0.0024,-0.0221,0.0208,-0.0017,1.1481,0.0,0.14,ea97006bd3ce,2025-10-01
2025-10-01,2025-10-01 18:30:13.007697,AAPL,255.45,2025-10-17,15,225.0,PUT,0.18,0.17,0.19,836,13041,0.3135,-0.0198,0.003,-0.0253,0.0248,-0.0021,1.1353,0.0,0.18,56391346fb4b,2025-10-01
2025-10-01,2025-10-01 18:30:13.007927,AAPL,255.45,2025-10-17,15,227.5,PUT,0.2,0.2,0.22,46,1289,0.2979,-0.0239,0.0036,-0.0281,0.0291,-0.0026,1.1229,0.0,0.2,0ab3e7714c04,2025-10-01
2025-10-01,2025-10-01 18:30:13.008157,AAPL,255.45,2025-10-17,15,230.0,PUT,0.25,0.25,0.27,619,13542,0.2852,-0.0303,0.0046,-0.0328,0.0355,-0.0033,1.1107,0.0,0.25,e7e4c84742cf,2025-10-01
2025-10-01,2025-10-01 18:30:13.008388,AAPL,255.45,2025-10-17,15,232.5,PUT,0.33,0.31,0.34,740,3105,0.2739,-0.0395,0.006,-0.0391,0.0442,-0.0042,1.0987,0.0,0.33,be519109d925,2025-10-01
2025-10-01,2025-10-01 18:30:13.008617,AAPL,255.45,2025-10-17,15,235.0,PUT,0.42,0.41,0.43,1627,8840,0.2622,-0.0514,0.0078,-0.0461,0.0546,-0.0055,1.087,0.0,0.42,838fb753bb9d,2025-10-01
2025-10-01,2025-10-01 18:30:13.008850,AAPL,255.45,2025-10-17,15,237.5,PUT,0.55,0.55,0.59,862,1702,0.2554,-0.0709,0.0103,-0.0575,0.0702,-0.0076,1.0756,0.0,0.55,796b40d422ac,2025-10-01
2025-10-01,2025-10-01 18:30:13.009083,AAPL,255.45,2025-10-17,15,240.0,PUT,0.76,0.74,0.78,1845,11184,0.2463,-0.0949,0.0132,-0.0687,0.0874,-0.0102,1.0644,0.0,0.76,d6382f984b9b,2025-10-01
2025-10-01,2025-10-01 18:30:13.009313,AAPL,255.45,2025-10-17,15,242.5,PUT,1.03,1.01,1.06,531,4212,0.2396,-0.1285,0.0169,-0.0827,0.1087,-0.0138,1.0534,0.0,1.03,676207140a6d,2025-10-01
2025-10-01,2025-10-01 18:30:13.009540,AAPL,255.45,2025-10-17,15,245.0,PUT,1.4,1.39,1.42,1070,5344,0.2322,-0.171,0.0211,-0.0963,0.1315,-0.0184,1.0427,0.0,1.4,ae9c8483dd92,2025-10-01
2025-10-01,2025-10-01 18:30:13.009769,AAPL,255.45,2025-10-17,15,247.5,PUT,1.88,1.86,2.01,642,4282,0.2317,-0.2309,0.0254,-0.1142,0.1576,-0.0249,1.0321,0.0,1.88,9a572af3fae2,2025-10-01
2025-10-01,2025-10-01 18:30:13.010004,AAPL,255.45,2025-10-17,15,250.0,PUT,2.52,2.51,2.57,2744,8344,0.2212,-0.293,0.03,-0.1218,0.1781,-0.0316,1.0218,0.0,2.52,ebf2ff1ee240,2025-10-01
2025-10-01,2025-10-01 18:30:13.010242,AAPL,255.45,2025-10-17,15,252.5,PUT,3.33,3.3,3.4,916,2283,0.2163,-0.3711,0.0337,-0.1291,0.1957,-0.0402,1.0117,0.0,3.33,167e734526d2,2025-10-01
2025-10-01,2025-10-01 18:30:13.010480,AAPL,255.45,2025-10-17,15,255.0,PUT,4.36,4.3,4.45,1773,5261,0.2127,-0.458,0.036,-0.1307,0.2054,-0.0497,1.0018,0.0,4.36,4b5f304585b8,2025-10-01
2025-10-01,2025-10-01 18:30:13.010706,AAPL,255.45,2025-10-17,15,257.5,PUT,5.62,5.55,5.7,626,1586,0.2085,-0.5494,0.0367,-0.1245,0.205,-0.0598,0.992,2.05,3.57,170fb1224c79,2025-10-01
2025-10-01,2025-10-01 18:30:13.010930,AAPL,255.45,2025-10-17,15,260.0,PUT,7.05,7.0,7.15,588,2306,0.2035,-0.6415,0.0354,-0.1102,0.1935,-0.07,0.9825,4.55,2.5,c727fc13ea02,2025-10-01
2025-10-01,2025-10-01 18:30:13.011154,AAPL,255.45,2025-10-17,15,262.5,PUT,8.65,8.7,8.85,92,149,0.2004,-0.7271,0.032,-0.0911,0.1721,-0.0797,0.9731,7.05,1.6,68574bafe046,2025-10-01
2025-10-01,2025-10-01 18:30:13.011375,AAPL,255.45,2025-10-17,15,265.0,PUT,10.35,10.6,11.0,38,332,0.2136,-0.7832,0.0265,-0.0823,0.152,-0.0865,0.964,9.55,0.8,4cb0954fe153,2025-10-01
2025-10-01,2025-10-01 18:30:13.011595,AAPL,255.45,2025-10-17,15,267.5,PUT,12.6,12.4,12.9,46,42,0.202,-0.8554,0.0217,-0.0509,0.1178,-0.0949,0.955,12.05,0.55,9f9a9dce480f,2025-10-01
2025-10-01,2025-10-01 18:30:13.011819,AAPL,255.45,2025-10-17,15,270.0,PUT,14.8,14.8,15.1,24,92,0.2017,-0.9014,0.0166,-0.0303,0.09,-0.1006,0.9461,14.55,0.25,9fc638450368,2025-10-01
2025-10-01,2025-10-01 18:30:13.012040,AAPL,255.45,2025-10-17,15,275.0,PUT,20.06,19.2,20.05,2,101,0.2429,-0.9244,0.0113,-0.0282,0.0738,-0.105,0.9289,19.55,0.51,c7982fcfe45d,2025-10-01
2025-10-01,2025-10-01 18:30:13.012262,AAPL,255.45,2025-10-17,15,280.0,PUT,24.2,24.2,24.95,22,3,0.2725,-0.9452,0.0079,-0.0194,0.0574,-0.1092,0.9123,24.55,0.0,e7a8facede19,2025-10-01
2025-10-01,2025-10-01 18:30:13.012487,AAPL,255.45,2025-10-17,15,285.0,PUT,29.0,28.85,30.2,4,0,0.3477,-0.9321,0.0073,-0.0457,0.0679,-0.11,0.8963,29.55,0.0,610d83505f4b,2025-10-01
2025-10-01,2025-10-01 18:30:13.012708,AAPL,255.45,2025-10-17,15,290.0,PUT,52.45,34.1,34.95,5,0,0.3511,-0.9574,0.005,-0.0206,0.047,-0.1146,0.8809,34.55,17.9,f5e308c82739,2025-10-01
2025-10-01,2025-10-01 18:30:13.012931,AAPL,255.45,2025-10-17,15,295.0,PUT,68.15,39.05,40.0,2,0,0.397,-0.9578,0.0044,-0.0267,0.0466,-0.1167,0.8659,39.55,28.6,7eaacfe95156,2025-10-01
2025-10-01,2025-10-01 18:30:13.013151,AAPL,255.45,2025-10-17,15,300.0,PUT,44.1,44.2,45.05,3,0,0.4421,-0.958,0.0039,-0.0328,0.0464,-0.1188,0.8515,44.55,0.0,f4c5258101f8,2025-10-01
2025-10-01,2025-10-01 18:30:13.013371,AAPL,255.45,2025-10-17,15,305.0,PUT,78.15,48.85,50.25,1,0,0.511,-0.9497,0.0039,-0.0554,0.0537,-0.12,0.8375,49.55,28.6,d220c8257cc3,2025-10-01
2025-10-01,2025-10-01 18:30:13.013595,AAPL,255.45,2025-10-17,15,315.0,PUT,69.7,58.85,59.85,1,0,0.4995,-0.9773,0.0021,-0.0084,0.0279,-0.1269,0.811,59.55,10.15,0942341fe75c,2025-10-01
2025-10-01,2025-10-01 18:30:13.013817,AAPL,255.45,2025-10-17,15,320.0,PUT,65.4,64.0,64.9,1,0,0.5435,-0.9758,0.002,-0.0148,0.0295,-0.1288,0.7983,64.55,0.85,07924a4d8b43,2025-10-01
2025-10-01,2025-10-01 18:30:13.014036,AAPL,255.45,2025-10-17,15,330.0,PUT,98.75,95.7,96.25,0,0,2.0156,-0.662,0.0035,-1.2397,0.1893,-0.1077,0.7741,74.55,24.2,dc103ac11be6,2025-10-01
2025-10-01,2025-10-01 18:30:13.014257,AAPL,255.45,2025-10-17,15,335.0,PUT,89.55,79.2,80.1,5,0,0.5313,-0.9928,0.0007,0.0226,0.0104,-0.1367,0.7625,79.55,10.0,df8bf88ae77d,2025-10-01
2025-10-01,2025-10-01 18:30:13.014486,AAPL,255.45,2025-10-17,15,355.0,PUT,157.02,0.0,0.0,0,0,0.0,-1.0,0.0,0.0437,0.0,-0.1456,0.7196,99.55,57.47,4a3300887ba7,2025-10-01
2025-10-01,2025-10-01 18:30:13.014707,AAPL,255.45,2025-10-17,15,360.0,PUT,162.01,0.0,0.0,0,0,0.0,-1.0,0.0,0.0443,0.0,-0.1477,0.7096,104.55,57.46,5e28a1f7030e,2025-10-01
2025-10-01,2025-10-01 18:30:13.014928,AAPL,255.45,2025-10-17,15,370.0,PUT,159.95,141.9,142.5,0,0,2.6908,-0.6565,0.0026,-1.6707,0.1905,-0.1258,0.6904,114.55,45.4,a767ccf8c957,2025-10-01
2025-10-02,2025-10-02 19:03:09.028758,AAPL,257.13,2025-10-10,7,110.0,CALL,120.04,146.7,148.05,0,1,2.3789,0.997,0.0001,-0.0693,0.0033,0.0209,2.3375,147.13,0.0,952ac94c9724,2025-10-02
2025-10-02,2025-10-02 19:03:09.038238,AAPL,257.13,2025-10-10,7,120.0,CALL,136.1,136.7,138.05,0,7,2.1523,0.9966,0.0001,-0.0704,0.0036,0.0228,2.1427,137.13,0.0,9e825773ad66,2025-10-02
2025-10-02,2025-10-02 19:03:09.038642,AAPL,257.13,2025-10-10,7,135.0,CALL,120.55,121.7,123.1,0,2,1.8711,0.9956,0.0002,-0.0779,0.0046,0.0256,1.9047,122.13,0.0,2015c9b1522b,2025-10-02
2025-10-02,2025-10-02 19:03:09.039015,AAPL,257.13,2025-10-10,7,140.0,CALL,116.35,116.75,118.1,1,4,1.7969,0.9949,0.0002,-0.084,0.0052,0.0266,1.8366,117.13,0.0,888a7b299c79,2025-10-02
2025-10-02,2025-10-02 19:03:09.039369,AAPL,257.13,2025-10-10,7,150.0,CALL,87.76,106.75,108.1,0,1,1.6113,0.9943,0.0003,-0.0848,0.0058,0.0284,1.7142,107.13,0.0,bebfb2a87de8,2025-10-02
2025-10-02,2025-10-02 19:03:09.039720,AAPL,257.13,2025-10-10,7,160.0,CALL,93.91,96.75,98.1,1,6,1.4385,0.9935,0.0004,-0.086,0.0065,0.0303,1.6071,97.13,0.0,fe9253fe1252,2025-10-02
2025-10-02,2025-10-02 19:03:09.040062,AAPL,257.13,2025-10-10,7,165.0,CALL,91.99,91.7,93.15,1,0,1.3555,0.9931,0.0004,-0.0865,0.0069,0.0313,1.5584,92.13,0.0,029e1dd3a3a6,2025-10-02
2025-10-02,2025-10-02 19:03:09.040408,AAPL,257.13,2025-10-10,7,170.0,CALL,87.87,86.85,88.15,2,1,1.3193,0.9909,0.0005,-0.1031,0.0088,0.0321,1.5125,87.13,0.74,63659c60ddce,2025-10-02
2025-10-02,2025-10-02 19:03:09.040747,AAPL,257.13,2025-10-10,7,175.0,CALL,81.17,81.75,83.2,1,3,1.2246,0.9908,0.0006,-0.0982,0.0088,0.0331,1.4693,82.13,0.0,aec4b4302ea8,2025-10-02
2025-10-02,2025-10-02 19:03:09.041084,AAPL,257.13,2025-10-10,7,180.0,CALL,74.95,76.8,78.15,2,45,1.1465,0.9901,0.0006,-0.0987,0.0094,0.034,1.4285,77.13,0.0,22f65675a89e,2025-10-02
2025-10-02,2025-10-02 19:03:09.041426,AAPL,257.13,2025-10-10,7,185.0,CALL,71.47,71.75,73.2,1,4,1.0693,0.9894,0.0007,-0.0989,0.01,0.0349,1.3899,72.13,0.0,2f8329cc1a4c,2025-10-02
2025-10-02,2025-10-02 19:03:09.041739,AAPL,257.13,2025-10-10,7,190.0,CALL,68.3,66.85,68.1,1,25,0.9941,0.9885,0.0009,-0.0993,0.0107,0.0358,1.3533,67.13,1.17,3b2d7e5bb071,2025-10-02
2025-10-02,2025-10-02 19:03:09.042048,AAPL,257.13,2025-10-10,7,195.0,CALL,62.74,62.05,63.0,1,109,0.9414,0.9859,0.0011,-0.1097,0.0128,0.0366,1.3186,62.13,0.61,c049a5d15b6e,2025-10-02
2025-10-02,2025-10-02 19:03:09.042352,AAPL,257.13,2025-10-10,7,200.0,CALL,58.28,56.9,58.1,29,129,0.8584,0.9854,0.0012,-0.105,0.0132,0.0376,1.2856,57.13,1.15,b18552d98e5d,2025-10-02
2025-10-02,2025-10-02 19:03:09.042654,AAPL,257.13,2025-10-10,7,205.0,CALL,52.72,52.05,53.1,8,65,0.8125,0.9811,0.0016,-0.1199,0.0164,0.0383,1.2543,52.13,0.59,c86c0bc4e055,2025-10-02
2025-10-02,2025-10-02 19:03:09.042958,AAPL,257.13,2025-10-10,7,210.0,CALL,47.51,46.75,47.85,59,165,0.6289,0.9913,0.0011,-0.0633,0.0084,0.0398,1.2244,47.13,0.38,20d0d5a3ca6b,2025-10-02
2025-10-02,2025-10-02 19:03:09.043264,AAPL,257.13,2025-10-10,7,215.0,CALL,42.75,42.35,43.0,63,285,0.6958,0.9722,0.0026,-0.1386,0.0227,0.0398,1.196,42.13,0.62,86138a8e3f71,2025-10-02
2025-10-02,2025-10-02 19:03:09.043568,AAPL,257.13,2025-10-10,7,217.5,CALL,39.85,39.5,40.55,3,10,0.6182,0.9777,0.0024,-0.1096,0.0189,0.0405,1.1822,39.63,0.22,9f5416b6417d,2025-10-02
2025-10-02,2025-10-02 19:03:09.043870,AAPL,257.13,2025-10-10,7,220.0,CALL,38.1,37.15,38.2,546,639,0.6221,0.9688,0.0032,-0.1373,0.025,0.0406,1.1688,37.13,0.97,cb15cad93e16,2025-10-02
2025-10-02,2025-10-02 19:03:09.044168,AAPL,257.13,2025-10-10,7,222.5,CALL,35.3,34.6,35.3,24,32,0.5264,0.979,0.0027,-0.0944,0.018,0.0416,1.1556,34.63,0.67,5906a479ff72,2025-10-02
2025-10-02,2025-10-02 19:03:09.044470,AAPL,257.13,2025-10-10,7,225.0,CALL,32.95,32.2,32.95,103,674,0.5259,0.97,0.0036,-0.1177,0.0242,0.0416,1.1428,32.13,0.82,4a177e26a4f7,2025-10-02
2025-10-02,2025-10-02 19:03:09.044776,AAPL,257.13,2025-10-10,7,227.5,CALL,30.45,29.3,30.45,29,208,0.5647,0.9469,0.0054,-0.1816,0.0385,0.0409,1.1302,29.63,0.82,9be2a90b1ffb,2025-10-02
2025-10-02,2025-10-02 19:03:09.045074,AAPL,257.13,2025-10-10,7,230.0,CALL,27.65,27.3,28.2,134,1444,0.5642,0.9302,0.0067,-0.2183,0.0477,0.0405,1.118,27.13,0.52,7388004e0942,2025-10-02
2025-10-02,2025-10-02 19:03:09.045403,AAPL,257.13,2025-10-10,7,232.5,CALL,25.8,24.5,25.7,140,156,0.5234,0.9247,0.0076,-0.2153,0.0506,0.0407,1.1059,24.63,1.17,8ab364347ae4,2025-10-02
2025-10-02,2025-10-02 19:03:09.045702,AAPL,257.13,2025-10-10,7,235.0,CALL,22.62,22.2,23.05,91,2339,0.4619,0.9268,0.0084,-0.1898,0.0495,0.0413,1.0942,22.13,0.49,a9568e19cbe1,2025-10-02
2025-10-02,2025-10-02 19:03:09.046001,AAPL,257.13,2025-10-10,7,237.5,CALL,20.78,19.55,20.85,93,149,0.4592,0.9022,0.0106,-0.2278,0.0615,0.0405,1.0827,19.63,1.15,4b7f2b124bf2,2025-10-02
2025-10-02,2025-10-02 19:03:09.046302,AAPL,257.13,2025-10-10,7,240.0,CALL,17.57,17.5,18.1,595,2700,0.3872,0.908,0.012,-0.1891,0.0588,0.0413,1.0714,17.13,0.44,3fabe3e829b3,2025-10-02
2025-10-02,2025-10-02 19:03:09.046599,AAPL,257.13,2025-10-10,7,242.5,CALL,15.66,15.05,16.0,64,1820,0.3887,0.871,0.0152,-0.2337,0.0749,0.0399,1.0603,14.63,1.03,3a6175ad7113,2025-10-02
2025-10-02,2025-10-02 19:03:09.046895,AAPL,257.13,2025-10-10,7,245.0,CALL,12.86,12.8,13.05,299,5323,0.2981,0.8873,0.018,-0.1716,0.0681,0.0413,1.0495,12.13,0.73,75bc865d4bed,2025-10-02
2025-10-02,2025-10-02 19:03:09.047195,AAPL,257.13,2025-10-10,7,247.5,CALL,10.6,10.5,10.8,221,934,0.2791,0.8483,0.0236,-0.1923,0.0836,0.0398,1.0389,9.63,0.97,5387aa9d5c0d,2025-10-02
2025-10-02,2025-10-02 19:03:09.047495,AAPL,257.13,2025-10-10,7,250.0,CALL,8.43,8.35,8.6,1338,25951,0.257,0.7974,0.0308,-0.2087,0.1005,0.0377,1.0285,7.13,1.3,e25fc6bad970,2025-10-02
2025-10-02,2025-10-02 19:03:09.047800,AAPL,257.13,2025-10-10,7,252.5,CALL,6.54,6.35,6.65,1884,4035,0.2446,0.7186,0.0387,-0.2319,0.1202,0.0342,1.0183,4.63,1.91,2ddd5930ea63,2025-10-02
2025-10-02,2025-10-02 19:03:09.048103,AAPL,257.13,2025-10-10,7,255.0,CALL,4.87,4.65,4.85,4933,8099,0.2299,0.6196,0.0465,-0.2418,0.1356,0.0297,1.0084,2.13,2.74,23bdc0760542,2025-10-02
2025-10-02,2025-10-02 19:03:09.048384,AAPL,257.13,2025-10-10,7,257.5,CALL,3.3,3.25,3.4,12097,6273,0.2222,0.4987,0.0504,-0.2409,0.1421,0.024,0.9986,0.0,3.3,3011aade4c89,2025-10-02
2025-10-02,2025-10-02 19:03:09.048663,AAPL,257.13,2025-10-10,7,260.0,CALL,2.2,2.16,2.25,40207,16806,0.2161,0.3718,0.0491,-0.2194,0.1347,0.018,0.989,0.0,2.2,ff888d87206d,2025-10-02
2025-10-02,2025-10-02 19:03:09.048942,AAPL,257.13,2025-10-10,7,262.5,CALL,1.39,1.35,1.41,15260,5949,0.212,0.2547,0.0425,-0.181,0.1143,0.0123,0.9795,0.0,1.39,60cf7c5c65dc,2025-10-02
2025-10-02,2025-10-02 19:03:09.049226,AAPL,257.13,2025-10-10,7,265.0,CALL,0.85,0.8,0.89,10898,6988,0.2144,0.1656,0.0326,-0.1408,0.0886,0.008,0.9703,0.0,0.85,3e91ee242b2a,2025-10-02
2025-10-02,2025-10-02 19:03:09.049503,AAPL,257.13,2025-10-10,7,267.5,CALL,0.54,0.49,0.54,2242,1902,0.2166,0.1012,0.023,-0.1007,0.0631,0.0049,0.9612,0.0,0.54,dd69eb536961,2025-10-02
2025-10-02,2025-10-02 19:03:09.049785,AAPL,257.13,2025-10-10,7,270.0,CALL,0.33,0.3,0.33,6204,12024,0.221,0.0603,0.0152,-0.0691,0.0426,0.0029,0.9523,0.0,0.33,8a644eb2e7d7,2025-10-02
2025-10-02,2025-10-02 19:03:09.050062,AAPL,257.13,2025-10-10,7,272.5,CALL,0.21,0.19,0.21,1047,3301,0.228,0.0363,0.0098,-0.0473,0.0284,0.0018,0.9436,0.0,0.21,337ce3881078,2025-10-02
2025-10-02,2025-10-02 19:03:09.050343,AAPL,257.13,2025-10-10,7,275.0,CALL,0.13,0.12,0.14,1848,8223,0.2373,0.0227,0.0064,-0.0332,0.0192,0.0011,0.935,0.0,0.13,feab38566d2e,2025-10-02
2025-10-02,2025-10-02 19:03:09.050620,AAPL,257.13,2025-10-10,7,280.0,CALL,0.07,0.06,0.07,580,2159,0.2578,0.0095,0.0028,-0.0171,0.0091,0.0005,0.9183,0.0,0.07,6081e1879a19,2025-10-02
2025-10-02,2025-10-02 19:03:09.050903,AAPL,257.13,2025-10-10,7,285.0,CALL,0.04,0.03,0.04,660,1262,0.2813,0.0047,0.0014,-0.0099,0.0048,0.0002,0.9022,0.0,0.04,7eee7530dd11,2025-10-02
2025-10-02,2025-10-02 19:03:09.051189,AAPL,257.13,2025-10-10,7,290.0,CALL,0.02,0.01,0.03,45,845,0.3106,0.0029,0.0008,-0.0072,0.0032,0.0001,0.8867,0.0,0.02,0d621264a24e,2025-10-02
2025-10-02,2025-10-02 19:03:09.051469,AAPL,257.13,2025-10-10,7,295.0,CALL,0.02,0.0,0.02,1489,1816,0.3359,0.0018,0.0005,-0.005,0.0021,0.0001,0.8716,0.0,0.02,b0c691fef5cd,2025-10-02
2025-10-02,2025-10-02 19:03:09.051753,AAPL,257.13,2025-10-10,7,300.0,CALL,0.01,0.0,0.01,8,1619,0.3438,0.0007,0.0002,-0.0021,0.0009,0.0,0.8571,0.0,0.01,3bd855d874e5,2025-10-02
2025-10-02,2025-10-02 19:03:09.052032,AAPL,257.13,2025-10-10,7,305.0,CALL,0.01,0.0,0.01,1,296,0.3789,0.0007,0.0002,-0.0022,0.0008,0.0,0.843,0.0,0.01,c2564954a3bc,2025-10-02
2025-10-02,2025-10-02 19:03:09.052308,AAPL,257.13,2025-10-10,7,310.0,CALL,0.01,0.0,0.01,300,450,0.4141,0.0006,0.0002,-0.0024,0.0008,0.0,0.8295,0.0,0.01,4c55956939b4,2025-10-02
2025-10-02,2025-10-02 19:03:09.052579,AAPL,257.13,2025-10-10,7,315.0,CALL,0.03,0.0,0.01,0,63,0.4453,0.0006,0.0001,-0.0023,0.0007,0.0,0.8163,0.0,0.03,2a919cfe8bf0,2025-10-02
2025-10-02,2025-10-02 19:03:09.052838,AAPL,257.13,2025-10-10,7,320.0,CALL,0.02,0.0,0.01,0,189,0.4766,0.0005,0.0001,-0.0023,0.0007,0.0,0.8035,0.0,0.02,cef6c3c65746,2025-10-02
2025-10-02,2025-10-02 19:03:09.053099,AAPL,257.13,2025-10-10,7,325.0,CALL,0.01,0.0,0.01,5,29,0.5,0.0004,0.0001,-0.002,0.0005,0.0,0.7912,0.0,0.01,75b936a88ce6,2025-10-02
2025-10-02,2025-10-02 19:03:09.053513,AAPL,257.13,2025-10-10,7,120.0,PUT,0.01,0.0,0.01,0,34,1.4688,-0.0001,0.0,-0.0009,0.0001,-0.0,2.1427,0.0,0.01,e49b7cee0bc3,2025-10-02
2025-10-02,2025-10-02 19:03:09.053776,AAPL,257.13,2025-10-10,7,125.0,PUT,0.01,0.0,0.01,1,2,1.375,-0.0001,0.0,-0.0007,0.0001,-0.0,2.057,0.0,0.01,ddc3d2b906d6,2025-10-02
2025-10-02,2025-10-02 19:03:09.054041,AAPL,257.13,2025-10-10,7,135.0,PUT,0.01,0.0,0.01,80,103,1.25,-0.0001,0.0,-0.0009,0.0001,-0.0,1.9047,0.0,0.01,2a4a848ac222,2025-10-02
2025-10-02,2025-10-02 19:03:09.054305,AAPL,257.13,2025-10-10,7,140.0,PUT,0.01,0.0,0.01,0,110,1.1875,-0.0001,0.0,-0.0009,0.0001,-0.0,1.8366,0.0,0.01,5b557a6a070f,2025-10-02
2025-10-02,2025-10-02 19:03:09.054564,AAPL,257.13,2025-10-10,7,145.0,PUT,0.02,0.0,0.01,0,15,1.125,-0.0001,0.0,-0.001,0.0001,-0.0,1.7733,0.0,0.02,f87dd0f95a24,2025-10-02
2025-10-02,2025-10-02 19:03:09.054827,AAPL,257.13,2025-10-10,7,150.0,PUT,0.01,0.0,0.01,1,7,1.0625,-0.0001,0.0,-0.001,0.0001,-0.0,1.7142,0.0,0.01,c547115fa29d,2025-10-02
2025-10-02,2025-10-02 19:03:09.055088,AAPL,257.13,2025-10-10,7,155.0,PUT,0.01,0.0,0.03,191,212,1.0938,-0.0003,0.0,-0.0032,0.0004,-0.0,1.6589,0.0,0.01,7269334c358e,2025-10-02
2025-10-02,2025-10-02 19:03:09.055346,AAPL,257.13,2025-10-10,7,160.0,PUT,0.01,0.0,0.01,227,318,0.9375,-0.0001,0.0,-0.0009,0.0001,-0.0,1.6071,0.0,0.01,5e8a84b2654a,2025-10-02
2025-10-02,2025-10-02 19:03:09.055610,AAPL,257.13,2025-10-10,7,165.0,PUT,0.02,0.0,0.01,1,299,0.875,-0.0001,0.0,-0.0008,0.0001,-0.0,1.5584,0.0,0.02,0ae71d48f6af,2025-10-02
2025-10-02,2025-10-02 19:03:09.055869,AAPL,257.13,2025-10-10,7,170.0,PUT,0.01,0.0,0.01,10,278,0.8125,-0.0001,0.0,-0.0007,0.0001,-0.0,1.5125,0.0,0.01,85a7071c494d,2025-10-02
2025-10-02,2025-10-02 19:03:09.056127,AAPL,257.13,2025-10-10,7,175.0,PUT,0.02,0.0,0.01,109,211,0.7656,-0.0001,0.0,-0.0009,0.0002,-0.0,1.4693,0.0,0.02,36fcf90eb5c5,2025-10-02
2025-10-02,2025-10-02 19:03:09.056385,AAPL,257.13,2025-10-10,7,180.0,PUT,0.01,0.0,0.01,289,1057,0.7188,-0.0001,0.0,-0.001,0.0002,-0.0,1.4285,0.0,0.01,d04e0fba43fc,2025-10-02
2025-10-02,2025-10-02 19:03:09.056644,AAPL,257.13,2025-10-10,7,185.0,PUT,0.01,0.0,0.02,361,812,0.7031,-0.0003,0.0,-0.0019,0.0004,-0.0,1.3899,0.0,0.01,faa917da3300,2025-10-02
2025-10-02,2025-10-02 19:03:09.056906,AAPL,257.13,2025-10-10,7,190.0,PUT,0.01,0.01,0.02,7,849,0.6719,-0.0005,0.0001,-0.0029,0.0006,-0.0,1.3533,0.0,0.01,10c3d21ec5b5,2025-10-02
2025-10-02,2025-10-02 19:03:09.057165,AAPL,257.13,2025-10-10,7,195.0,PUT,0.02,0.01,0.03,107,343,0.6406,-0.0008,0.0001,-0.0042,0.0009,-0.0,1.3186,0.0,0.02,990592e3530d,2025-10-02
2025-10-02,2025-10-02 19:03:09.057421,AAPL,257.13,2025-10-10,7,200.0,PUT,0.02,0.01,0.03,24,1449,0.5859,-0.0008,0.0001,-0.0042,0.001,-0.0,1.2856,0.0,0.02,8b8cbdf24bca,2025-10-02
2025-10-02,2025-10-02 19:03:09.057686,AAPL,257.13,2025-10-10,7,205.0,PUT,0.03,0.01,0.03,131,3791,0.5313,-0.0009,0.0002,-0.004,0.0011,-0.0,1.2543,0.0,0.03,4e7e313599c4,2025-10-02
2025-10-02,2025-10-02 19:03:09.057944,AAPL,257.13,2025-10-10,7,210.0,PUT,0.03,0.02,0.04,186,1284,0.5039,-0.0016,0.0003,-0.0066,0.0018,-0.0001,1.2244,0.0,0.03,e98ac2794239,2025-10-02
2025-10-02,2025-10-02 19:03:09.058206,AAPL,257.13,2025-10-10,7,215.0,PUT,0.02,0.03,0.04,225,1100,0.4648,-0.0024,0.0004,-0.0086,0.0026,-0.0001,1.196,0.0,0.02,86d70da43353,2025-10-02
2025-10-02,2025-10-02 19:03:09.058464,AAPL,257.13,2025-10-10,7,217.5,PUT,0.04,0.03,0.05,37,1184,0.4492,-0.0031,0.0006,-0.0107,0.0034,-0.0002,1.1822,0.0,0.04,35f294c072d7,2025-10-02
2025-10-02,2025-10-02 19:03:09.058721,AAPL,257.13,2025-10-10,7,220.0,PUT,0.03,0.03,0.04,334,6025,0.4102,-0.0026,0.0006,-0.0084,0.0029,-0.0001,1.1688,0.0,0.03,ef1fccc6f839,2025-10-02
2025-10-02,2025-10-02 19:03:09.058982,AAPL,257.13,2025-10-10,7,222.5,PUT,0.04,0.04,0.05,176,237,0.3965,-0.0037,0.0008,-0.011,0.0039,-0.0002,1.1556,0.0,0.04,17746c2bda15,2025-10-02
2025-10-02,2025-10-02 19:03:09.059229,AAPL,257.13,2025-10-10,7,225.0,PUT,0.05,0.04,0.06,248,2525,0.377,-0.0047,0.001,-0.0129,0.0048,-0.0002,1.1428,0.0,0.05,eb1696ddf8e9,2025-10-02
2025-10-02,2025-10-02 19:03:09.059474,AAPL,257.13,2025-10-10,7,227.5,PUT,0.05,0.05,0.06,4,354,0.3496,-0.0051,0.0012,-0.0129,0.0052,-0.0003,1.1302,0.0,0.05,3eda02f859de,2025-10-02
2025-10-02,2025-10-02 19:03:09.059718,AAPL,257.13,2025-10-10,7,230.0,PUT,0.06,0.06,0.08,507,2689,0.3359,-0.0074,0.0017,-0.0172,0.0073,-0.0004,1.118,0.0,0.06,89dcc62ebb23,2025-10-02
2025-10-02,2025-10-02 19:03:09.059960,AAPL,257.13,2025-10-10,7,232.5,PUT,0.07,0.07,0.08,44,1276,0.3076,-0.0081,0.002,-0.017,0.0079,-0.0004,1.1059,0.0,0.07,75c2e6ada382,2025-10-02
2025-10-02,2025-10-02 19:03:09.060207,AAPL,257.13,2025-10-10,7,235.0,PUT,0.09,0.09,0.1,356,2576,0.2891,-0.011,0.0028,-0.021,0.0103,-0.0006,1.0942,0.0,0.09,102be20074fc,2025-10-02
2025-10-02,2025-10-02 19:03:09.060450,AAPL,257.13,2025-10-10,7,237.5,PUT,0.12,0.11,0.13,414,1215,0.2725,-0.0159,0.0041,-0.0271,0.0142,-0.0008,1.0827,0.0,0.12,975074cdc8ed,2025-10-02
2025-10-02,2025-10-02 19:03:09.060693,AAPL,257.13,2025-10-10,7,240.0,PUT,0.17,0.16,0.18,795,3502,0.2568,-0.0238,0.0061,-0.0359,0.02,-0.0012,1.0714,0.0,0.17,7ede93a5cf78,2025-10-02
2025-10-02,2025-10-02 19:03:09.060944,AAPL,257.13,2025-10-10,7,242.5,PUT,0.23,0.23,0.25,1181,2284,0.2412,-0.0362,0.0093,-0.0476,0.0283,-0.0018,1.0603,0.0,0.23,1ff7d0a1cd25,2025-10-02
2025-10-02,2025-10-02 19:03:09.061188,AAPL,257.13,2025-10-10,7,245.0,PUT,0.37,0.36,0.39,2054,3124,0.2315,-0.0605,0.0145,-0.0686,0.0427,-0.003,1.0495,0.0,0.37,d2458dd06435,2025-10-02
2025-10-02,2025-10-02 19:03:09.061433,AAPL,257.13,2025-10-10,7,247.5,PUT,0.57,0.57,0.61,1416,3934,0.2222,-0.0996,0.0221,-0.0957,0.0623,-0.005,1.0389,0.0,0.57,5b6dfa9f7967,2025-10-02
2025-10-02,2025-10-02 19:03:09.061682,AAPL,257.13,2025-10-10,7,250.0,PUT,0.9,0.88,0.95,8503,4396,0.2131,-0.1595,0.032,-0.1265,0.0864,-0.008,1.0285,0.0,0.9,5b618f146305,2025-10-02
2025-10-02,2025-10-02 19:03:09.061925,AAPL,257.13,2025-10-10,7,252.5,PUT,1.4,1.41,1.53,4901,2477,0.2097,-0.2515,0.0427,-0.1619,0.1135,-0.0126,1.0183,0.0,1.4,f608eac52078,2025-10-02
2025-10-02,2025-10-02 19:03:09.062172,AAPL,257.13,2025-10-10,7,255.0,PUT,2.16,2.16,2.3,6446,2944,0.2029,-0.3666,0.0521,-0.1824,0.134,-0.0184,1.0084,0.0,2.16,e52d2400da9d,2025-10-02
2025-10-02,2025-10-02 19:03:09.062417,AAPL,257.13,2025-10-10,7,257.5,PUT,3.15,3.25,3.4,1891,2066,0.1992,-0.5028,0.0562,-0.1859,0.1421,-0.0254,0.9986,0.37,2.78,30bfd184261b,2025-10-02
2025-10-02,2025-10-02 19:03:09.062661,AAPL,257.13,2025-10-10,7,260.0,PUT,4.6,4.55,4.8,612,467,0.1951,-0.6426,0.0537,-0.1643,0.1329,-0.0325,0.989,2.87,1.73,eb4cfe46f118,2025-10-02
2025-10-02,2025-10-02 19:03:09.062907,AAPL,257.13,2025-10-10,7,262.5,PUT,6.5,6.2,6.55,723,202,0.1946,-0.7647,0.0444,-0.1272,0.1095,-0.0389,0.9795,5.37,1.13,9f1c921ec4be,2025-10-02
2025-10-02,2025-10-02 19:03:09.063156,AAPL,257.13,2025-10-10,7,265.0,PUT,8.3,8.1,8.6,160,219,0.1995,-0.8523,0.0325,-0.0891,0.0822,-0.0436,0.9703,7.87,0.43,bea115b366a0,2025-10-02
2025-10-02,2025-10-02 19:03:09.063401,AAPL,257.13,2025-10-10,7,267.5,PUT,10.5,10.15,10.85,10,17,0.2092,-0.9066,0.0224,-0.0588,0.0594,-0.0467,0.9612,10.37,0.13,465022bd55e1,2025-10-02
2025-10-02,2025-10-02 19:03:09.063648,AAPL,257.13,2025-10-10,7,270.0,PUT,12.25,12.6,13.1,26,109,0.2034,-0.9544,0.0132,-0.0177,0.0341,-0.0495,0.9523,12.87,0.0,4cc52f45ae8d,2025-10-02
2025-10-02,2025-10-02 19:03:09.063898,AAPL,257.13,2025-10-10,7,272.5,PUT,16.59,14.8,15.45,4,3,0.1914,-0.984,0.0059,0.0136,0.0143,-0.0514,0.9436,15.37,1.22,98eac975c7e8,2025-10-02
2025-10-02,2025-10-02 19:03:09.064143,AAPL,257.13,2025-10-10,7,275.0,PUT,17.5,17.35,17.95,12,17,0.2158,-0.9862,0.0046,0.0141,0.0125,-0.052,0.935,17.87,0.0,6cbc11f15e0c,2025-10-02
2025-10-02,2025-10-02 19:03:09.064387,AAPL,257.13,2025-10-10,7,280.0,PUT,23.6,22.2,23.35,6,5,0.3679,-0.9484,0.0081,-0.066,0.0376,-0.0512,0.9183,22.87,0.73,c0fc193cd99c,2025-10-02
2025-10-02,2025-10-02 19:03:09.064635,AAPL,257.13,2025-10-10,7,290.0,PUT,36.46,32.3,33.0,2,0,0.3789,-0.9878,0.0024,0.0047,0.0113,-0.055,0.8867,32.87,3.59,57b347e69bcf,2025-10-02
2025-10-02,2025-10-02 19:03:09.064880,AAPL,257.13,2025-10-10,7,295.0,PUT,42.75,37.35,38.35,2,0,0.5322,-0.9653,0.0041,-0.0687,0.0273,-0.0549,0.8716,37.87,4.88,5da81440a7ed,2025-10-02
2025-10-02,2025-10-02 19:03:09.065123,AAPL,257.13,2025-10-10,7,300.0,PUT,46.68,42.35,42.95,1,0,0.4365,-0.9939,0.0011,0.0176,0.0061,-0.0572,0.8571,42.87,3.81,f3e7b8d50980,2025-10-02
2025-10-02,2025-10-02 19:03:09.065369,AAPL,257.13,2025-10-10,7,310.0,PUT,55.7,52.2,53.0,3,0,0.5498,-0.9919,0.0011,0.0071,0.0079,-0.059,0.8295,52.87,2.83,c72167be98dc,2025-10-02
2025-10-02,2025-10-02 19:03:09.159222,AAPL,257.13,2025-10-17,14,90.0,CALL,165.75,166.5,168.35,2,23,2.2285,0.9957,0.0001,-0.0616,0.0064,0.034,2.857,167.13,0.0,51a81ed06229,2025-10-02
2025-10-02,2025-10-02 19:03:09.159604,AAPL,257.13,2025-10-17,14,95.0,CALL,160.4,161.45,163.25,0,2,2.041,0.9965,0.0001,-0.0503,0.0053,0.036,2.7066,162.13,0.0,cd11f59d4830,2025-10-02
2025-10-02,2025-10-02 19:03:09.159959,AAPL,257.13,2025-10-17,14,100.0,CALL,146.12,156.5,158.3,5,20,1.9941,0.9956,0.0001,-0.0586,0.0065,0.0378,2.5713,157.13,0.0,fdce4c6c410e,2025-10-02
2025-10-02,2025-10-02 19:03:09.160582,AAPL,257.13,2025-10-17,14,105.0,CALL,110.26,122.4,124.25,2,14,0.0,1.0,0.0,-0.0129,0.0,0.0402,2.4489,152.13,0.0,1472ee1d37a9,2025-10-02
2025-10-02,2025-10-02 19:03:09.161000,AAPL,257.13,2025-10-17,14,110.0,CALL,121.0,146.55,148.35,345,462,1.8496,0.9943,0.0002,-0.0674,0.0082,0.0415,2.3375,147.13,0.0,13a6f75db849,2025-10-02
2025-10-02,2025-10-02 19:03:09.161374,AAPL,257.13,2025-10-17,14,115.0,CALL,112.7,129.8,132.05,1,99,0.0,1.0,0.0,-0.0142,0.0,0.044,2.2359,142.13,0.0,0d1841f4d343,2025-10-02
2025-10-02,2025-10-02 19:03:09.161734,AAPL,257.13,2025-10-17,14,120.0,CALL,91.56,107.8,109.05,1,67,0.0,1.0,0.0,-0.0148,0.0,0.0459,2.1427,137.13,0.0,faaf163f3252,2025-10-02
2025-10-02,2025-10-02 19:03:09.162088,AAPL,257.13,2025-10-17,14,125.0,CALL,114.66,131.5,133.4,3,19,1.5918,0.9933,0.0002,-0.0685,0.0094,0.0471,2.057,132.13,0.0,44037398b811,2025-10-02
2025-10-02,2025-10-02 19:03:09.162440,AAPL,257.13,2025-10-17,14,130.0,CALL,124.4,126.6,128.35,10,164,1.5293,0.9925,0.0003,-0.0726,0.0104,0.049,1.9779,127.13,0.0,3ec373055b00,2025-10-02
2025-10-02,2025-10-02 19:03:09.162785,AAPL,257.13,2025-10-17,14,135.0,CALL,119.0,121.55,123.45,2,73,1.4668,0.9916,0.0003,-0.0765,0.0115,0.0508,1.9047,122.13,0.0,16cafacf157a,2025-10-02
2025-10-02,2025-10-02 19:03:09.163130,AAPL,257.13,2025-10-17,14,140.0,CALL,114.3,116.6,118.4,18,82,1.3926,0.9911,0.0003,-0.0769,0.0121,0.0526,1.8366,117.13,0.0,d7f64d77efd1,2025-10-02
2025-10-02,2025-10-02 19:03:09.163473,AAPL,257.13,2025-10-17,14,145.0,CALL,109.53,111.85,113.35,1,178,1.3701,0.9886,0.0004,-0.0913,0.0151,0.0543,1.7733,112.13,0.0,cb2be17e4b3b,2025-10-02
2025-10-02,2025-10-02 19:03:09.163820,AAPL,257.13,2025-10-17,14,150.0,CALL,108.5,106.65,108.4,4,729,1.2627,0.9896,0.0004,-0.081,0.0139,0.0563,1.7142,107.13,1.37,07325b02ca65,2025-10-02
2025-10-02,2025-10-02 19:03:09.164162,AAPL,257.13,2025-10-17,14,155.0,CALL,99.54,101.6,103.5,3,176,1.2061,0.9883,0.0005,-0.0847,0.0153,0.0581,1.6589,102.13,0.0,c40d5e1d8325,2025-10-02
2025-10-02,2025-10-02 19:03:09.164510,AAPL,257.13,2025-10-17,14,160.0,CALL,95.94,97.25,98.3,25,299,1.2227,0.9825,0.0007,-0.1142,0.0218,0.0594,1.6071,97.13,0.0,f972f067f890,2025-10-02
2025-10-02,2025-10-02 19:03:09.164847,AAPL,257.13,2025-10-17,14,165.0,CALL,91.25,91.65,93.25,2,236,1.0293,0.9896,0.0005,-0.0712,0.0139,0.0621,1.5584,92.13,0.0,d765faec2130,2025-10-02
2025-10-02,2025-10-02 19:03:09.165178,AAPL,257.13,2025-10-17,14,170.0,CALL,86.48,86.65,87.95,78,655,0.8828,0.9936,0.0004,-0.0493,0.0091,0.0644,1.5125,87.13,0.0,59e51758c3f8,2025-10-02
2025-10-02,2025-10-02 19:03:09.165479,AAPL,257.13,2025-10-17,14,175.0,CALL,80.45,81.6,83.55,3,1043,0.957,0.9845,0.0008,-0.0882,0.0197,0.0654,1.4693,82.13,0.0,3a4cca297bd7,2025-10-02
2025-10-02,2025-10-02 19:03:09.165780,AAPL,257.13,2025-10-17,14,180.0,CALL,78.2,76.65,77.95,15,1731,0.7734,0.9927,0.0005,-0.0501,0.0102,0.0682,1.4285,77.13,1.07,90b29b554430,2025-10-02
2025-10-02,2025-10-02 19:03:09.166080,AAPL,257.13,2025-10-17,14,185.0,CALL,71.29,72.1,73.6,2,655,0.9131,0.9738,0.0013,-0.1216,0.0306,0.0681,1.3899,72.13,0.0,1c85a8480c76,2025-10-02
2025-10-02,2025-10-02 19:03:09.166387,AAPL,257.13,2025-10-17,14,190.0,CALL,67.95,66.85,68.1,6,1403,0.7456,0.9845,0.001,-0.0751,0.0196,0.0711,1.3533,67.13,0.82,4ad0d4980f59,2025-10-02
2025-10-02,2025-10-02 19:03:09.166689,AAPL,257.13,2025-10-17,14,195.0,CALL,63.0,62.2,63.3,7,1877,0.7666,0.9731,0.0016,-0.1087,0.0313,0.0719,1.3186,62.13,0.87,6ebd1640aa86,2025-10-02
2025-10-02,2025-10-02 19:03:09.166988,AAPL,257.13,2025-10-17,14,200.0,CALL,58.25,57.45,58.1,14,2954,0.7131,0.97,0.0019,-0.1108,0.0342,0.0735,1.2856,57.13,1.12,38804f77a00f,2025-10-02
2025-10-02,2025-10-02 19:03:09.167293,AAPL,257.13,2025-10-17,14,205.0,CALL,52.8,52.35,53.05,28,11053,0.6387,0.9705,0.0021,-0.1014,0.0338,0.0754,1.2543,52.13,0.67,fb98dcedb506,2025-10-02
2025-10-02,2025-10-02 19:03:09.167596,AAPL,257.13,2025-10-17,14,210.0,CALL,48.0,47.5,48.15,244,20226,0.6064,0.9624,0.0027,-0.1141,0.0413,0.0765,1.2244,47.13,0.87,6985a1b5474c,2025-10-02
2025-10-02,2025-10-02 19:03:09.167897,AAPL,257.13,2025-10-17,14,215.0,CALL,42.93,42.45,43.0,151,13130,0.5313,0.9632,0.003,-0.1023,0.0406,0.0785,1.196,42.13,0.8,4b738164a1e3,2025-10-02
2025-10-02,2025-10-02 19:03:09.168203,AAPL,257.13,2025-10-17,14,217.5,CALL,38.74,39.3,40.75,2,30,0.582,0.9383,0.0042,-0.1522,0.0613,0.0769,1.1822,39.63,0.0,c7fb530539d5,2025-10-02
2025-10-02,2025-10-02 19:03:09.168504,AAPL,257.13,2025-10-17,14,220.0,CALL,38.03,37.45,38.1,285,13312,0.5317,0.9413,0.0044,-0.137,0.0589,0.0782,1.1688,37.13,0.9,4b4de81f12ca,2025-10-02
2025-10-02,2025-10-02 19:03:09.168809,AAPL,257.13,2025-10-17,14,222.5,CALL,34.7,34.25,35.85,3,15,0.5325,0.9273,0.0052,-0.1574,0.0696,0.0777,1.1556,34.63,0.07,f20edff543ba,2025-10-02
2025-10-02,2025-10-02 19:03:09.169119,AAPL,257.13,2025-10-17,14,225.0,CALL,33.02,32.55,33.2,429,13990,0.4841,0.9297,0.0055,-0.1427,0.0679,0.0789,1.1428,32.13,0.89,9792b0108096,2025-10-02
2025-10-02,2025-10-02 19:03:09.169423,AAPL,257.13,2025-10-17,14,227.5,CALL,29.78,29.4,31.15,2,103,0.5009,0.9057,0.0067,-0.1763,0.0846,0.0774,1.1302,29.63,0.15,a47864458e35,2025-10-02
2025-10-02,2025-10-02 19:03:09.169715,AAPL,257.13,2025-10-17,14,230.0,CALL,27.9,27.6,28.25,554,19605,0.4285,0.9179,0.007,-0.1424,0.0763,0.0797,1.118,27.13,0.77,afa14a5f522d,2025-10-02
2025-10-02,2025-10-02 19:03:09.170000,AAPL,257.13,2025-10-17,14,232.5,CALL,26.02,24.55,26.2,4,43,0.4402,0.8909,0.0084,-0.173,0.0942,0.0778,1.1059,24.63,1.39,4861c8073c3c,2025-10-02
2025-10-02,2025-10-02 19:03:09.170277,AAPL,257.13,2025-10-17,14,235.0,CALL,22.8,22.65,23.3,414,17882,0.3713,0.9028,0.0092,-0.1405,0.0866,0.0801,1.0942,22.13,0.67,6c8185dcb485,2025-10-02
2025-10-02,2025-10-02 19:03:09.170560,AAPL,257.13,2025-10-17,14,237.5,CALL,20.8,19.95,21.3,34,205,0.3821,0.869,0.0111,-0.1711,0.1071,0.0775,1.0827,19.63,1.17,b1aee4e65899,2025-10-02
2025-10-02,2025-10-02 19:03:09.170838,AAPL,257.13,2025-10-17,14,240.0,CALL,18.2,18.05,18.45,1759,28510,0.3207,0.8763,0.0127,-0.1434,0.1029,0.0793,1.0714,17.13,1.07,dcb8eaf5f93b,2025-10-02
2025-10-02,2025-10-02 19:03:09.171121,AAPL,257.13,2025-10-17,14,242.5,CALL,16.33,15.65,16.25,70,323,0.3099,0.847,0.0151,-0.1565,0.1189,0.0773,1.0603,14.63,1.7,9e2f0655d893,2025-10-02
2025-10-02,2025-10-02 19:03:09.171397,AAPL,257.13,2025-10-17,14,245.0,CALL,13.8,13.45,13.85,755,17613,0.2817,0.825,0.0182,-0.1551,0.1298,0.076,1.0495,12.13,1.67,f91ecac9fe3f,2025-10-02
2025-10-02,2025-10-02 19:03:09.171674,AAPL,257.13,2025-10-17,14,247.5,CALL,11.9,11.45,11.75,612,2137,0.2697,0.7829,0.0216,-0.1659,0.148,0.0727,1.0389,9.63,2.27,64b5a5d2097d,2025-10-02
2025-10-02,2025-10-02 19:03:09.171953,AAPL,257.13,2025-10-17,14,250.0,CALL,9.65,9.45,9.65,2611,35423,0.2524,0.7351,0.0258,-0.1708,0.1649,0.0688,1.0285,7.13,2.52,41f7ec833f91,2025-10-02
2025-10-02,2025-10-02 19:03:09.172249,AAPL,257.13,2025-10-17,14,252.5,CALL,7.8,7.65,7.9,1298,2538,0.2473,0.6682,0.0291,-0.1816,0.1828,0.0629,1.0183,4.63,3.17,5f91c783fae3,2025-10-02
2025-10-02,2025-10-02 19:03:09.172530,AAPL,257.13,2025-10-17,14,255.0,CALL,6.1,6.0,6.25,3747,21538,0.2391,0.594,0.0322,-0.1849,0.1953,0.0562,1.0084,2.13,3.97,3b5abc0af5b7,2025-10-02
2025-10-02,2025-10-02 19:03:09.172813,AAPL,257.13,2025-10-17,14,257.5,CALL,4.75,4.6,4.8,3655,9826,0.2318,0.5116,0.0342,-0.1819,0.2008,0.0487,0.9986,0.0,4.75,9b8f745e98f7,2025-10-02
2025-10-02,2025-10-02 19:03:09.173092,AAPL,257.13,2025-10-17,14,260.0,CALL,3.5,3.35,3.55,12606,28632,0.2246,0.4242,0.0346,-0.1713,0.1973,0.0405,0.989,0.0,3.5,d75875e7c269,2025-10-02
2025-10-02,2025-10-02 19:03:09.173373,AAPL,257.13,2025-10-17,14,262.5,CALL,2.59,2.5,2.59,2913,8078,0.2214,0.339,0.0328,-0.1562,0.1843,0.0325,0.9795,0.0,2.59,6c7391eab04e,2025-10-02
2025-10-02,2025-10-02 19:03:09.173656,AAPL,257.13,2025-10-17,14,265.0,CALL,1.8,1.75,1.85,5338,15879,0.2197,0.2614,0.0294,-0.1366,0.1638,0.0251,0.9703,0.0,1.8,fcc3a9958741,2025-10-02
2025-10-02,2025-10-02 19:03:09.173935,AAPL,257.13,2025-10-17,14,267.5,CALL,1.26,1.18,1.31,2020,1212,0.2201,0.1961,0.025,-0.1156,0.1393,0.0189,0.9612,0.0,1.26,4893d82598e1,2025-10-02
2025-10-02,2025-10-02 19:03:09.174217,AAPL,257.13,2025-10-17,14,270.0,CALL,0.88,0.85,0.91,10790,20036,0.2207,0.1427,0.0203,-0.0939,0.1135,0.0138,0.9523,0.0,0.88,96a4df72b4ed,2025-10-02
2025-10-02,2025-10-02 19:03:09.174498,AAPL,257.13,2025-10-17,14,272.5,CALL,0.61,0.58,0.63,227,557,0.2227,0.1021,0.0159,-0.0745,0.0897,0.0099,0.9436,0.0,0.61,83c6b75175a6,2025-10-02
2025-10-02,2025-10-02 19:03:09.174774,AAPL,257.13,2025-10-17,14,275.0,CALL,0.44,0.41,0.45,2426,11823,0.2271,0.0735,0.0122,-0.0592,0.0702,0.0071,0.935,0.0,0.44,7df601674717,2025-10-02
2025-10-02,2025-10-02 19:03:09.175058,AAPL,257.13,2025-10-17,14,280.0,CALL,0.22,0.21,0.23,1003,11339,0.2363,0.0375,0.0069,-0.0359,0.0412,0.0036,0.9183,0.0,0.22,4d8962ed54f4,2025-10-02
2025-10-02,2025-10-02 19:03:09.175337,AAPL,257.13,2025-10-17,14,285.0,CALL,0.13,0.12,0.13,273,3413,0.2495,0.0204,0.0039,-0.0227,0.0248,0.002,0.9022,0.0,0.13,7a867d642472,2025-10-02
2025-10-02,2025-10-02 19:03:09.175615,AAPL,257.13,2025-10-17,14,290.0,CALL,0.09,0.07,0.08,187,3757,0.2647,0.0119,0.0023,-0.0151,0.0156,0.0011,0.8867,0.0,0.09,79587e661095,2025-10-02
2025-10-02,2025-10-02 19:03:09.175895,AAPL,257.13,2025-10-17,14,295.0,CALL,0.04,0.04,0.05,106,4146,0.2793,0.0071,0.0014,-0.0101,0.0099,0.0007,0.8716,0.0,0.04,6a313752f51a,2025-10-02
2025-10-02,2025-10-02 19:03:09.176165,AAPL,257.13,2025-10-17,14,300.0,CALL,0.03,0.03,0.04,814,12768,0.2998,0.0051,0.001,-0.0081,0.0074,0.0005,0.8571,0.0,0.03,59c62d040eaa,2025-10-02
2025-10-02,2025-10-02 19:03:09.176422,AAPL,257.13,2025-10-17,14,305.0,CALL,0.02,0.01,0.03,5,635,0.3164,0.0035,0.0007,-0.0061,0.0053,0.0003,0.843,0.0,0.02,b51026c38587,2025-10-02
2025-10-02,2025-10-02 19:03:09.176681,AAPL,257.13,2025-10-17,14,310.0,CALL,0.02,0.0,0.04,18,1752,0.3555,0.0043,0.0007,-0.0082,0.0064,0.0004,0.8295,0.0,0.02,26cc31a1c80d,2025-10-02
2025-10-02,2025-10-02 19:03:09.176935,AAPL,257.13,2025-10-17,14,315.0,CALL,0.02,0.0,0.02,3,617,0.3555,0.0021,0.0004,-0.0044,0.0034,0.0002,0.8163,0.0,0.02,365ab33c1263,2025-10-02
2025-10-02,2025-10-02 19:03:09.177193,AAPL,257.13,2025-10-17,14,320.0,CALL,0.01,0.0,0.01,235,1311,0.3555,0.001,0.0002,-0.0022,0.0017,0.0001,0.8035,0.0,0.01,c69640354ffd,2025-10-02
2025-10-02,2025-10-02 19:03:09.177449,AAPL,257.13,2025-10-17,14,325.0,CALL,0.01,0.0,0.01,3,642,0.375,0.0009,0.0002,-0.002,0.0015,0.0001,0.7912,0.0,0.01,34919480bc57,2025-10-02
2025-10-02,2025-10-02 19:03:09.177704,AAPL,257.13,2025-10-17,14,330.0,CALL,0.01,0.0,0.01,11,874,0.3984,0.0009,0.0001,-0.0021,0.0015,0.0001,0.7792,0.0,0.01,9861cb722bb3,2025-10-02
2025-10-02,2025-10-02 19:03:09.177959,AAPL,257.13,2025-10-17,14,335.0,CALL,0.01,0.0,0.01,20,82,0.4219,0.0008,0.0001,-0.0022,0.0015,0.0001,0.7676,0.0,0.01,9c0017169c84,2025-10-02
2025-10-02,2025-10-02 19:03:09.178218,AAPL,257.13,2025-10-17,14,340.0,CALL,0.01,0.0,0.01,35,153,0.4453,0.0008,0.0001,-0.0023,0.0015,0.0001,0.7563,0.0,0.01,867e0e0535d2,2025-10-02
2025-10-02,2025-10-02 19:03:09.178477,AAPL,257.13,2025-10-17,14,345.0,CALL,0.01,0.0,0.01,1,391,0.4609,0.0007,0.0001,-0.002,0.0012,0.0001,0.7453,0.0,0.01,a6dcd5549ed7,2025-10-02
2025-10-02,2025-10-02 19:03:09.178739,AAPL,257.13,2025-10-17,14,350.0,CALL,0.01,0.0,0.0,150,450,0.25,0.0,0.0,-0.0,0.0,0.0,0.7347,0.0,0.01,e9d1aae104d3,2025-10-02
2025-10-02,2025-10-02 19:03:09.178994,AAPL,257.13,2025-10-17,14,355.0,CALL,0.01,0.0,0.01,25,225,0.5,0.0006,0.0001,-0.002,0.0011,0.0001,0.7243,0.0,0.01,93dce602dd02,2025-10-02
2025-10-02,2025-10-02 19:03:09.179250,AAPL,257.13,2025-10-17,14,360.0,CALL,0.01,0.0,0.01,1,1497,0.5,0.0004,0.0001,-0.0012,0.0007,0.0,0.7142,0.0,0.01,ba3688c218a1,2025-10-02
2025-10-02,2025-10-02 19:03:09.179510,AAPL,257.13,2025-10-17,14,370.0,CALL,0.01,0.0,0.01,16,2844,0.5313,0.0003,0.0,-0.0011,0.0006,0.0,0.6949,0.0,0.01,aac810e8f9e2,2025-10-02
2025-10-02,2025-10-02 19:03:09.179913,AAPL,257.13,2025-10-17,14,90.0,PUT,0.01,0.0,0.01,6,955,1.5,-0.0001,0.0,-0.001,0.0002,-0.0,2.857,0.0,0.01,0e578f8ebcd2,2025-10-02
2025-10-02,2025-10-02 19:03:09.180177,AAPL,257.13,2025-10-17,14,95.0,PUT,0.01,0.0,0.01,1,1135,1.4375,-0.0001,0.0,-0.0012,0.0002,-0.0,2.7066,0.0,0.01,7f6f581b39b4,2025-10-02
2025-10-02,2025-10-02 19:03:09.180439,AAPL,257.13,2025-10-17,14,100.0,PUT,0.01,0.0,0.01,3,860,1.3438,-0.0001,0.0,-0.0009,0.0002,-0.0,2.5713,0.0,0.01,5f4822044369,2025-10-02
2025-10-02,2025-10-02 19:03:09.180705,AAPL,257.13,2025-10-17,14,105.0,PUT,0.02,0.0,0.01,1,292,1.2813,-0.0001,0.0,-0.001,0.0002,-0.0,2.4489,0.0,0.02,a2553b788541,2025-10-02
2025-10-02,2025-10-02 19:03:09.180966,AAPL,257.13,2025-10-17,14,110.0,PUT,0.01,0.0,0.01,5,615,1.2188,-0.0001,0.0,-0.001,0.0002,-0.0,2.3375,0.0,0.01,a4c7cf82ca6e,2025-10-02
2025-10-02,2025-10-02 19:03:09.181227,AAPL,257.13,2025-10-17,14,115.0,PUT,0.01,0.0,0.01,20,595,1.1563,-0.0001,0.0,-0.001,0.0002,-0.0,2.2359,0.0,0.01,b0cd82c56dce,2025-10-02
2025-10-02,2025-10-02 19:03:09.181490,AAPL,257.13,2025-10-17,14,120.0,PUT,0.01,0.0,0.01,1,5856,1.0938,-0.0001,0.0,-0.0009,0.0002,-0.0,2.1427,0.0,0.01,fc98981269a2,2025-10-02
2025-10-02,2025-10-02 19:03:09.181750,AAPL,257.13,2025-10-17,14,125.0,PUT,0.01,0.0,0.01,25,1642,1.0313,-0.0001,0.0,-0.0008,0.0002,-0.0,2.057,0.0,0.01,e6fe2022dcd5,2025-10-02
2025-10-02,2025-10-02 19:03:09.182009,AAPL,257.13,2025-10-17,14,130.0,PUT,0.01,0.0,0.02,2,1186,1.0469,-0.0003,0.0,-0.002,0.0005,-0.0,1.9779,0.0,0.01,1f0763d38d5a,2025-10-02
2025-10-02,2025-10-02 19:03:09.182272,AAPL,257.13,2025-10-17,14,135.0,PUT,0.01,0.0,0.03,20,1455,1.0234,-0.0004,0.0,-0.0029,0.0008,-0.0,1.9047,0.0,0.01,c409132e7f17,2025-10-02
2025-10-02,2025-10-02 19:03:09.182532,AAPL,257.13,2025-10-17,14,140.0,PUT,0.01,0.0,0.02,60,1711,0.9375,-0.0003,0.0,-0.002,0.0006,-0.0,1.8366,0.0,0.01,083dd2713fd0,2025-10-02
2025-10-02,2025-10-02 19:03:09.182777,AAPL,257.13,2025-10-17,14,145.0,PUT,0.02,0.01,0.02,1,4283,0.9219,-0.0005,0.0,-0.0031,0.0009,-0.0001,1.7733,0.0,0.02,2ba559017f23,2025-10-02
2025-10-02,2025-10-02 19:03:09.183020,AAPL,257.13,2025-10-17,14,150.0,PUT,0.02,0.01,0.02,10,11439,0.8672,-0.0005,0.0,-0.003,0.001,-0.0001,1.7142,0.0,0.02,428618d30521,2025-10-02
2025-10-02,2025-10-02 19:03:09.183261,AAPL,257.13,2025-10-17,14,155.0,PUT,0.02,0.01,0.03,20,3063,0.8359,-0.0007,0.0001,-0.0037,0.0013,-0.0001,1.6589,0.0,0.02,0601298ae158,2025-10-02
2025-10-02,2025-10-02 19:03:09.183505,AAPL,257.13,2025-10-17,14,160.0,PUT,0.03,0.01,0.04,19,14291,0.8047,-0.001,0.0001,-0.0047,0.0016,-0.0001,1.6071,0.0,0.03,8e69f3eeaec5,2025-10-02
2025-10-02,2025-10-02 19:03:09.183747,AAPL,257.13,2025-10-17,14,165.0,PUT,0.03,0.01,0.04,688,5917,0.7578,-0.0011,0.0001,-0.0048,0.0018,-0.0001,1.5584,0.0,0.03,bf60d23133c3,2025-10-02
2025-10-02,2025-10-02 19:03:09.183992,AAPL,257.13,2025-10-17,14,170.0,PUT,0.03,0.02,0.04,202,7241,0.7227,-0.0013,0.0001,-0.0056,0.0022,-0.0001,1.5125,0.0,0.03,f631f8fa2d00,2025-10-02
2025-10-02,2025-10-02 19:03:09.184235,AAPL,257.13,2025-10-17,14,175.0,PUT,0.04,0.02,0.05,80,4610,0.6875,-0.0017,0.0002,-0.0065,0.0027,-0.0002,1.4693,0.0,0.04,c9f246656796,2025-10-02
2025-10-02,2025-10-02 19:03:09.184481,AAPL,257.13,2025-10-17,14,180.0,PUT,0.04,0.03,0.05,223,11681,0.6484,-0.002,0.0002,-0.0072,0.0031,-0.0002,1.4285,0.0,0.04,19914570adf9,2025-10-02
2025-10-02,2025-10-02 19:03:09.184722,AAPL,257.13,2025-10-17,14,185.0,PUT,0.06,0.03,0.16,129,10046,0.668,-0.0047,0.0004,-0.0164,0.0069,-0.0005,1.3899,0.0,0.06,2ccb7a01fb62,2025-10-02
2025-10-02,2025-10-02 19:03:09.184965,AAPL,257.13,2025-10-17,14,190.0,PUT,0.05,0.04,0.07,284,14511,0.5801,-0.0031,0.0003,-0.0098,0.0048,-0.0003,1.3533,0.0,0.05,4318dc07d0ec,2025-10-02
2025-10-02,2025-10-02 19:03:09.185208,AAPL,257.13,2025-10-17,14,195.0,PUT,0.05,0.04,0.15,61,9777,0.5723,-0.0056,0.0006,-0.0162,0.008,-0.0006,1.3186,0.0,0.05,a43e4524e7c6,2025-10-02
2025-10-02,2025-10-02 19:03:09.185454,AAPL,257.13,2025-10-17,14,200.0,PUT,0.07,0.06,0.08,91,17006,0.5059,-0.0046,0.0005,-0.0121,0.0068,-0.0005,1.2856,0.0,0.07,f945d449d95c,2025-10-02
2025-10-02,2025-10-02 19:03:09.185698,AAPL,257.13,2025-10-17,14,205.0,PUT,0.08,0.06,0.08,62,12124,0.4688,-0.0057,0.0007,-0.0134,0.0081,-0.0006,1.2543,0.0,0.08,b3560050e1ec,2025-10-02
2025-10-02,2025-10-02 19:03:09.185943,AAPL,257.13,2025-10-17,14,210.0,PUT,0.09,0.08,0.1,154,28794,0.4375,-0.0076,0.001,-0.0163,0.0106,-0.0008,1.2244,0.0,0.09,66dc144435b9,2025-10-02
2025-10-02,2025-10-02 19:03:09.186186,AAPL,257.13,2025-10-17,14,215.0,PUT,0.1,0.09,0.11,543,16629,0.3975,-0.0091,0.0012,-0.0173,0.0124,-0.0009,1.196,0.0,0.1,ac4687b31724,2025-10-02
2025-10-02,2025-10-02 19:03:09.186433,AAPL,257.13,2025-10-17,14,217.5,PUT,0.1,0.1,0.12,1,481,0.3799,-0.0104,0.0014,-0.0186,0.0139,-0.0011,1.1822,0.0,0.1,fc1693424feb,2025-10-02
2025-10-02,2025-10-02 19:03:09.186676,AAPL,257.13,2025-10-17,14,220.0,PUT,0.12,0.11,0.12,2075,21512,0.3574,-0.0111,0.0016,-0.0184,0.0147,-0.0011,1.1688,0.0,0.12,1380aef85a7e,2025-10-02
2025-10-02,2025-10-02 19:03:09.186919,AAPL,257.13,2025-10-17,14,222.5,PUT,0.13,0.12,0.14,101,271,0.3428,-0.0134,0.002,-0.0208,0.0173,-0.0014,1.1556,0.0,0.13,ea97006bd3ce,2025-10-02
2025-10-02,2025-10-02 19:03:09.187163,AAPL,257.13,2025-10-17,14,225.0,PUT,0.15,0.14,0.16,1225,13494,0.3272,-0.0161,0.0024,-0.0231,0.0203,-0.0016,1.1428,0.0,0.15,56391346fb4b,2025-10-02
2025-10-02,2025-10-02 19:03:09.187406,AAPL,257.13,2025-10-17,14,227.5,PUT,0.17,0.16,0.2,881,1318,0.3159,-0.0208,0.0031,-0.0278,0.0252,-0.0021,1.1302,0.0,0.17,0ab3e7714c04,2025-10-02
2025-10-02,2025-10-02 19:03:09.187649,AAPL,257.13,2025-10-17,14,230.0,PUT,0.21,0.19,0.22,1770,13652,0.2969,-0.0241,0.0038,-0.0294,0.0285,-0.0024,1.118,0.0,0.21,e7e4c84742cf,2025-10-02
2025-10-02,2025-10-02 19:03:09.187895,AAPL,257.13,2025-10-17,14,232.5,PUT,0.25,0.25,0.26,570,2949,0.2817,-0.0298,0.0048,-0.0333,0.0341,-0.003,1.1059,0.0,0.25,be519109d925,2025-10-02
2025-10-02,2025-10-02 19:03:09.188137,AAPL,257.13,2025-10-17,14,235.0,PUT,0.3,0.3,0.33,2136,7881,0.27,-0.0391,0.0062,-0.0398,0.0426,-0.0039,1.0942,0.0,0.3,838fb753bb9d,2025-10-02
2025-10-02,2025-10-02 19:03:09.188381,AAPL,257.13,2025-10-17,14,237.5,PUT,0.37,0.39,0.42,94,1411,0.2583,-0.0516,0.0081,-0.0475,0.0533,-0.0052,1.0827,0.0,0.37,796b40d422ac,2025-10-02
2025-10-02,2025-10-02 19:03:09.188628,AAPL,257.13,2025-10-17,14,240.0,PUT,0.53,0.52,0.55,1873,10836,0.2476,-0.0692,0.0107,-0.057,0.067,-0.007,1.0714,0.0,0.53,d6382f984b9b,2025-10-02
2025-10-02,2025-10-02 19:03:09.188872,AAPL,257.13,2025-10-17,14,242.5,PUT,0.68,0.7,0.76,302,4168,0.2405,-0.0961,0.0141,-0.0706,0.0859,-0.0097,1.0603,0.0,0.68,676207140a6d,2025-10-02
2025-10-02,2025-10-02 19:03:09.189103,AAPL,257.13,2025-10-17,14,245.0,PUT,0.98,0.97,1.01,2939,5490,0.2307,-0.1292,0.0181,-0.0832,0.1061,-0.013,1.0495,0.0,0.98,ae9c8483dd92,2025-10-02
2025-10-02,2025-10-02 19:03:09.189336,AAPL,257.13,2025-10-17,14,247.5,PUT,1.38,1.35,1.38,1245,4370,0.2235,-0.1753,0.0229,-0.0981,0.13,-0.0177,1.0389,0.0,1.38,9a572af3fae2,2025-10-02
2025-10-02,2025-10-02 19:03:09.189567,AAPL,257.13,2025-10-17,14,250.0,PUT,1.84,1.79,1.9,8063,8685,0.2179,-0.2355,0.028,-0.1129,0.1549,-0.0238,1.0285,0.0,1.84,ebf2ff1ee240,2025-10-02
2025-10-02,2025-10-02 19:03:09.189802,AAPL,257.13,2025-10-17,14,252.5,PUT,2.56,2.45,2.61,752,2596,0.2141,-0.3101,0.0327,-0.1258,0.1777,-0.0314,1.0183,0.0,2.56,167e734526d2,2025-10-02
2025-10-02,2025-10-02 19:03:09.190032,AAPL,257.13,2025-10-17,14,255.0,PUT,3.4,3.3,3.45,2292,5065,0.2073,-0.3945,0.0369,-0.1307,0.1938,-0.0401,1.0084,0.0,3.4,4b5f304585b8,2025-10-02
2025-10-02,2025-10-02 19:03:09.190262,AAPL,257.13,2025-10-17,14,257.5,PUT,4.49,4.35,4.55,639,1654,0.203,-0.4892,0.039,-0.1296,0.2008,-0.0498,0.9986,0.37,4.12,170fb1224c79,2025-10-02
2025-10-02,2025-10-02 19:03:09.190497,AAPL,257.13,2025-10-17,14,260.0,PUT,5.9,5.65,5.85,717,2433,0.1974,-0.5883,0.0391,-0.1188,0.196,-0.0601,0.989,2.87,3.03,c727fc13ea02,2025-10-02
2025-10-02,2025-10-02 19:03:09.190727,AAPL,257.13,2025-10-17,14,262.5,PUT,7.4,7.15,7.6,48,146,0.203,-0.676,0.0352,-0.1089,0.181,-0.0694,0.9795,5.37,2.03,68574bafe046,2025-10-02
2025-10-02,2025-10-02 19:03:09.190956,AAPL,257.13,2025-10-17,14,265.0,PUT,8.94,8.95,9.4,96,337,0.2013,-0.7584,0.0308,-0.0878,0.1571,-0.0782,0.9703,7.87,1.07,4cb0954fe153,2025-10-02
2025-10-02,2025-10-02 19:03:09.191187,AAPL,257.13,2025-10-17,14,267.5,PUT,10.55,10.9,11.4,13,77,0.2011,-0.8265,0.0253,-0.0652,0.1291,-0.0857,0.9612,10.37,0.18,9f9a9dce480f,2025-10-02
2025-10-02,2025-10-02 19:03:09.191436,AAPL,257.13,2025-10-17,14,270.0,PUT,13.1,12.95,13.5,19,102,0.197,-0.8853,0.0195,-0.039,0.0976,-0.0923,0.9523,12.87,0.23,9fc638450368,2025-10-02
2025-10-02,2025-10-02 19:03:09.191668,AAPL,257.13,2025-10-17,14,275.0,PUT,17.45,17.25,18.1,21,101,0.1958,-0.9543,0.0097,-0.0014,0.0483,-0.1009,0.935,17.87,0.0,c7982fcfe45d,2025-10-02
2025-10-02,2025-10-02 19:03:09.191903,AAPL,257.13,2025-10-17,14,280.0,PUT,22.0,22.2,23.3,2,4,0.2691,-0.9404,0.0087,-0.0247,0.0597,-0.1015,0.9183,22.87,0.0,e7a8facede19,2025-10-02
2025-10-02,2025-10-02 19:03:09.192134,AAPL,257.13,2025-10-17,14,285.0,PUT,27.1,27.15,28.1,2,0,0.2754,-0.9678,0.0052,-0.0017,0.0364,-0.106,0.9022,27.87,0.0,610d83505f4b,2025-10-02
2025-10-02,2025-10-02 19:03:09.192370,AAPL,257.13,2025-10-17,14,290.0,PUT,52.45,32.35,33.1,5,0,0.3125,-0.9717,0.0041,-0.0016,0.0326,-0.1083,0.8867,32.87,19.58,f5e308c82739,2025-10-02
2025-10-02,2025-10-02 19:03:09.192602,AAPL,257.13,2025-10-17,14,295.0,PUT,68.15,37.35,38.5,2,0,0.4224,-0.9451,0.0052,-0.0498,0.056,-0.1077,0.8716,37.87,30.28,7eaacfe95156,2025-10-02
2025-10-02,2025-10-02 19:03:09.192831,AAPL,257.13,2025-10-17,14,300.0,PUT,44.1,42.2,43.3,3,0,0.4277,-0.9623,0.0038,-0.0274,0.0413,-0.1113,0.8571,42.87,1.23,f4c5258101f8,2025-10-02
2025-10-02,2025-10-02 19:03:09.193062,AAPL,257.13,2025-10-17,14,305.0,PUT,78.15,47.35,48.4,1,0,0.4829,-0.959,0.0036,-0.04,0.0442,-0.1129,0.843,47.87,30.28,d220c8257cc3,2025-10-02
2025-10-02,2025-10-02 19:03:09.193293,AAPL,257.13,2025-10-17,14,315.0,PUT,69.7,57.35,58.15,1,0,0.4956,-0.9786,0.0021,-0.0077,0.0259,-0.1186,0.8163,57.87,11.83,0942341fe75c,2025-10-02
2025-10-02,2025-10-02 19:03:09.193512,AAPL,257.13,2025-10-17,14,320.0,PUT,65.4,62.2,63.0,1,0,0.4707,-0.9895,0.0012,0.0155,0.014,-0.1215,0.8035,62.87,2.53,07924a4d8b43,2025-10-02
2025-10-02,2025-10-02 19:03:09.193735,AAPL,257.13,2025-10-17,14,330.0,PUT,98.75,95.7,96.25,0,0,2.131,-0.6499,0.0035,-1.3877,0.1865,-0.0997,0.7792,72.87,25.88,dc103ac11be6,2025-10-02
2025-10-02,2025-10-02 19:03:09.193959,AAPL,257.13,2025-10-17,14,335.0,PUT,89.55,77.25,78.3,5,0,0.6602,-0.9755,0.0017,-0.0278,0.029,-0.126,0.7676,77.87,11.68,df8bf88ae77d,2025-10-02
2025-10-02,2025-10-02 19:03:09.194183,AAPL,257.13,2025-10-17,14,355.0,PUT,157.02,0.0,0.0,0,0,0.0,-1.0,0.0,0.0437,0.0,-0.1359,0.7243,97.87,59.15,4a3300887ba7,2025-10-02
2025-10-02,2025-10-02 19:03:09.194407,AAPL,257.13,2025-10-17,14,360.0,PUT,162.01,0.0,0.0,0,0,0.0,-1.0,0.0,0.0443,0.0,-0.1378,0.7142,102.87,59.14,5e28a1f7030e,2025-10-02
2025-10-02,2025-10-02 19:03:09.194630,AAPL,257.13,2025-10-17,14,370.0,PUT,159.95,141.9,142.5,0,0,2.8259,-0.6472,0.0026,-1.8505,0.1871,-0.1168,0.6949,112.87,47.08,a767ccf8c957,2025-10-02
2025-10-03,2025-10-03 18:30:20.165909,AAPL,258.02,2025-10-10,6,110.0,CALL,120.04,147.3,148.9,0,1,2.2148,0.9992,0.0,-0.0308,0.0009,0.018,2.3456,148.02,0.0,952ac94c9724,2025-10-03
2025-10-03,2025-10-03 18:30:20.168941,AAPL,258.02,2025-10-10,6,120.0,CALL,136.1,137.35,138.9,0,7,2.0625,0.9988,0.0001,-0.0378,0.0013,0.0197,2.1502,138.02,0.0,9e825773ad66,2025-10-03
2025-10-03,2025-10-03 18:30:20.169398,AAPL,258.02,2025-10-10,6,135.0,CALL,120.55,122.3,123.95,0,2,1.7656,0.9985,0.0001,-0.0396,0.0016,0.0221,1.9113,123.02,0.0,2015c9b1522b,2025-10-03
2025-10-03,2025-10-03 18:30:20.169810,AAPL,258.02,2025-10-10,6,140.0,CALL,116.35,117.35,118.9,1,4,1.6758,0.9984,0.0001,-0.0405,0.0017,0.0229,1.843,118.02,0.0,888a7b299c79,2025-10-03
2025-10-03,2025-10-03 18:30:20.170218,AAPL,258.02,2025-10-10,6,150.0,CALL,87.76,107.35,108.95,0,1,1.541,0.9978,0.0001,-0.0478,0.0023,0.0245,1.7201,108.02,0.0,bebfb2a87de8,2025-10-03
2025-10-03,2025-10-03 18:30:20.170615,AAPL,258.02,2025-10-10,6,160.0,CALL,93.91,97.4,98.95,1,6,1.4043,0.997,0.0002,-0.055,0.003,0.0261,1.6126,98.02,0.0,fe9253fe1252,2025-10-03
2025-10-03,2025-10-03 18:30:20.170958,AAPL,258.02,2025-10-10,6,165.0,CALL,91.99,92.35,93.95,1,0,1.293,0.9973,0.0002,-0.0497,0.0027,0.027,1.5638,93.02,0.0,029e1dd3a3a6,2025-10-03
2025-10-03,2025-10-03 18:30:20.171300,AAPL,258.02,2025-10-10,6,170.0,CALL,87.87,87.4,88.95,2,3,1.2422,0.9966,0.0003,-0.0561,0.0034,0.0278,1.5178,88.02,0.0,63659c60ddce,2025-10-03
2025-10-03,2025-10-03 18:30:20.171645,AAPL,258.02,2025-10-10,6,175.0,CALL,83.05,82.35,84.0,2,4,1.166,0.9963,0.0003,-0.0571,0.0037,0.0286,1.4744,83.02,0.03,aec4b4302ea8,2025-10-03
2025-10-03,2025-10-03 18:30:20.172001,AAPL,258.02,2025-10-10,6,180.0,CALL,74.95,77.4,78.95,2,45,1.0898,0.996,0.0003,-0.0576,0.0039,0.0294,1.4334,78.02,0.0,22f65675a89e,2025-10-03
2025-10-03,2025-10-03 18:30:20.172352,AAPL,258.02,2025-10-10,6,185.0,CALL,71.47,72.35,74.0,1,5,1.0156,0.9957,0.0004,-0.0582,0.0042,0.0302,1.3947,73.02,0.0,2f8329cc1a4c,2025-10-03
2025-10-03,2025-10-03 18:30:20.172828,AAPL,258.02,2025-10-10,6,190.0,CALL,67.43,67.65,69.0,1,25,1.043,0.9909,0.0007,-0.0938,0.0081,0.0308,1.358,68.02,0.0,3b2d7e5bb071,2025-10-03
2025-10-03,2025-10-03 18:30:20.173376,AAPL,258.02,2025-10-10,6,195.0,CALL,63.37,62.4,63.75,2,109,0.7637,0.9982,0.0002,-0.0359,0.0019,0.032,1.3232,63.02,0.35,c049a5d15b6e,2025-10-03
2025-10-03,2025-10-03 18:30:20.173994,AAPL,258.02,2025-10-10,6,200.0,CALL,58.95,57.45,58.7,79,148,0.7012,0.9981,0.0003,-0.0365,0.002,0.0328,1.2901,58.02,0.93,b18552d98e5d,2025-10-03
2025-10-03,2025-10-03 18:30:20.174483,AAPL,258.02,2025-10-10,6,205.0,CALL,52.97,52.7,54.0,6,66,0.8272,0.9871,0.0012,-0.1007,0.011,0.0331,1.2586,53.02,0.0,c86c0bc4e055,2025-10-03
2025-10-03,2025-10-03 18:30:20.174900,AAPL,258.02,2025-10-10,6,210.0,CALL,48.66,47.4,48.6,105,195,0.8374,0.9761,0.002,-0.1551,0.0186,0.0334,1.2287,48.02,0.64,20d0d5a3ca6b,2025-10-03
2025-10-03,2025-10-03 18:30:20.175288,AAPL,258.02,2025-10-10,6,215.0,CALL,43.1,42.4,44.05,25,334,0.6279,0.9897,0.0013,-0.0735,0.0091,0.0349,1.2001,43.02,0.08,86138a8e3f71,2025-10-03
2025-10-03,2025-10-03 18:30:20.175664,AAPL,258.02,2025-10-10,6,217.5,CALL,40.78,40.05,41.2,101,11,0.5352,0.9944,0.0009,-0.0503,0.0053,0.0355,1.1863,40.52,0.26,9f5416b6417d,2025-10-03
2025-10-03,2025-10-03 18:30:20.176026,AAPL,258.02,2025-10-10,6,220.0,CALL,38.1,37.75,38.45,409,925,0.6397,0.9769,0.0026,-0.1227,0.0181,0.0351,1.1728,38.02,0.08,cb15cad93e16,2025-10-03
2025-10-03,2025-10-03 18:30:20.176387,AAPL,258.02,2025-10-10,6,222.5,CALL,35.22,35.1,36.25,271,51,0.502,0.9905,0.0015,-0.0624,0.0084,0.0361,1.1596,35.52,0.0,5906a479ff72,2025-10-03
2025-10-03,2025-10-03 18:30:20.176722,AAPL,258.02,2025-10-10,6,225.0,CALL,33.05,32.65,33.8,245,710,0.6445,0.9561,0.0044,-0.1913,0.0307,0.035,1.1468,33.02,0.03,4a177e26a4f7,2025-10-03
2025-10-03,2025-10-03 18:30:20.177039,AAPL,258.02,2025-10-10,6,227.5,CALL,30.86,30.45,31.05,1303,237,0.5523,0.9659,0.0041,-0.142,0.025,0.0359,1.1342,30.52,0.34,9be2a90b1ffb,2025-10-03
2025-10-03,2025-10-03 18:30:20.177358,AAPL,258.02,2025-10-10,6,230.0,CALL,27.79,28.1,28.5,1350,1541,0.5029,0.9661,0.0045,-0.1316,0.0249,0.0363,1.1218,28.02,0.0,7388004e0942,2025-10-03
2025-10-03,2025-10-03 18:30:20.177671,AAPL,258.02,2025-10-10,6,232.5,CALL,25.41,25.45,26.35,47,295,0.5308,0.9424,0.0066,-0.1955,0.0382,0.0357,1.1098,25.52,0.0,8ab364347ae4,2025-10-03
2025-10-03,2025-10-03 18:30:20.177984,AAPL,258.02,2025-10-10,6,235.0,CALL,22.96,22.5,23.5,116,2370,0.4273,0.9597,0.0061,-0.1298,0.0287,0.0369,1.098,23.02,0.0,a9568e19cbe1,2025-10-03
2025-10-03,2025-10-03 18:30:20.178304,AAPL,258.02,2025-10-10,6,237.5,CALL,20.61,20.15,21.2,260,127,0.4243,0.9411,0.0084,-0.1647,0.0388,0.0365,1.0864,20.52,0.09,4b7f2b124bf2,2025-10-03
2025-10-03,2025-10-03 18:30:20.178614,AAPL,258.02,2025-10-10,6,240.0,CALL,18.28,18.2,18.6,547,2474,0.3679,0.9423,0.0095,-0.1449,0.0382,0.0369,1.0751,18.02,0.26,3fabe3e829b3,2025-10-03
2025-10-03,2025-10-03 18:30:20.178922,AAPL,258.02,2025-10-10,6,242.5,CALL,15.52,15.65,16.25,136,1815,0.3499,0.9225,0.0125,-0.1674,0.048,0.0365,1.064,15.52,0.0,3a6175ad7113,2025-10-03
2025-10-03,2025-10-03 18:30:20.179239,AAPL,258.02,2025-10-10,6,245.0,CALL,13.4,13.4,13.6,789,5219,0.2874,0.9256,0.0148,-0.1392,0.0465,0.037,1.0531,13.02,0.38,75bc865d4bed,2025-10-03
2025-10-03,2025-10-03 18:30:20.179547,AAPL,258.02,2025-10-10,6,247.5,CALL,11.11,11.05,11.3,5551,918,0.2703,0.8925,0.0207,-0.1648,0.0612,0.036,1.0425,10.52,0.59,5387aa9d5c0d,2025-10-03
2025-10-03,2025-10-03 18:30:20.179861,AAPL,258.02,2025-10-10,6,250.0,CALL,8.9,8.85,9.0,12103,26207,0.2454,0.8515,0.0285,-0.1826,0.0766,0.0347,1.0321,8.02,0.88,e25fc6bad970,2025-10-03
2025-10-03,2025-10-03 18:30:20.180170,AAPL,258.02,2025-10-10,6,252.5,CALL,6.7,6.8,6.9,2123,4174,0.2296,0.7807,0.0389,-0.2111,0.0978,0.032,1.0219,5.52,1.18,2ddd5930ea63,2025-10-03
2025-10-03,2025-10-03 18:30:20.180485,AAPL,258.02,2025-10-10,6,255.0,CALL,5.05,4.9,5.1,14500,7986,0.2229,0.6744,0.0488,-0.2422,0.1192,0.0278,1.0118,3.02,2.03,23bdc0760542,2025-10-03
2025-10-03,2025-10-03 18:30:20.180794,AAPL,258.02,2025-10-10,6,257.5,CALL,3.37,3.35,3.45,27191,6909,0.2091,0.5463,0.0573,-0.2454,0.1311,0.0227,1.002,0.52,2.85,3011aade4c89,2025-10-03
2025-10-03,2025-10-03 18:30:20.181102,AAPL,258.02,2025-10-10,6,260.0,CALL,2.15,2.14,2.18,61479,24418,0.2006,0.3991,0.0582,-0.226,0.1277,0.0166,0.9924,0.0,2.15,ff888d87206d,2025-10-03
2025-10-03,2025-10-03 18:30:20.181416,AAPL,258.02,2025-10-10,6,262.5,CALL,1.28,1.26,1.3,29172,6330,0.1969,0.2611,0.0499,-0.1846,0.1075,0.0109,0.9829,0.0,1.28,60cf7c5c65dc,2025-10-03
2025-10-03,2025-10-03 18:30:20.181726,AAPL,258.02,2025-10-10,6,265.0,CALL,0.73,0.7,0.73,22298,10713,0.1956,0.1533,0.0366,-0.1323,0.0782,0.0064,0.9737,0.0,0.73,3e91ee242b2a,2025-10-03
2025-10-03,2025-10-03 18:30:20.182036,AAPL,258.02,2025-10-10,6,267.5,CALL,0.4,0.38,0.4,8427,2460,0.1973,0.0831,0.0234,-0.0858,0.0506,0.0035,0.9646,0.0,0.4,dd69eb536961,2025-10-03
2025-10-03,2025-10-03 18:30:20.182343,AAPL,258.02,2025-10-10,6,270.0,CALL,0.2,0.2,0.21,35828,14246,0.1995,0.0416,0.0135,-0.0502,0.0294,0.0017,0.9556,0.0,0.2,8a644eb2e7d7,2025-10-03
2025-10-03,2025-10-03 18:30:20.182634,AAPL,258.02,2025-10-10,6,272.5,CALL,0.11,0.1,0.12,5821,3957,0.2066,0.0217,0.0076,-0.0302,0.0171,0.0009,0.9469,0.0,0.11,337ce3881078,2025-10-03
2025-10-03,2025-10-03 18:30:20.182926,AAPL,258.02,2025-10-10,6,275.0,CALL,0.07,0.06,0.07,5209,8179,0.2139,0.0112,0.0042,-0.0177,0.0097,0.0005,0.9383,0.0,0.07,feab38566d2e,2025-10-03
2025-10-03,2025-10-03 18:30:20.183216,AAPL,258.02,2025-10-10,6,280.0,CALL,0.02,0.02,0.03,1703,2336,0.2363,0.0039,0.0015,-0.0077,0.0039,0.0002,0.9215,0.0,0.02,6081e1879a19,2025-10-03
2025-10-03,2025-10-03 18:30:20.183500,AAPL,258.02,2025-10-10,6,285.0,CALL,0.01,0.01,0.02,976,1429,0.2656,0.002,0.0007,-0.0047,0.0021,0.0001,0.9053,0.0,0.01,7eee7530dd11,2025-10-03
2025-10-03,2025-10-03 18:30:20.183785,AAPL,258.02,2025-10-10,6,290.0,CALL,0.01,0.0,0.02,171,871,0.3086,0.0018,0.0006,-0.0049,0.0019,0.0001,0.8897,0.0,0.01,0d621264a24e,2025-10-03
2025-10-03,2025-10-03 18:30:20.184076,AAPL,258.02,2025-10-10,6,295.0,CALL,0.01,0.0,0.01,174,1351,0.3203,0.0006,0.0002,-0.002,0.0007,0.0,0.8746,0.0,0.01,b0c691fef5cd,2025-10-03
2025-10-03,2025-10-03 18:30:20.184359,AAPL,258.02,2025-10-10,6,300.0,CALL,0.01,0.0,0.01,143,1620,0.3594,0.0006,0.0002,-0.0021,0.0007,0.0,0.8601,0.0,0.01,3bd855d874e5,2025-10-03
2025-10-03,2025-10-03 18:30:20.184643,AAPL,258.02,2025-10-10,6,305.0,CALL,0.01,0.0,0.01,1,297,0.3906,0.0005,0.0001,-0.0019,0.0006,0.0,0.846,0.0,0.01,c2564954a3bc,2025-10-03
2025-10-03,2025-10-03 18:30:20.184927,AAPL,258.02,2025-10-10,6,310.0,CALL,0.01,0.0,0.01,300,750,0.4297,0.0005,0.0001,-0.0021,0.0006,0.0,0.8323,0.0,0.01,4c55956939b4,2025-10-03
2025-10-03,2025-10-03 18:30:20.185209,AAPL,258.02,2025-10-10,6,315.0,CALL,0.03,0.0,0.01,0,63,0.4609,0.0004,0.0001,-0.002,0.0005,0.0,0.8191,0.0,0.03,2a919cfe8bf0,2025-10-03
2025-10-03,2025-10-03 18:30:20.185497,AAPL,258.02,2025-10-10,6,320.0,CALL,0.02,0.0,0.01,0,189,0.4922,0.0004,0.0001,-0.0019,0.0005,0.0,0.8063,0.0,0.02,cef6c3c65746,2025-10-03
2025-10-03,2025-10-03 18:30:20.186147,AAPL,258.02,2025-10-10,6,325.0,CALL,0.01,0.0,0.01,2,29,0.5,0.0002,0.0,-0.001,0.0002,0.0,0.7939,0.0,0.01,75b936a88ce6,2025-10-03
2025-10-03,2025-10-03 18:30:20.186583,AAPL,258.02,2025-10-10,6,120.0,PUT,0.01,0.0,0.01,4,34,1.5625,-0.0,0.0,-0.0008,0.0001,-0.0,2.1502,0.0,0.01,e49b7cee0bc3,2025-10-03
2025-10-03,2025-10-03 18:30:20.186878,AAPL,258.02,2025-10-10,6,125.0,PUT,0.01,0.0,0.01,1,2,1.5,-0.0001,0.0,-0.0009,0.0001,-0.0,2.0642,0.0,0.01,ddc3d2b906d6,2025-10-03
2025-10-03,2025-10-03 18:30:20.187164,AAPL,258.02,2025-10-10,6,135.0,PUT,0.01,0.0,0.01,80,103,1.3125,-0.0,0.0,-0.0006,0.0001,-0.0,1.9113,0.0,0.01,2a4a848ac222,2025-10-03
2025-10-03,2025-10-03 18:30:20.187445,AAPL,258.02,2025-10-10,6,140.0,PUT,0.01,0.0,0.01,0,110,1.25,-0.0,0.0,-0.0007,0.0001,-0.0,1.843,0.0,0.01,5b557a6a070f,2025-10-03
2025-10-03,2025-10-03 18:30:20.187724,AAPL,258.02,2025-10-10,6,145.0,PUT,0.02,0.0,0.01,0,15,1.1875,-0.0001,0.0,-0.0007,0.0001,-0.0,1.7794,0.0,0.02,f87dd0f95a24,2025-10-03
2025-10-03,2025-10-03 18:30:20.188008,AAPL,258.02,2025-10-10,6,150.0,PUT,0.01,0.0,0.01,1,7,1.125,-0.0001,0.0,-0.0008,0.0001,-0.0,1.7201,0.0,0.01,c547115fa29d,2025-10-03
2025-10-03,2025-10-03 18:30:20.188289,AAPL,258.02,2025-10-10,6,155.0,PUT,0.01,0.0,0.01,191,212,1.0625,-0.0001,0.0,-0.0008,0.0001,-0.0,1.6646,0.0,0.01,7269334c358e,2025-10-03
2025-10-03,2025-10-03 18:30:20.188555,AAPL,258.02,2025-10-10,6,160.0,PUT,0.01,0.0,0.01,227,318,0.9844,-0.0001,0.0,-0.0006,0.0001,-0.0,1.6126,0.0,0.01,5e8a84b2654a,2025-10-03
2025-10-03,2025-10-03 18:30:20.188819,AAPL,258.02,2025-10-10,6,165.0,PUT,0.02,0.0,0.01,1,299,0.9375,-0.0001,0.0,-0.0008,0.0001,-0.0,1.5638,0.0,0.02,0ae71d48f6af,2025-10-03
2025-10-03,2025-10-03 18:30:20.189087,AAPL,258.02,2025-10-10,6,170.0,PUT,0.01,0.0,0.01,10,278,0.875,-0.0001,0.0,-0.0008,0.0001,-0.0,1.5178,0.0,0.01,85a7071c494d,2025-10-03
2025-10-03,2025-10-03 18:30:20.189346,AAPL,258.02,2025-10-10,6,175.0,PUT,0.02,0.0,0.01,109,211,0.8125,-0.0001,0.0,-0.0007,0.0001,-0.0,1.4744,0.0,0.02,36fcf90eb5c5,2025-10-03
2025-10-03,2025-10-03 18:30:20.189614,AAPL,258.02,2025-10-10,6,180.0,PUT,0.01,0.0,0.01,43,1322,0.7656,-0.0001,0.0,-0.0008,0.0001,-0.0,1.4334,0.0,0.01,d04e0fba43fc,2025-10-03
2025-10-03,2025-10-03 18:30:20.189873,AAPL,258.02,2025-10-10,6,185.0,PUT,0.02,0.0,0.03,103,1120,0.7813,-0.0004,0.0001,-0.0028,0.0004,-0.0,1.3947,0.0,0.02,faa917da3300,2025-10-03
2025-10-03,2025-10-03 18:30:20.190130,AAPL,258.02,2025-10-10,6,190.0,PUT,0.01,0.0,0.02,58,849,0.7031,-0.0003,0.0,-0.002,0.0003,-0.0,1.358,0.0,0.01,10c3d21ec5b5,2025-10-03
2025-10-03,2025-10-03 18:30:20.190388,AAPL,258.02,2025-10-10,6,195.0,PUT,0.01,0.0,0.02,1,343,0.6406,-0.0003,0.0,-0.0018,0.0003,-0.0,1.3232,0.0,0.01,990592e3530d,2025-10-03
2025-10-03,2025-10-03 18:30:20.190654,AAPL,258.02,2025-10-10,6,200.0,PUT,0.01,0.01,0.02,29,1473,0.6094,-0.0005,0.0001,-0.0028,0.0006,-0.0,1.2901,0.0,0.01,8b8cbdf24bca,2025-10-03
2025-10-03,2025-10-03 18:30:20.190912,AAPL,258.02,2025-10-10,6,205.0,PUT,0.02,0.01,0.02,58,3664,0.5547,-0.0005,0.0001,-0.0028,0.0006,-0.0,1.2586,0.0,0.02,4e7e313599c4,2025-10-03
2025-10-03,2025-10-03 18:30:20.191176,AAPL,258.02,2025-10-10,6,210.0,PUT,0.03,0.02,0.03,117,1348,0.5313,-0.0011,0.0002,-0.0052,0.0012,-0.0,1.2287,0.0,0.03,e98ac2794239,2025-10-03
2025-10-03,2025-10-03 18:30:20.191435,AAPL,258.02,2025-10-10,6,215.0,PUT,0.02,0.02,0.03,116,1159,0.4844,-0.0014,0.0003,-0.0062,0.0016,-0.0001,1.2001,0.0,0.02,86d70da43353,2025-10-03
2025-10-03,2025-10-03 18:30:20.191696,AAPL,258.02,2025-10-10,6,217.5,PUT,0.03,0.02,0.03,8,1152,0.457,-0.0016,0.0003,-0.0063,0.0017,-0.0001,1.1863,0.0,0.03,35f294c072d7,2025-10-03
2025-10-03,2025-10-03 18:30:20.191960,AAPL,258.02,2025-10-10,6,220.0,PUT,0.02,0.02,0.04,445,6120,0.4453,-0.0023,0.0005,-0.0088,0.0024,-0.0001,1.1728,0.0,0.02,ef1fccc6f839,2025-10-03
2025-10-03,2025-10-03 18:30:20.192218,AAPL,258.02,2025-10-10,6,222.5,PUT,0.03,0.02,0.03,191,318,0.4023,-0.0018,0.0004,-0.0063,0.0019,-0.0001,1.1596,0.0,0.03,17746c2bda15,2025-10-03
2025-10-03,2025-10-03 18:30:20.192473,AAPL,258.02,2025-10-10,6,225.0,PUT,0.04,0.03,0.04,163,2628,0.3887,-0.0027,0.0006,-0.0087,0.0027,-0.0001,1.1468,0.0,0.04,eb1696ddf8e9,2025-10-03
2025-10-03,2025-10-03 18:30:20.192732,AAPL,258.02,2025-10-10,6,227.5,PUT,0.05,0.03,0.04,137,353,0.3613,-0.0029,0.0007,-0.0088,0.003,-0.0001,1.1342,0.0,0.05,3eda02f859de,2025-10-03
2025-10-03,2025-10-03 18:30:20.192993,AAPL,258.02,2025-10-10,6,230.0,PUT,0.04,0.04,0.05,309,2582,0.3428,-0.004,0.001,-0.011,0.0039,-0.0002,1.1218,0.0,0.04,89dcc62ebb23,2025-10-03
2025-10-03,2025-10-03 18:30:20.193265,AAPL,258.02,2025-10-10,6,232.5,PUT,0.05,0.05,0.06,175,1286,0.3223,-0.0052,0.0014,-0.0132,0.005,-0.0002,1.1098,0.0,0.05,75c2e6ada382,2025-10-03
2025-10-03,2025-10-03 18:30:20.193527,AAPL,258.02,2025-10-10,6,235.0,PUT,0.06,0.06,0.07,835,2480,0.2998,-0.0068,0.0019,-0.0154,0.0063,-0.0003,1.098,0.0,0.06,102be20074fc,2025-10-03
2025-10-03,2025-10-03 18:30:20.193793,AAPL,258.02,2025-10-10,6,237.5,PUT,0.14,0.08,0.09,400,1375,0.2813,-0.0097,0.0028,-0.0199,0.0086,-0.0004,1.0864,0.0,0.14,975074cdc8ed,2025-10-03
2025-10-03,2025-10-03 18:30:20.194051,AAPL,258.02,2025-10-10,6,240.0,PUT,0.12,0.11,0.13,1440,3523,0.2671,-0.0157,0.0044,-0.0284,0.013,-0.0007,1.0751,0.0,0.12,7ede93a5cf78,2025-10-03
2025-10-03,2025-10-03 18:30:20.194314,AAPL,258.02,2025-10-10,6,242.5,PUT,0.18,0.16,0.18,2346,3001,0.25,-0.0242,0.0069,-0.0384,0.0188,-0.001,1.064,0.0,0.18,1ff7d0a1cd25,2025-10-03
2025-10-03,2025-10-03 18:30:20.194559,AAPL,258.02,2025-10-10,6,245.0,PUT,0.27,0.26,0.27,4761,4144,0.2363,-0.0402,0.0111,-0.0551,0.0286,-0.0017,1.0531,0.0,0.27,d2458dd06435,2025-10-03
2025-10-03,2025-10-03 18:30:20.194807,AAPL,258.02,2025-10-10,6,247.5,PUT,0.43,0.41,0.44,3242,4073,0.2271,-0.0708,0.018,-0.0825,0.0448,-0.003,1.0425,0.0,0.43,5b6dfa9f7967,2025-10-03
2025-10-03,2025-10-03 18:30:20.195052,AAPL,258.02,2025-10-10,6,250.0,PUT,0.7,0.68,0.7,14974,6151,0.2168,-0.1197,0.0278,-0.1155,0.0661,-0.0051,1.0321,0.0,0.7,5b618f146305,2025-10-03
2025-10-03,2025-10-03 18:30:20.195297,AAPL,258.02,2025-10-10,6,252.5,PUT,1.12,1.09,1.12,11248,5051,0.2081,-0.1973,0.0403,-0.1529,0.0918,-0.0085,1.0219,0.0,1.12,f608eac52078,2025-10-03
2025-10-03,2025-10-03 18:30:20.195542,AAPL,258.02,2025-10-10,6,255.0,PUT,1.74,1.71,1.75,21404,4210,0.1996,-0.3079,0.0533,-0.1836,0.1164,-0.0133,1.0118,0.0,1.74,e52d2400da9d,2025-10-03
2025-10-03,2025-10-03 18:30:20.195785,AAPL,258.02,2025-10-10,6,257.5,PUT,2.66,2.59,2.71,11360,2596,0.1946,-0.4511,0.0615,-0.1978,0.131,-0.0195,1.002,0.0,2.66,30bfd184261b,2025-10-03
2025-10-03,2025-10-03 18:30:20.196028,AAPL,258.02,2025-10-10,6,260.0,PUT,4.0,3.85,4.0,6196,680,0.1898,-0.607,0.0612,-0.1815,0.1272,-0.0263,0.9924,1.98,2.02,eb4cfe46f118,2025-10-03
2025-10-03,2025-10-03 18:30:20.196274,AAPL,258.02,2025-10-10,6,262.5,PUT,6.0,5.5,5.65,1853,843,0.1868,-0.7505,0.0514,-0.1389,0.105,-0.0327,0.9829,4.48,1.52,9f1c921ec4be,2025-10-03
2025-10-03,2025-10-03 18:30:20.196518,AAPL,258.02,2025-10-10,6,265.0,PUT,7.6,7.4,7.6,1128,222,0.1843,-0.8613,0.0363,-0.0841,0.0732,-0.0377,0.9737,6.98,0.62,bea115b366a0,2025-10-03
2025-10-03,2025-10-03 18:30:20.196759,AAPL,258.02,2025-10-10,6,267.5,PUT,9.88,9.5,10.05,63,21,0.219,-0.8934,0.0254,-0.0814,0.0608,-0.0395,0.9646,9.48,0.4,465022bd55e1,2025-10-03
2025-10-03,2025-10-03 18:30:20.197001,AAPL,258.02,2025-10-10,6,270.0,PUT,12.47,11.95,12.3,188,125,0.2202,-0.9415,0.016,-0.0395,0.0387,-0.0419,0.9556,11.98,0.49,4cc52f45ae8d,2025-10-03
2025-10-03,2025-10-03 18:30:20.197247,AAPL,258.02,2025-10-10,6,272.5,PUT,14.6,14.05,14.95,9,1,0.2783,-0.9321,0.0142,-0.0692,0.0434,-0.0419,0.9469,14.48,0.12,98eac975c7e8,2025-10-03
2025-10-03,2025-10-03 18:30:20.197489,AAPL,258.02,2025-10-10,6,275.0,PUT,16.95,16.45,17.55,63,7,0.3276,-0.9304,0.0123,-0.0891,0.0442,-0.0423,0.9383,16.98,0.0,6cbc11f15e0c,2025-10-03
2025-10-03,2025-10-03 18:30:20.197729,AAPL,258.02,2025-10-10,6,280.0,PUT,21.6,21.55,22.5,25,5,0.385,-0.947,0.0085,-0.0818,0.0357,-0.0438,0.9215,21.98,0.0,c0fc193cd99c,2025-10-03
2025-10-03,2025-10-03 18:30:20.197971,AAPL,258.02,2025-10-10,6,290.0,PUT,36.46,31.6,32.55,2,0,0.5156,-0.9576,0.0053,-0.0941,0.0299,-0.0459,0.8897,31.98,4.48,57b347e69bcf,2025-10-03
2025-10-03,2025-10-03 18:30:20.198212,AAPL,258.02,2025-10-10,6,295.0,PUT,42.75,36.5,37.55,2,0,0.5728,-0.9622,0.0043,-0.0947,0.0272,-0.0469,0.8746,36.98,5.77,5da81440a7ed,2025-10-03
2025-10-03,2025-10-03 18:30:20.198455,AAPL,258.02,2025-10-10,6,300.0,PUT,46.68,41.5,42.55,1,0,0.6279,-0.9658,0.0036,-0.0952,0.0251,-0.0479,0.8601,41.98,4.7,f3e7b8d50980,2025-10-03
2025-10-03,2025-10-03 18:30:20.198694,AAPL,258.02,2025-10-10,6,310.0,PUT,55.7,51.5,52.55,3,0,0.5,-0.9976,0.0005,0.0278,0.0025,-0.0508,0.8323,51.98,3.72,c72167be98dc,2025-10-03
2025-10-03,2025-10-03 18:30:20.326543,AAPL,258.02,2025-10-17,13,90.0,CALL,165.75,167.15,168.8,2,23,2.666,0.9906,0.0002,-0.1372,0.0123,0.031,2.8669,168.02,0.0,51a81ed06229,2025-10-03
2025-10-03,2025-10-03 18:30:20.326934,AAPL,258.02,2025-10-17,13,95.0,CALL,160.4,162.1,163.85,0,2,2.5654,0.9895,0.0002,-0.1446,0.0135,0.0326,2.716,163.02,0.0,cd11f59d4830,2025-10-03
2025-10-03,2025-10-03 18:30:20.327315,AAPL,258.02,2025-10-17,13,100.0,CALL,146.12,157.15,158.8,5,20,2.4189,0.9895,0.0002,-0.1379,0.0135,0.0344,2.5802,158.02,0.0,fdce4c6c410e,2025-10-03
2025-10-03,2025-10-03 18:30:20.327873,AAPL,258.02,2025-10-17,13,105.0,CALL,110.26,122.4,124.25,2,14,0.0,1.0,0.0,-0.0129,0.0,0.0373,2.4573,153.02,0.0,1472ee1d37a9,2025-10-03
2025-10-03,2025-10-03 18:30:20.328221,AAPL,258.02,2025-10-17,13,110.0,CALL,121.0,147.15,148.85,345,462,2.2178,0.9878,0.0003,-0.1449,0.0155,0.0378,2.3456,148.02,0.0,13a6f75db849,2025-10-03
2025-10-03,2025-10-03 18:30:20.328568,AAPL,258.02,2025-10-17,13,115.0,CALL,112.7,129.8,132.05,1,99,0.0,1.0,0.0,-0.0142,0.0,0.0409,2.2437,143.02,0.0,0d1841f4d343,2025-10-03
2025-10-03,2025-10-03 18:30:20.328914,AAPL,258.02,2025-10-17,13,120.0,CALL,91.56,107.8,109.05,1,67,0.0,1.0,0.0,-0.0148,0.0,0.0427,2.1502,138.02,0.0,faaf163f3252,2025-10-03
2025-10-03,2025-10-03 18:30:20.329269,AAPL,258.02,2025-10-17,13,125.0,CALL,114.66,132.15,133.9,3,19,1.0625,0.9999,0.0,-0.0162,0.0002,0.0444,2.0642,133.02,0.0,44037398b811,2025-10-03
2025-10-03,2025-10-03 18:30:20.329606,AAPL,258.02,2025-10-17,13,130.0,CALL,124.4,127.2,128.7,10,164,1.7617,0.9872,0.0004,-0.1244,0.0161,0.0449,1.9848,128.02,0.0,3ec373055b00,2025-10-03
2025-10-03,2025-10-03 18:30:20.329948,AAPL,258.02,2025-10-17,13,135.0,CALL,119.0,122.15,123.95,2,73,1.1328,0.9992,0.0001,-0.0226,0.0014,0.0479,1.9113,123.02,0.0,16cafacf157a,2025-10-03
2025-10-03,2025-10-03 18:30:20.330293,AAPL,258.02,2025-10-17,13,140.0,CALL,114.3,117.2,118.9,18,82,1.0703,0.9991,0.0001,-0.0231,0.0014,0.0497,1.843,118.02,0.0,d7f64d77efd1,2025-10-03
2025-10-03,2025-10-03 18:30:20.330633,AAPL,258.02,2025-10-17,13,145.0,CALL,109.53,112.2,113.7,1,178,1.5107,0.985,0.0005,-0.1246,0.0185,0.05,1.7794,113.02,0.0,cb2be17e4b3b,2025-10-03
2025-10-03,2025-10-03 18:30:20.330944,AAPL,258.02,2025-10-17,13,150.0,CALL,107.91,107.55,109.25,8,726,1.3027,0.9902,0.0004,-0.0818,0.0127,0.0524,1.7201,108.02,0.0,07325b02ca65,2025-10-03
2025-10-03,2025-10-03 18:30:20.331244,AAPL,258.02,2025-10-17,13,155.0,CALL,103.37,102.45,104.1,2,176,1.1621,0.9927,0.0004,-0.063,0.0099,0.0544,1.6646,103.02,0.35,c40d5e1d8325,2025-10-03
2025-10-03,2025-10-03 18:30:20.331542,AAPL,258.02,2025-10-17,13,160.0,CALL,97.77,97.6,98.7,1,299,1.002,0.9957,0.0003,-0.0431,0.0061,0.0565,1.6126,98.02,0.0,f972f067f890,2025-10-03
2025-10-03,2025-10-03 18:30:20.331841,AAPL,258.02,2025-10-17,13,165.0,CALL,91.25,92.8,94.15,2,234,1.1299,0.9865,0.0006,-0.0931,0.0169,0.0573,1.5638,93.02,0.0,d765faec2130,2025-10-03
2025-10-03,2025-10-03 18:30:20.332137,AAPL,258.02,2025-10-17,13,170.0,CALL,86.48,87.8,89.1,78,655,1.0542,0.9863,0.0007,-0.0898,0.0171,0.0591,1.5178,88.02,0.0,59e51758c3f8,2025-10-03
2025-10-03,2025-10-03 18:30:20.332434,AAPL,258.02,2025-10-17,13,175.0,CALL,84.25,82.95,83.75,11,1043,0.9492,0.9883,0.0007,-0.0756,0.0149,0.0611,1.4744,83.02,1.23,3a4cca297bd7,2025-10-03
2025-10-03,2025-10-03 18:30:20.332736,AAPL,258.02,2025-10-17,13,180.0,CALL,79.35,77.9,78.85,44,1730,0.8989,0.9867,0.0008,-0.0793,0.0166,0.0627,1.4334,78.02,1.33,90b29b554430,2025-10-03
2025-10-03,2025-10-03 18:30:20.333033,AAPL,258.02,2025-10-17,13,185.0,CALL,73.27,73.0,74.1,8,654,0.8984,0.9801,0.0011,-0.1031,0.0235,0.0638,1.3947,73.02,0.25,1c85a8480c76,2025-10-03
2025-10-03,2025-10-03 18:30:20.333329,AAPL,258.02,2025-10-17,13,190.0,CALL,68.0,67.95,69.1,3,1398,0.8296,0.9795,0.0012,-0.0996,0.0241,0.0656,1.358,68.02,0.0,4ad0d4980f59,2025-10-03
2025-10-03,2025-10-03 18:30:20.333628,AAPL,258.02,2025-10-17,13,195.0,CALL,63.85,62.65,64.5,12,1876,0.7827,0.9762,0.0015,-0.1055,0.0273,0.067,1.3232,63.02,0.83,6ebd1640aa86,2025-10-03
2025-10-03,2025-10-03 18:30:20.333927,AAPL,258.02,2025-10-17,13,200.0,CALL,57.92,58.05,59.1,47,2959,0.7231,0.9742,0.0017,-0.105,0.0292,0.0686,1.2901,58.02,0.0,38804f77a00f,2025-10-03
2025-10-03,2025-10-03 18:30:20.334221,AAPL,258.02,2025-10-17,13,205.0,CALL,53.35,52.5,54.3,32,11054,0.6191,0.9794,0.0016,-0.0822,0.0242,0.0709,1.2586,53.02,0.33,fb98dcedb506,2025-10-03
2025-10-03,2025-10-03 18:30:20.334521,AAPL,258.02,2025-10-17,13,210.0,CALL,48.5,47.8,48.75,142,20394,0.5264,0.9838,0.0016,-0.0652,0.0197,0.0731,1.2287,48.02,0.48,6985a1b5474c,2025-10-03
2025-10-03,2025-10-03 18:30:20.334818,AAPL,258.02,2025-10-17,13,215.0,CALL,43.31,43.15,43.95,184,13113,0.5439,0.9674,0.0028,-0.0997,0.0355,0.0733,1.2001,43.02,0.29,4b738164a1e3,2025-10-03
2025-10-03,2025-10-03 18:30:20.335112,AAPL,258.02,2025-10-17,13,217.5,CALL,41.08,39.95,41.45,29,30,0.5833,0.9476,0.0038,-0.142,0.0522,0.0723,1.1863,40.52,0.56,c7fb530539d5,2025-10-03
2025-10-03,2025-10-03 18:30:20.335414,AAPL,258.02,2025-10-17,13,220.0,CALL,38.1,38.15,38.9,760,13232,0.5454,0.9469,0.0041,-0.1358,0.0527,0.0731,1.1728,38.02,0.08,4b4de81f12ca,2025-10-03
2025-10-03,2025-10-03 18:30:20.335715,AAPL,258.02,2025-10-17,13,222.5,CALL,35.76,34.9,36.75,1,14,0.5606,0.929,0.005,-0.1676,0.0661,0.0723,1.1596,35.52,0.24,f20edff543ba,2025-10-03
2025-10-03,2025-10-03 18:30:20.336012,AAPL,258.02,2025-10-17,13,225.0,CALL,33.55,33.2,33.9,161,13738,0.4846,0.9407,0.005,-0.1329,0.0575,0.0743,1.1468,33.02,0.53,9792b0108096,2025-10-03
2025-10-03,2025-10-03 18:30:20.336315,AAPL,258.02,2025-10-17,13,227.5,CALL,30.85,30.0,31.75,49,101,0.4963,0.9204,0.0061,-0.163,0.0721,0.0733,1.1342,30.52,0.33,a47864458e35,2025-10-03
2025-10-03,2025-10-03 18:30:20.336616,AAPL,258.02,2025-10-17,13,230.0,CALL,28.5,28.35,28.85,1926,19362,0.4177,0.9355,0.0062,-0.1248,0.0614,0.0756,1.1218,28.02,0.48,afa14a5f522d,2025-10-03
2025-10-03,2025-10-03 18:30:20.336900,AAPL,258.02,2025-10-17,13,232.5,CALL,26.65,25.55,26.7,10,46,0.4268,0.912,0.0077,-0.1533,0.0778,0.0743,1.1098,25.52,1.13,4861c8073c3c,2025-10-03
2025-10-03,2025-10-03 18:30:20.337183,AAPL,258.02,2025-10-17,13,235.0,CALL,23.8,23.5,23.8,849,17565,0.3516,0.9287,0.008,-0.1163,0.0663,0.0768,1.098,23.02,0.78,6c8185dcb485,2025-10-03
2025-10-03,2025-10-03 18:30:20.337463,AAPL,258.02,2025-10-17,13,237.5,CALL,20.78,20.5,21.75,39,210,0.3669,0.8952,0.0102,-0.1506,0.0885,0.0745,1.0864,20.52,0.26,b1aee4e65899,2025-10-03
2025-10-03,2025-10-03 18:30:20.337752,AAPL,258.02,2025-10-17,13,240.0,CALL,18.64,18.7,19.0,1804,27926,0.3112,0.9014,0.0115,-0.1275,0.0846,0.076,1.0751,18.02,0.62,dcb8eaf5f93b,2025-10-03
2025-10-03,2025-10-03 18:30:20.338031,AAPL,258.02,2025-10-17,13,242.5,CALL,16.2,16.25,16.75,67,324,0.3008,0.8748,0.0141,-0.1418,0.1003,0.0744,1.064,15.52,0.68,9e2f0655d893,2025-10-03
2025-10-03,2025-10-03 18:30:20.338311,AAPL,258.02,2025-10-17,13,245.0,CALL,14.15,14.1,14.35,1677,17479,0.2745,0.8546,0.0171,-0.1428,0.1112,0.0734,1.0531,13.02,1.13,f91ecac9fe3f,2025-10-03
2025-10-03,2025-10-03 18:30:20.338587,AAPL,258.02,2025-10-17,13,247.5,CALL,11.75,11.9,12.15,289,2617,0.26,0.8174,0.0209,-0.1534,0.1289,0.0708,1.0425,10.52,1.23,64b5a5d2097d,2025-10-03
2025-10-03,2025-10-03 18:30:20.338866,AAPL,258.02,2025-10-17,13,250.0,CALL,9.84,9.9,10.0,3817,34550,0.2434,0.7719,0.0255,-0.1611,0.1472,0.0674,1.0321,8.02,1.82,41f7ec833f91,2025-10-03
2025-10-03,2025-10-03 18:30:20.339141,AAPL,258.02,2025-10-17,13,252.5,CALL,7.8,7.95,8.1,1359,2258,0.2349,0.7075,0.03,-0.1727,0.1673,0.0621,1.0219,5.52,2.28,5f91c783fae3,2025-10-03
2025-10-03,2025-10-03 18:30:20.339423,AAPL,258.02,2025-10-17,13,255.0,CALL,6.28,6.25,6.35,4277,20747,0.2258,0.6312,0.0343,-0.1788,0.1837,0.0558,1.0118,3.02,3.26,3b5abc0af5b7,2025-10-03
2025-10-03,2025-10-03 18:30:20.339702,AAPL,258.02,2025-10-17,13,257.5,CALL,4.72,4.7,4.8,4952,9153,0.2175,0.5433,0.0374,-0.1783,0.1931,0.0483,1.002,0.52,4.2,9b8f745e98f7,2025-10-03
2025-10-03,2025-10-03 18:30:20.339988,AAPL,258.02,2025-10-17,13,260.0,CALL,3.48,3.45,3.55,24747,28484,0.2134,0.4483,0.0381,-0.1719,0.1926,0.04,0.9924,0.0,3.48,d75875e7c269,2025-10-03
2025-10-03,2025-10-03 18:30:20.340272,AAPL,258.02,2025-10-17,13,262.5,CALL,2.45,2.46,2.51,6136,8739,0.2086,0.3532,0.0366,-0.1561,0.1809,0.0316,0.9829,0.0,2.45,6c7391eab04e,2025-10-03
2025-10-03,2025-10-03 18:30:20.340552,AAPL,258.02,2025-10-17,13,265.0,CALL,1.73,1.69,1.75,7734,15283,0.2073,0.267,0.0326,-0.1359,0.1601,0.024,0.9737,0.0,1.73,fcc3a9958741,2025-10-03
2025-10-03,2025-10-03 18:30:20.340832,AAPL,258.02,2025-10-17,13,267.5,CALL,1.16,1.14,1.18,2946,2155,0.2063,0.1932,0.0273,-0.112,0.1335,0.0174,0.9646,0.0,1.16,4893d82598e1,2025-10-03
2025-10-03,2025-10-03 18:30:20.341105,AAPL,258.02,2025-10-17,13,270.0,CALL,0.78,0.76,0.79,12726,19640,0.2072,0.1356,0.0216,-0.0887,0.106,0.0122,0.9556,0.0,0.78,96a4df72b4ed,2025-10-03
2025-10-03,2025-10-03 18:30:20.341381,AAPL,258.02,2025-10-17,13,272.5,CALL,0.5,0.51,0.53,511,582,0.2097,0.0935,0.0164,-0.0686,0.0814,0.0084,0.9469,0.0,0.5,83c6b75175a6,2025-10-03
2025-10-03,2025-10-03 18:30:20.341661,AAPL,258.02,2025-10-17,13,275.0,CALL,0.35,0.34,0.36,2122,13176,0.2136,0.0641,0.0121,-0.0522,0.0611,0.0058,0.9383,0.0,0.35,7df601674717,2025-10-03
2025-10-03,2025-10-03 18:30:20.341944,AAPL,258.02,2025-10-17,13,280.0,CALL,0.17,0.16,0.17,1408,11475,0.2232,0.0299,0.0062,-0.0293,0.0331,0.0027,0.9215,0.0,0.17,4d8962ed54f4,2025-10-03
2025-10-03,2025-10-03 18:30:20.342221,AAPL,258.02,2025-10-17,13,285.0,CALL,0.09,0.08,0.09,633,3576,0.2363,0.0149,0.0033,-0.0172,0.0184,0.0014,0.9053,0.0,0.09,7a867d642472,2025-10-03
2025-10-03,2025-10-03 18:30:20.342496,AAPL,258.02,2025-10-17,13,290.0,CALL,0.05,0.05,0.06,463,3889,0.2559,0.0091,0.002,-0.012,0.0119,0.0008,0.8897,0.0,0.05,79587e661095,2025-10-03
2025-10-03,2025-10-03 18:30:20.342764,AAPL,258.02,2025-10-17,13,295.0,CALL,0.03,0.03,0.04,218,4213,0.2734,0.0056,0.0012,-0.0083,0.0077,0.0005,0.8746,0.0,0.03,6a313752f51a,2025-10-03
2025-10-03,2025-10-03 18:30:20.343019,AAPL,258.02,2025-10-17,13,300.0,CALL,0.02,0.01,0.03,564,12479,0.293,0.0038,0.0008,-0.0063,0.0055,0.0003,0.8601,0.0,0.02,59c62d040eaa,2025-10-03
2025-10-03,2025-10-03 18:30:20.343276,AAPL,258.02,2025-10-17,13,305.0,CALL,0.01,0.01,0.02,35,634,0.3086,0.0024,0.0005,-0.0045,0.0037,0.0002,0.846,0.0,0.01,b51026c38587,2025-10-03
2025-10-03,2025-10-03 18:30:20.343529,AAPL,258.02,2025-10-17,13,310.0,CALL,0.01,0.01,0.02,68,1766,0.3359,0.0023,0.0004,-0.0045,0.0035,0.0002,0.8323,0.0,0.01,26cc31a1c80d,2025-10-03
2025-10-03,2025-10-03 18:30:20.343782,AAPL,258.02,2025-10-17,13,315.0,CALL,0.02,0.0,0.01,11,617,0.3359,0.001,0.0002,-0.0021,0.0016,0.0001,0.8191,0.0,0.02,365ab33c1263,2025-10-03
2025-10-03,2025-10-03 18:30:20.344037,AAPL,258.02,2025-10-17,13,320.0,CALL,0.01,0.0,0.01,28,1546,0.3594,0.0009,0.0002,-0.0021,0.0015,0.0001,0.8063,0.0,0.01,c69640354ffd,2025-10-03
2025-10-03,2025-10-03 18:30:20.344292,AAPL,258.02,2025-10-17,13,325.0,CALL,0.01,0.0,0.01,3,642,0.3828,0.0009,0.0002,-0.0021,0.0014,0.0001,0.7939,0.0,0.01,34919480bc57,2025-10-03
2025-10-03,2025-10-03 18:30:20.344545,AAPL,258.02,2025-10-17,13,330.0,CALL,0.01,0.0,0.01,11,885,0.4063,0.0008,0.0001,-0.0022,0.0014,0.0001,0.7819,0.0,0.01,9861cb722bb3,2025-10-03
2025-10-03,2025-10-03 18:30:20.344801,AAPL,258.02,2025-10-17,13,335.0,CALL,0.01,0.0,0.01,20,82,0.4297,0.0008,0.0001,-0.0022,0.0013,0.0001,0.7702,0.0,0.01,9c0017169c84,2025-10-03
2025-10-03,2025-10-03 18:30:20.345055,AAPL,258.02,2025-10-17,13,340.0,CALL,0.01,0.0,0.01,35,153,0.4531,0.0008,0.0001,-0.0023,0.0013,0.0001,0.7589,0.0,0.01,867e0e0535d2,2025-10-03
2025-10-03,2025-10-03 18:30:20.345309,AAPL,258.02,2025-10-17,13,345.0,CALL,0.01,0.0,0.01,1,391,0.4766,0.0008,0.0001,-0.0024,0.0013,0.0001,0.7479,0.0,0.01,a6dcd5549ed7,2025-10-03
2025-10-03,2025-10-03 18:30:20.345569,AAPL,258.02,2025-10-17,13,350.0,CALL,0.01,0.0,0.0,150,450,0.25,0.0,0.0,-0.0,0.0,0.0,0.7372,0.0,0.01,e9d1aae104d3,2025-10-03
2025-10-03,2025-10-03 18:30:20.345826,AAPL,258.02,2025-10-17,13,355.0,CALL,0.01,0.0,0.01,25,225,0.5156,0.0007,0.0001,-0.0022,0.0011,0.0001,0.7268,0.0,0.01,93dce602dd02,2025-10-03
2025-10-03,2025-10-03 18:30:20.346083,AAPL,258.02,2025-10-17,13,360.0,CALL,0.01,0.0,0.01,1,1497,0.5,0.0003,0.0,-0.0009,0.0005,0.0,0.7167,0.0,0.01,ba3688c218a1,2025-10-03
2025-10-03,2025-10-03 18:30:20.346341,AAPL,258.02,2025-10-17,13,370.0,CALL,0.01,0.0,0.01,16,2844,0.5469,0.0003,0.0,-0.0012,0.0006,0.0,0.6974,0.0,0.01,aac810e8f9e2,2025-10-03
2025-10-03,2025-10-03 18:30:20.346700,AAPL,258.02,2025-10-17,13,90.0,PUT,0.01,0.0,0.01,6,955,1.5625,-0.0001,0.0,-0.0011,0.0002,-0.0,2.8669,0.0,0.01,0e578f8ebcd2,2025-10-03
2025-10-03,2025-10-03 18:30:20.346964,AAPL,258.02,2025-10-17,13,95.0,PUT,0.01,0.0,0.01,1,1135,1.4688,-0.0001,0.0,-0.001,0.0002,-0.0,2.716,0.0,0.01,7f6f581b39b4,2025-10-03
2025-10-03,2025-10-03 18:30:20.347229,AAPL,258.02,2025-10-17,13,100.0,PUT,0.01,0.0,0.01,3,860,1.4063,-0.0001,0.0,-0.0011,0.0002,-0.0,2.5802,0.0,0.01,5f4822044369,2025-10-03
2025-10-03,2025-10-03 18:30:20.347499,AAPL,258.02,2025-10-17,13,105.0,PUT,0.02,0.0,0.01,1,292,1.3125,-0.0001,0.0,-0.0008,0.0002,-0.0,2.4573,0.0,0.02,a2553b788541,2025-10-03
2025-10-03,2025-10-03 18:30:20.347763,AAPL,258.02,2025-10-17,13,110.0,PUT,0.01,0.0,0.01,5,615,1.25,-0.0001,0.0,-0.0009,0.0002,-0.0,2.3456,0.0,0.01,a4c7cf82ca6e,2025-10-03
2025-10-03,2025-10-03 18:30:20.348027,AAPL,258.02,2025-10-17,13,115.0,PUT,0.01,0.0,0.21,20,595,1.5859,-0.0022,0.0001,-0.0201,0.0033,-0.0002,2.2437,0.0,0.01,b0cd82c56dce,2025-10-03
2025-10-03,2025-10-03 18:30:20.348288,AAPL,258.02,2025-10-17,13,120.0,PUT,0.01,0.0,0.17,1,5856,1.4727,-0.0019,0.0001,-0.0164,0.0029,-0.0002,2.1502,0.0,0.01,fc98981269a2,2025-10-03
2025-10-03,2025-10-03 18:30:20.348546,AAPL,258.02,2025-10-17,13,125.0,PUT,0.01,0.0,0.01,40,1667,1.0938,-0.0001,0.0,-0.0012,0.0003,-0.0,2.0642,0.0,0.01,e6fe2022dcd5,2025-10-03
2025-10-03,2025-10-03 18:30:20.348805,AAPL,258.02,2025-10-17,13,130.0,PUT,0.01,0.0,0.02,77,1186,1.0781,-0.0003,0.0,-0.0019,0.0005,-0.0,1.9848,0.0,0.01,1f0763d38d5a,2025-10-03
2025-10-03,2025-10-03 18:30:20.349048,AAPL,258.02,2025-10-17,13,135.0,PUT,0.01,0.0,0.02,20,1455,1.0313,-0.0003,0.0,-0.0021,0.0005,-0.0,1.9113,0.0,0.01,c409132e7f17,2025-10-03
2025-10-03,2025-10-03 18:30:20.349294,AAPL,258.02,2025-10-17,13,140.0,PUT,0.02,0.0,0.02,854,1711,0.9688,-0.0003,0.0,-0.0019,0.0005,-0.0,1.843,0.0,0.02,083dd2713fd0,2025-10-03
2025-10-03,2025-10-03 18:30:20.349536,AAPL,258.02,2025-10-17,13,145.0,PUT,0.02,0.0,0.02,159,4283,0.9219,-0.0003,0.0,-0.0021,0.0006,-0.0,1.7794,0.0,0.02,2ba559017f23,2025-10-03
2025-10-03,2025-10-03 18:30:20.349780,AAPL,258.02,2025-10-17,13,150.0,PUT,0.01,0.0,0.03,105,11433,0.8984,-0.0005,0.0,-0.0029,0.0009,-0.0,1.7201,0.0,0.01,428618d30521,2025-10-03
2025-10-03,2025-10-03 18:30:20.350032,AAPL,258.02,2025-10-17,13,155.0,PUT,0.02,0.0,0.03,105,3077,0.8438,-0.0005,0.0,-0.0028,0.0009,-0.0,1.6646,0.0,0.02,0601298ae158,2025-10-03
2025-10-03,2025-10-03 18:30:20.350275,AAPL,258.02,2025-10-17,13,160.0,PUT,0.02,0.01,0.03,345,14303,0.8203,-0.0008,0.0001,-0.0039,0.0013,-0.0001,1.6126,0.0,0.02,8e69f3eeaec5,2025-10-03
2025-10-03,2025-10-03 18:30:20.350520,AAPL,258.02,2025-10-17,13,165.0,PUT,0.03,0.01,0.03,195,6499,0.7734,-0.0008,0.0001,-0.0041,0.0014,-0.0001,1.5638,0.0,0.03,bf60d23133c3,2025-10-03
2025-10-03,2025-10-03 18:30:20.350762,AAPL,258.02,2025-10-17,13,170.0,PUT,0.03,0.01,0.04,37,7278,0.7383,-0.001,0.0001,-0.0048,0.0017,-0.0001,1.5178,0.0,0.03,f631f8fa2d00,2025-10-03
2025-10-03,2025-10-03 18:30:20.351003,AAPL,258.02,2025-10-17,13,175.0,PUT,0.04,0.03,0.1,730,4690,0.7656,-0.0028,0.0002,-0.0122,0.0042,-0.0003,1.4744,0.0,0.04,c9f246656796,2025-10-03
2025-10-03,2025-10-03 18:30:20.351247,AAPL,258.02,2025-10-17,13,180.0,PUT,0.04,0.02,0.05,424,11877,0.668,-0.0017,0.0002,-0.0067,0.0026,-0.0002,1.4334,0.0,0.04,19914570adf9,2025-10-03
2025-10-03,2025-10-03 18:30:20.351489,AAPL,258.02,2025-10-17,13,185.0,PUT,0.06,0.03,0.05,129,10075,0.6289,-0.002,0.0002,-0.0075,0.0031,-0.0002,1.3947,0.0,0.06,2ccb7a01fb62,2025-10-03
2025-10-03,2025-10-03 18:30:20.351731,AAPL,258.02,2025-10-17,13,190.0,PUT,0.05,0.03,0.06,244,14239,0.5898,-0.0024,0.0003,-0.0082,0.0037,-0.0002,1.358,0.0,0.05,4318dc07d0ec,2025-10-03
2025-10-03,2025-10-03 18:30:20.351977,AAPL,258.02,2025-10-17,13,195.0,PUT,0.06,0.03,0.06,48,9805,0.5469,-0.0027,0.0003,-0.0085,0.0041,-0.0003,1.3232,0.0,0.06,a43e4524e7c6,2025-10-03
2025-10-03,2025-10-03 18:30:20.352219,AAPL,258.02,2025-10-17,13,200.0,PUT,0.06,0.05,0.06,378,16941,0.5117,-0.0034,0.0004,-0.0098,0.005,-0.0003,1.2901,0.0,0.06,f945d449d95c,2025-10-03
2025-10-03,2025-10-03 18:30:20.352459,AAPL,258.02,2025-10-17,13,205.0,PUT,0.07,0.05,0.07,100,12087,0.4824,-0.0048,0.0006,-0.0124,0.0068,-0.0005,1.2586,0.0,0.07,b3560050e1ec,2025-10-03
2025-10-03,2025-10-03 18:30:20.352707,AAPL,258.02,2025-10-17,13,210.0,PUT,0.08,0.07,0.08,122,28755,0.4443,-0.0059,0.0008,-0.0138,0.0082,-0.0006,1.2287,0.0,0.08,66dc144435b9,2025-10-03
2025-10-03,2025-10-03 18:30:20.352948,AAPL,258.02,2025-10-17,13,215.0,PUT,0.09,0.08,0.09,149,16786,0.4063,-0.0074,0.001,-0.0153,0.0099,-0.0007,1.2001,0.0,0.09,ac4687b31724,2025-10-03
2025-10-03,2025-10-03 18:30:20.353190,AAPL,258.02,2025-10-17,13,217.5,PUT,0.1,0.08,0.1,1,481,0.3887,-0.0085,0.0012,-0.0165,0.0112,-0.0008,1.1863,0.0,0.1,fc1693424feb,2025-10-03
2025-10-03,2025-10-03 18:30:20.353441,AAPL,258.02,2025-10-17,13,220.0,PUT,0.09,0.09,0.11,228,20105,0.3711,-0.0098,0.0014,-0.0179,0.0127,-0.0009,1.1728,0.0,0.09,1380aef85a7e,2025-10-03
2025-10-03,2025-10-03 18:30:20.353683,AAPL,258.02,2025-10-17,13,222.5,PUT,0.12,0.1,0.12,16,319,0.3525,-0.0112,0.0017,-0.0191,0.0143,-0.0011,1.1596,0.0,0.12,ea97006bd3ce,2025-10-03
2025-10-03,2025-10-03 18:30:20.353931,AAPL,258.02,2025-10-17,13,225.0,PUT,0.14,0.11,0.13,1390,12514,0.334,-0.0129,0.002,-0.0204,0.0162,-0.0012,1.1468,0.0,0.14,56391346fb4b,2025-10-03
2025-10-03,2025-10-03 18:30:20.354178,AAPL,258.02,2025-10-17,13,227.5,PUT,0.14,0.13,0.15,121,1249,0.3179,-0.0156,0.0025,-0.0228,0.019,-0.0015,1.1342,0.0,0.14,0ab3e7714c04,2025-10-03
2025-10-03,2025-10-03 18:30:20.354418,AAPL,258.02,2025-10-17,13,230.0,PUT,0.16,0.16,0.17,773,13100,0.3008,-0.0187,0.0031,-0.0251,0.0223,-0.0018,1.1218,0.0,0.16,e7e4c84742cf,2025-10-03
2025-10-03,2025-10-03 18:30:20.354655,AAPL,258.02,2025-10-17,13,232.5,PUT,0.2,0.19,0.21,1346,2478,0.2876,-0.0241,0.004,-0.0298,0.0276,-0.0023,1.1098,0.0,0.2,be519109d925,2025-10-03
2025-10-03,2025-10-03 18:30:20.354886,AAPL,258.02,2025-10-17,13,235.0,PUT,0.25,0.24,0.26,2578,8916,0.2739,-0.0311,0.0053,-0.035,0.0342,-0.0029,1.098,0.0,0.25,838fb753bb9d,2025-10-03
2025-10-03,2025-10-03 18:30:20.355114,AAPL,258.02,2025-10-17,13,237.5,PUT,0.32,0.31,0.33,242,1385,0.2612,-0.0411,0.0069,-0.0418,0.0429,-0.0039,1.0864,0.0,0.32,796b40d422ac,2025-10-03
2025-10-03,2025-10-03 18:30:20.355344,AAPL,258.02,2025-10-17,13,240.0,PUT,0.43,0.42,0.43,3476,11030,0.2495,-0.0554,0.0092,-0.0505,0.0544,-0.0052,1.0751,0.0,0.43,d6382f984b9b,2025-10-03
2025-10-03,2025-10-03 18:30:20.355576,AAPL,258.02,2025-10-17,13,242.5,PUT,0.58,0.56,0.59,538,4127,0.2407,-0.0773,0.0124,-0.0628,0.0705,-0.0073,1.064,0.0,0.58,676207140a6d,2025-10-03
2025-10-03,2025-10-03 18:30:20.355810,AAPL,258.02,2025-10-17,13,245.0,PUT,0.83,0.78,0.81,3488,6333,0.2321,-0.1073,0.0164,-0.0768,0.09,-0.0101,1.0531,0.0,0.83,ae9c8483dd92,2025-10-03
2025-10-03,2025-10-03 18:30:20.356038,AAPL,258.02,2025-10-17,13,247.5,PUT,1.1,1.08,1.12,738,4856,0.2241,-0.1484,0.0212,-0.0924,0.1127,-0.0139,1.0425,0.0,1.1,9a572af3fae2,2025-10-03
2025-10-03,2025-10-03 18:30:20.356270,AAPL,258.02,2025-10-17,13,250.0,PUT,1.51,1.51,1.54,9626,9776,0.2164,-0.2025,0.0268,-0.1077,0.1373,-0.019,1.0321,0.0,1.51,ebf2ff1ee240,2025-10-03
2025-10-03,2025-10-03 18:30:20.356503,AAPL,258.02,2025-10-17,13,252.5,PUT,2.12,2.08,2.18,2045,2734,0.2131,-0.2751,0.0322,-0.1242,0.1625,-0.0259,1.0219,0.0,2.12,167e734526d2,2025-10-03
2025-10-03,2025-10-03 18:30:20.356735,AAPL,258.02,2025-10-17,13,255.0,PUT,2.9,2.82,2.94,6349,5622,0.2064,-0.3584,0.0372,-0.1327,0.1819,-0.0338,1.0118,0.0,2.9,4b5f304585b8,2025-10-03
2025-10-03,2025-10-03 18:30:20.356969,AAPL,258.02,2025-10-17,13,257.5,PUT,3.8,3.8,3.9,4641,1815,0.1993,-0.4542,0.0408,-0.1331,0.193,-0.043,1.002,0.0,3.8,170fb1224c79,2025-10-03
2025-10-03,2025-10-03 18:30:20.357204,AAPL,258.02,2025-10-17,13,260.0,PUT,5.13,5.05,5.15,1564,2390,0.195,-0.5579,0.0416,-0.1258,0.1922,-0.0529,0.9924,1.98,3.15,c727fc13ea02,2025-10-03
2025-10-03,2025-10-03 18:30:20.357437,AAPL,258.02,2025-10-17,13,262.5,PUT,6.5,6.5,6.65,130,126,0.191,-0.6609,0.0393,-0.1092,0.1782,-0.0629,0.9829,4.48,2.02,68574bafe046,2025-10-03
2025-10-03,2025-10-03 18:30:20.357675,AAPL,258.02,2025-10-17,13,265.0,PUT,8.55,8.3,8.4,220,368,0.1879,-0.7549,0.0344,-0.0857,0.1531,-0.0722,0.9737,6.98,1.57,4cb0954fe153,2025-10-03
2025-10-03,2025-10-03 18:30:20.357916,AAPL,258.02,2025-10-17,13,267.5,PUT,10.55,10.25,10.4,23,89,0.1879,-0.8301,0.0276,-0.0614,0.1232,-0.0798,0.9646,9.48,1.07,9f9a9dce480f,2025-10-03
2025-10-03,2025-10-03 18:30:20.358149,AAPL,258.02,2025-10-17,13,270.0,PUT,12.73,12.15,12.65,98,110,0.1968,-0.877,0.0212,-0.0456,0.0991,-0.0849,0.9556,11.98,0.75,9fc638450368,2025-10-03
2025-10-03,2025-10-03 18:30:20.358385,AAPL,258.02,2025-10-17,13,275.0,PUT,16.56,16.6,17.6,10,101,0.2446,-0.907,0.014,-0.0453,0.081,-0.0894,0.9383,16.98,0.0,c7982fcfe45d,2025-10-03
2025-10-03,2025-10-03 18:30:20.358617,AAPL,258.02,2025-10-17,13,280.0,PUT,22.55,21.4,22.55,12,5,0.2876,-0.9264,0.01,-0.043,0.0679,-0.093,0.9215,21.98,0.57,e7a8facede19,2025-10-03
2025-10-03,2025-10-03 18:30:20.358847,AAPL,258.02,2025-10-17,13,285.0,PUT,27.05,26.6,27.5,6,0,0.3262,-0.9405,0.0075,-0.0391,0.0576,-0.096,0.9053,26.98,0.07,610d83505f4b,2025-10-03
2025-10-03,2025-10-03 18:30:20.359080,AAPL,258.02,2025-10-17,13,290.0,PUT,31.75,31.3,32.35,3,0,0.3442,-0.9592,0.0052,-0.022,0.0427,-0.0995,0.8897,31.98,0.0,f5e308c82739,2025-10-03
2025-10-03,2025-10-03 18:30:20.359317,AAPL,258.02,2025-10-17,13,295.0,PUT,68.15,36.35,37.55,2,0,0.4185,-0.9491,0.0051,-0.0472,0.0509,-0.1004,0.8746,36.98,31.17,7eaacfe95156,2025-10-03
2025-10-03,2025-10-03 18:30:20.359551,AAPL,258.02,2025-10-17,13,300.0,PUT,44.1,41.65,42.55,3,0,0.4585,-0.9536,0.0044,-0.048,0.0473,-0.1026,0.8601,41.98,2.12,f4c5258101f8,2025-10-03
2025-10-03,2025-10-03 18:30:20.359783,AAPL,258.02,2025-10-17,13,305.0,PUT,78.15,46.3,47.45,1,0,0.479,-0.9631,0.0035,-0.036,0.0393,-0.1052,0.846,46.98,31.17,d220c8257cc3,2025-10-03
2025-10-03,2025-10-03 18:30:20.360019,AAPL,258.02,2025-10-17,13,315.0,PUT,69.7,56.35,57.65,1,0,0.5898,-0.9575,0.0032,-0.0625,0.0441,-0.1083,0.8191,56.98,12.72,0942341fe75c,2025-10-03
2025-10-03,2025-10-03 18:30:20.360252,AAPL,258.02,2025-10-17,13,320.0,PUT,65.4,61.35,62.65,1,0,0.626,-0.9599,0.0028,-0.063,0.042,-0.1103,0.8063,61.98,3.42,07924a4d8b43,2025-10-03
2025-10-03,2025-10-03 18:30:20.360482,AAPL,258.02,2025-10-17,13,330.0,PUT,98.75,95.7,96.25,0,0,2.2291,-0.6446,0.0034,-1.523,0.1814,-0.0922,0.7819,71.98,26.77,dc103ac11be6,2025-10-03
2025-10-03,2025-10-03 18:30:20.360705,AAPL,258.02,2025-10-17,13,335.0,PUT,89.55,76.4,77.5,5,0,0.6963,-0.9719,0.0019,-0.0437,0.0314,-0.1167,0.7702,76.98,12.57,df8bf88ae77d,2025-10-03
2025-10-03,2025-10-03 18:30:20.360926,AAPL,258.02,2025-10-17,13,355.0,PUT,157.02,0.0,0.0,0,0,0.0,-1.0,0.0,0.0437,0.0,-0.1262,0.7268,96.98,60.04,4a3300887ba7,2025-10-03
2025-10-03,2025-10-03 18:30:20.361152,AAPL,258.02,2025-10-17,13,360.0,PUT,162.01,0.0,0.0,0,0,0.0,-1.0,0.0,0.0443,0.0,-0.128,0.7167,101.98,60.03,5e28a1f7030e,2025-10-03
2025-10-03,2025-10-03 18:30:20.361373,AAPL,258.02,2025-10-17,13,370.0,PUT,159.95,141.9,142.5,0,0,2.9465,-0.6433,0.0026,-2.0205,0.1816,-0.1082,0.6974,111.98,47.97,a767ccf8c957,2025-10-03
2025-10-04,2025-10-04 18:37:29.860711,AAPL,258.02,2025-10-10,5,110.0,CALL,120.04,147.3,148.9,0,1,2.3672,0.9994,0.0,-0.0296,0.0007,0.015,2.3456,148.02,0.0,952ac94c9724,2025-10-04
2025-10-04,2025-10-04 18:37:29.862953,AAPL,258.02,2025-10-10,5,120.0,CALL,136.1,137.35,138.9,0,7,2.207,0.999,0.0,-0.0369,0.001,0.0164,2.1502,138.02,0.0,9e825773ad66,2025-10-04
2025-10-04,2025-10-04 18:37:29.863274,AAPL,258.02,2025-10-10,5,135.0,CALL,120.55,122.3,123.95,0,2,1.8906,0.9988,0.0001,-0.039,0.0012,0.0184,1.9113,123.02,0.0,2015c9b1522b,2025-10-04
2025-10-04,2025-10-04 18:37:29.863575,AAPL,258.02,2025-10-10,5,140.0,CALL,116.35,117.35,118.9,1,4,1.793,0.9987,0.0001,-0.0397,0.0013,0.0191,1.843,118.02,0.0,888a7b299c79,2025-10-04
2025-10-04,2025-10-04 18:37:29.863868,AAPL,258.02,2025-10-10,5,150.0,CALL,87.76,107.35,108.95,0,1,1.6484,0.9982,0.0001,-0.0471,0.0017,0.0205,1.7201,108.02,0.0,bebfb2a87de8,2025-10-04
2025-10-04,2025-10-04 18:37:29.864156,AAPL,258.02,2025-10-10,5,160.0,CALL,93.91,97.4,98.95,1,6,1.502,0.9975,0.0002,-0.0546,0.0023,0.0218,1.6126,98.02,0.0,fe9253fe1252,2025-10-04
2025-10-04,2025-10-04 18:37:29.864443,AAPL,258.02,2025-10-10,5,165.0,CALL,91.99,92.35,93.95,1,0,1.3828,0.9978,0.0002,-0.0492,0.0021,0.0225,1.5638,93.02,0.0,029e1dd3a3a6,2025-10-04
2025-10-04,2025-10-04 18:37:29.864731,AAPL,258.02,2025-10-10,5,170.0,CALL,87.87,87.4,88.95,2,3,1.3281,0.9972,0.0002,-0.0558,0.0026,0.0232,1.5178,88.02,0.0,63659c60ddce,2025-10-04
2025-10-04,2025-10-04 18:37:29.865013,AAPL,258.02,2025-10-10,5,175.0,CALL,83.05,82.35,84.0,2,4,1.2461,0.9969,0.0002,-0.0567,0.0028,0.0238,1.4744,83.02,0.03,aec4b4302ea8,2025-10-04
2025-10-04,2025-10-04 18:37:29.865301,AAPL,258.02,2025-10-10,5,180.0,CALL,74.95,77.4,78.95,2,45,1.1641,0.9967,0.0003,-0.0572,0.003,0.0245,1.4334,78.02,0.0,22f65675a89e,2025-10-04
2025-10-04,2025-10-04 18:37:29.865580,AAPL,258.02,2025-10-10,5,185.0,CALL,71.47,72.35,74.0,1,5,1.0859,0.9964,0.0003,-0.0582,0.0033,0.0252,1.3947,73.02,0.0,2f8329cc1a4c,2025-10-04
2025-10-04,2025-10-04 18:37:29.865856,AAPL,258.02,2025-10-10,5,190.0,CALL,67.43,67.65,69.0,1,25,1.1152,0.9921,0.0006,-0.096,0.0065,0.0257,1.358,68.02,0.0,3b2d7e5bb071,2025-10-04
2025-10-04,2025-10-04 18:37:29.866137,AAPL,258.02,2025-10-10,5,195.0,CALL,63.37,62.4,63.75,2,109,0.8164,0.9986,0.0002,-0.0354,0.0014,0.0266,1.3232,63.02,0.35,c049a5d15b6e,2025-10-04
2025-10-04,2025-10-04 18:37:29.866422,AAPL,258.02,2025-10-10,5,200.0,CALL,58.95,57.45,58.7,79,148,0.75,0.9984,0.0002,-0.0361,0.0015,0.0273,1.2901,58.02,0.93,b18552d98e5d,2025-10-04
2025-10-04,2025-10-04 18:37:29.866699,AAPL,258.02,2025-10-10,5,205.0,CALL,52.97,52.7,54.0,6,66,0.8848,0.9887,0.0011,-0.1043,0.009,0.0276,1.2586,53.02,0.0,c86c0bc4e055,2025-10-04
2025-10-04,2025-10-04 18:37:29.866981,AAPL,258.02,2025-10-10,5,210.0,CALL,48.66,47.4,48.6,105,195,0.8955,0.9785,0.0019,-0.1646,0.0156,0.028,1.2287,48.02,0.64,20d0d5a3ca6b,2025-10-04
2025-10-04,2025-10-04 18:37:29.867264,AAPL,258.02,2025-10-10,5,215.0,CALL,43.1,42.4,44.05,25,334,0.6709,0.9911,0.0012,-0.0749,0.0073,0.0291,1.2001,43.02,0.08,86138a8e3f71,2025-10-04
2025-10-04,2025-10-04 18:37:29.867549,AAPL,258.02,2025-10-10,5,217.5,CALL,40.78,40.05,41.2,101,11,0.5723,0.9952,0.0008,-0.0505,0.0042,0.0296,1.1863,40.52,0.26,9f5416b6417d,2025-10-04
2025-10-04,2025-10-04 18:37:29.867835,AAPL,258.02,2025-10-10,5,220.0,CALL,38.1,37.75,38.45,409,925,0.5195,0.9961,0.0007,-0.0451,0.0035,0.03,1.1728,38.02,0.08,cb15cad93e16,2025-10-04
2025-10-04,2025-10-04 18:37:29.868450,AAPL,258.02,2025-10-10,5,222.5,CALL,35.22,35.1,36.25,271,51,0.5371,0.9917,0.0014,-0.0637,0.0068,0.0302,1.1596,35.52,0.0,5906a479ff72,2025-10-04
2025-10-04,2025-10-04 18:37:29.868769,AAPL,258.02,2025-10-10,5,225.0,CALL,33.05,32.65,33.8,245,710,0.5264,0.9882,0.0019,-0.0763,0.0093,0.0304,1.1468,33.02,0.03,4a177e26a4f7,2025-10-04
2025-10-04,2025-10-04 18:37:29.869074,AAPL,258.02,2025-10-10,5,227.5,CALL,30.86,30.45,31.05,1303,237,0.5,0.9858,0.0024,-0.0822,0.0109,0.0306,1.1342,30.52,0.34,9be2a90b1ffb,2025-10-04
2025-10-04,2025-10-04 18:37:29.869370,AAPL,258.02,2025-10-10,5,230.0,CALL,27.79,28.1,28.5,1350,1541,0.5376,0.9691,0.0043,-0.1404,0.021,0.0304,1.1218,28.02,0.0,7388004e0942,2025-10-04
2025-10-04,2025-10-04 18:37:29.869656,AAPL,258.02,2025-10-10,5,232.5,CALL,25.41,25.45,26.35,47,295,0.5674,0.9464,0.0064,-0.2137,0.0329,0.0299,1.1098,25.52,0.0,8ab364347ae4,2025-10-04
2025-10-04,2025-10-04 18:37:29.869922,AAPL,258.02,2025-10-10,5,235.0,CALL,22.96,22.5,23.5,116,2370,0.4565,0.963,0.0059,-0.1391,0.0244,0.0308,1.098,23.02,0.0,a9568e19cbe1,2025-10-04
2025-10-04,2025-10-04 18:37:29.870193,AAPL,258.02,2025-10-10,5,237.5,CALL,20.61,20.15,21.2,260,127,0.4536,0.9451,0.0081,-0.1797,0.0335,0.0305,1.0864,20.52,0.09,4b7f2b124bf2,2025-10-04
2025-10-04,2025-10-04 18:37:29.870465,AAPL,258.02,2025-10-10,5,240.0,CALL,18.28,18.2,18.6,547,2474,0.3933,0.9462,0.0092,-0.1577,0.033,0.0309,1.0751,18.02,0.26,3fabe3e829b3,2025-10-04
2025-10-04,2025-10-04 18:37:29.870729,AAPL,258.02,2025-10-10,5,242.5,CALL,15.52,15.65,16.25,136,1815,0.374,0.9269,0.0123,-0.1843,0.0419,0.0306,1.064,15.52,0.0,3a6175ad7113,2025-10-04
2025-10-04,2025-10-04 18:37:29.870998,AAPL,258.02,2025-10-10,5,245.0,CALL,13.4,13.4,13.6,789,5219,0.3071,0.93,0.0145,-0.1525,0.0406,0.031,1.0531,13.02,0.38,75bc865d4bed,2025-10-04
2025-10-04,2025-10-04 18:37:29.871615,AAPL,258.02,2025-10-10,5,247.5,CALL,11.11,11.05,11.3,5551,918,0.2888,0.8973,0.0205,-0.1832,0.054,0.0302,1.0425,10.52,0.59,5387aa9d5c0d,2025-10-04
2025-10-04,2025-10-04 18:37:29.871878,AAPL,258.02,2025-10-10,5,250.0,CALL,8.9,8.85,9.0,12103,26207,0.2622,0.8564,0.0286,-0.2055,0.0684,0.0291,1.0321,8.02,0.88,e25fc6bad970,2025-10-04
2025-10-04,2025-10-04 18:37:29.872147,AAPL,258.02,2025-10-10,5,252.5,CALL,6.7,6.8,6.9,2123,4174,0.2455,0.7848,0.0394,-0.2409,0.0883,0.0268,1.0219,5.52,1.18,2ddd5930ea63,2025-10-04
2025-10-04,2025-10-04 18:37:29.872411,AAPL,258.02,2025-10-10,5,255.0,CALL,5.05,4.9,5.1,14500,7986,0.2383,0.6766,0.0499,-0.2794,0.1085,0.0233,1.0118,3.02,2.03,23bdc0760542,2025-10-04
2025-10-04,2025-10-04 18:37:29.872670,AAPL,258.02,2025-10-10,5,257.5,CALL,3.37,3.35,3.45,27191,6909,0.2235,0.5453,0.0587,-0.2845,0.1197,0.0189,1.002,0.52,2.85,3011aade4c89,2025-10-04
2025-10-04,2025-10-04 18:37:29.872934,AAPL,258.02,2025-10-10,5,260.0,CALL,2.15,2.14,2.18,61479,24418,0.2145,0.3946,0.0594,-0.2617,0.1162,0.0137,0.9924,0.0,2.15,ff888d87206d,2025-10-04
2025-10-04,2025-10-04 18:37:29.873194,AAPL,258.02,2025-10-10,5,262.5,CALL,1.28,1.26,1.3,29172,6330,0.2105,0.2541,0.0504,-0.2117,0.0968,0.0089,0.9829,0.0,1.28,60cf7c5c65dc,2025-10-04
2025-10-04,2025-10-04 18:37:29.873453,AAPL,258.02,2025-10-10,5,265.0,CALL,0.73,0.7,0.73,22298,10713,0.209,0.146,0.0363,-0.1491,0.0691,0.0051,0.9737,0.0,0.73,3e91ee242b2a,2025-10-04
2025-10-04,2025-10-04 18:37:29.873715,AAPL,258.02,2025-10-10,5,267.5,CALL,0.4,0.38,0.4,8427,2460,0.2109,0.0772,0.0227,-0.0946,0.0437,0.0027,0.9646,0.0,0.4,dd69eb536961,2025-10-04
2025-10-04,2025-10-04 18:37:29.873973,AAPL,258.02,2025-10-10,5,270.0,CALL,0.2,0.2,0.21,35828,14246,0.2134,0.0375,0.0127,-0.0539,0.0247,0.0013,0.9556,0.0,0.2,8a644eb2e7d7,2025-10-04
2025-10-04,2025-10-04 18:37:29.874232,AAPL,258.02,2025-10-10,5,272.5,CALL,0.11,0.1,0.12,5821,3957,0.2207,0.0189,0.0069,-0.0314,0.0139,0.0007,0.9469,0.0,0.11,337ce3881078,2025-10-04
2025-10-04,2025-10-04 18:37:29.874497,AAPL,258.02,2025-10-10,5,275.0,CALL,0.07,0.06,0.07,5209,8179,0.2295,0.0097,0.0038,-0.0184,0.0079,0.0003,0.9383,0.0,0.07,feab38566d2e,2025-10-04
2025-10-04,2025-10-04 18:37:29.874758,AAPL,258.02,2025-10-10,5,280.0,CALL,0.02,0.02,0.03,1703,2336,0.252,0.0031,0.0012,-0.0073,0.0028,0.0001,0.9215,0.0,0.02,6081e1879a19,2025-10-04
2025-10-04,2025-10-04 18:37:29.875020,AAPL,258.02,2025-10-10,5,285.0,CALL,0.01,0.01,0.02,976,1429,0.2852,0.0016,0.0006,-0.0046,0.0016,0.0001,0.9053,0.0,0.01,7eee7530dd11,2025-10-04
2025-10-04,2025-10-04 18:37:29.875286,AAPL,258.02,2025-10-10,5,290.0,CALL,0.01,0.0,0.02,171,871,0.3281,0.0013,0.0004,-0.0043,0.0013,0.0,0.8897,0.0,0.01,0d621264a24e,2025-10-04
2025-10-04,2025-10-04 18:37:29.875547,AAPL,258.02,2025-10-10,5,295.0,CALL,0.01,0.0,0.01,174,1351,0.3438,0.0005,0.0002,-0.0018,0.0005,0.0,0.8746,0.0,0.01,b0c691fef5cd,2025-10-04
2025-10-04,2025-10-04 18:37:29.875804,AAPL,258.02,2025-10-10,5,300.0,CALL,0.01,0.0,0.01,143,1620,0.3828,0.0004,0.0001,-0.0018,0.0005,0.0,0.8601,0.0,0.01,3bd855d874e5,2025-10-04
2025-10-04,2025-10-04 18:37:29.876078,AAPL,258.02,2025-10-10,5,305.0,CALL,0.01,0.0,0.01,1,297,0.4219,0.0004,0.0001,-0.0019,0.0004,0.0,0.846,0.0,0.01,c2564954a3bc,2025-10-04
2025-10-04,2025-10-04 18:37:29.876327,AAPL,258.02,2025-10-10,5,310.0,CALL,0.01,0.0,0.01,300,750,0.4609,0.0004,0.0001,-0.002,0.0004,0.0,0.8323,0.0,0.01,4c55956939b4,2025-10-04
2025-10-04,2025-10-04 18:37:29.876568,AAPL,258.02,2025-10-10,5,315.0,CALL,0.03,0.0,0.01,0,63,0.4922,0.0003,0.0001,-0.0017,0.0003,0.0,0.8191,0.0,0.03,2a919cfe8bf0,2025-10-04
2025-10-04,2025-10-04 18:37:29.876814,AAPL,258.02,2025-10-10,5,320.0,CALL,0.02,0.0,0.01,0,189,0.5,0.0001,0.0,-0.0008,0.0002,0.0,0.8063,0.0,0.02,cef6c3c65746,2025-10-04
2025-10-04,2025-10-04 18:37:29.877058,AAPL,258.02,2025-10-10,5,325.0,CALL,0.01,0.0,0.01,2,29,0.5313,0.0001,0.0,-0.0008,0.0001,0.0,0.7939,0.0,0.01,75b936a88ce6,2025-10-04
2025-10-04,2025-10-04 18:37:29.877389,AAPL,258.02,2025-10-10,5,120.0,PUT,0.01,0.0,0.01,4,34,1.6875,-0.0,0.0,-0.0007,0.0,-0.0,2.1502,0.0,0.01,e49b7cee0bc3,2025-10-04
2025-10-04,2025-10-04 18:37:29.877646,AAPL,258.02,2025-10-10,5,125.0,PUT,0.01,0.0,0.01,1,2,1.5625,-0.0,0.0,-0.0005,0.0,-0.0,2.0642,0.0,0.01,ddc3d2b906d6,2025-10-04
2025-10-04,2025-10-04 18:37:29.877893,AAPL,258.02,2025-10-10,5,135.0,PUT,0.01,0.0,0.01,80,103,1.4375,-0.0,0.0,-0.0007,0.0001,-0.0,1.9113,0.0,0.01,2a4a848ac222,2025-10-04
2025-10-04,2025-10-04 18:37:29.878143,AAPL,258.02,2025-10-10,5,140.0,PUT,0.01,0.0,0.01,0,110,1.3438,-0.0,0.0,-0.0006,0.0,-0.0,1.843,0.0,0.01,5b557a6a070f,2025-10-04
2025-10-04,2025-10-04 18:37:29.878386,AAPL,258.02,2025-10-10,5,145.0,PUT,0.02,0.0,0.01,0,15,1.2813,-0.0,0.0,-0.0007,0.0001,-0.0,1.7794,0.0,0.02,f87dd0f95a24,2025-10-04
2025-10-04,2025-10-04 18:37:29.878631,AAPL,258.02,2025-10-10,5,150.0,PUT,0.01,0.0,0.01,1,7,1.1875,-0.0,0.0,-0.0005,0.0,-0.0,1.7201,0.0,0.01,c547115fa29d,2025-10-04
2025-10-04,2025-10-04 18:37:29.878878,AAPL,258.02,2025-10-10,5,155.0,PUT,0.01,0.0,0.01,191,212,1.125,-0.0,0.0,-0.0006,0.0001,-0.0,1.6646,0.0,0.01,7269334c358e,2025-10-04
2025-10-04,2025-10-04 18:37:29.879123,AAPL,258.02,2025-10-10,5,160.0,PUT,0.01,0.0,0.01,227,318,1.0625,-0.0,0.0,-0.0006,0.0001,-0.0,1.6126,0.0,0.01,5e8a84b2654a,2025-10-04
2025-10-04,2025-10-04 18:37:29.879371,AAPL,258.02,2025-10-10,5,165.0,PUT,0.02,0.0,0.01,1,299,1.0,-0.0001,0.0,-0.0006,0.0001,-0.0,1.5638,0.0,0.02,0ae71d48f6af,2025-10-04
2025-10-04,2025-10-04 18:37:29.879616,AAPL,258.02,2025-10-10,5,170.0,PUT,0.01,0.0,0.01,10,278,0.9375,-0.0001,0.0,-0.0006,0.0001,-0.0,1.5178,0.0,0.01,85a7071c494d,2025-10-04
2025-10-04,2025-10-04 18:37:29.879865,AAPL,258.02,2025-10-10,5,175.0,PUT,0.02,0.0,0.01,109,211,0.875,-0.0001,0.0,-0.0006,0.0001,-0.0,1.4744,0.0,0.02,36fcf90eb5c5,2025-10-04
2025-10-04,2025-10-04 18:37:29.880106,AAPL,258.02,2025-10-10,5,180.0,PUT,0.01,0.0,0.01,43,1322,0.8125,-0.0001,0.0,-0.0006,0.0001,-0.0,1.4334,0.0,0.01,d04e0fba43fc,2025-10-04
2025-10-04,2025-10-04 18:37:29.880351,AAPL,258.02,2025-10-10,5,185.0,PUT,0.02,0.0,0.03,103,1120,0.8359,-0.0003,0.0,-0.0026,0.0003,-0.0,1.3947,0.0,0.02,faa917da3300,2025-10-04
2025-10-04,2025-10-04 18:37:29.880590,AAPL,258.02,2025-10-10,5,190.0,PUT,0.01,0.0,0.02,58,849,0.75,-0.0002,0.0,-0.0017,0.0002,-0.0,1.358,0.0,0.01,10c3d21ec5b5,2025-10-04
2025-10-04,2025-10-04 18:37:29.880824,AAPL,258.02,2025-10-10,5,195.0,PUT,0.01,0.0,0.02,1,343,0.6875,-0.0002,0.0,-0.0016,0.0002,-0.0,1.3232,0.0,0.01,990592e3530d,2025-10-04
2025-10-04,2025-10-04 18:37:29.881060,AAPL,258.02,2025-10-10,5,200.0,PUT,0.01,0.01,0.02,29,1473,0.6563,-0.0004,0.0001,-0.0028,0.0004,-0.0,1.2901,0.0,0.01,8b8cbdf24bca,2025-10-04
2025-10-04,2025-10-04 18:37:29.881292,AAPL,258.02,2025-10-10,5,205.0,PUT,0.02,0.01,0.02,58,3664,0.5938,-0.0004,0.0001,-0.0026,0.0004,-0.0,1.2586,0.0,0.02,4e7e313599c4,2025-10-04
2025-10-04,2025-10-04 18:37:29.881537,AAPL,258.02,2025-10-10,5,210.0,PUT,0.03,0.02,0.03,117,1348,0.5664,-0.0008,0.0002,-0.0048,0.0008,-0.0,1.2287,0.0,0.03,e98ac2794239,2025-10-04
2025-10-04,2025-10-04 18:37:29.881767,AAPL,258.02,2025-10-10,5,215.0,PUT,0.02,0.02,0.03,116,1159,0.5078,-0.0009,0.0002,-0.0048,0.001,-0.0,1.2001,0.0,0.02,86d70da43353,2025-10-04
2025-10-04,2025-10-04 18:37:29.882001,AAPL,258.02,2025-10-10,5,217.5,PUT,0.03,0.02,0.03,8,1152,0.4883,-0.0012,0.0003,-0.006,0.0012,-0.0,1.1863,0.0,0.03,35f294c072d7,2025-10-04
2025-10-04,2025-10-04 18:37:29.882236,AAPL,258.02,2025-10-10,5,220.0,PUT,0.02,0.02,0.04,445,6120,0.4766,-0.0019,0.0004,-0.0086,0.0018,-0.0001,1.1728,0.0,0.02,ef1fccc6f839,2025-10-04
2025-10-04,2025-10-04 18:37:29.882467,AAPL,258.02,2025-10-10,5,222.5,PUT,0.03,0.02,0.03,191,318,0.4297,-0.0014,0.0004,-0.006,0.0014,-0.0001,1.1596,0.0,0.03,17746c2bda15,2025-10-04
2025-10-04,2025-10-04 18:37:29.882698,AAPL,258.02,2025-10-10,5,225.0,PUT,0.04,0.03,0.04,163,2628,0.416,-0.0022,0.0005,-0.0086,0.0021,-0.0001,1.1468,0.0,0.04,eb1696ddf8e9,2025-10-04
2025-10-04,2025-10-04 18:37:29.882933,AAPL,258.02,2025-10-10,5,227.5,PUT,0.05,0.03,0.04,137,353,0.3867,-0.0024,0.0006,-0.0087,0.0023,-0.0001,1.1342,0.0,0.05,3eda02f859de,2025-10-04
2025-10-04,2025-10-04 18:37:29.883169,AAPL,258.02,2025-10-10,5,230.0,PUT,0.04,0.04,0.05,309,2582,0.3672,-0.0034,0.0009,-0.0111,0.0031,-0.0001,1.1218,0.0,0.04,89dcc62ebb23,2025-10-04
2025-10-04,2025-10-04 18:37:29.883400,AAPL,258.02,2025-10-10,5,232.5,PUT,0.05,0.05,0.06,175,1286,0.3447,-0.0044,0.0012,-0.0134,0.0039,-0.0002,1.1098,0.0,0.05,75c2e6ada382,2025-10-04
2025-10-04,2025-10-04 18:37:29.883632,AAPL,258.02,2025-10-10,5,235.0,PUT,0.06,0.06,0.07,835,2480,0.3203,-0.0057,0.0017,-0.0156,0.0049,-0.0002,1.098,0.0,0.06,102be20074fc,2025-10-04
2025-10-04,2025-10-04 18:37:29.883865,AAPL,258.02,2025-10-10,5,237.5,PUT,0.14,0.08,0.09,400,1375,0.3008,-0.0084,0.0025,-0.0206,0.0069,-0.0003,1.0864,0.0,0.14,975074cdc8ed,2025-10-04
2025-10-04,2025-10-04 18:37:29.884096,AAPL,258.02,2025-10-10,5,240.0,PUT,0.12,0.11,0.13,1440,3523,0.2857,-0.0139,0.0041,-0.0301,0.0107,-0.0005,1.0751,0.0,0.12,7ede93a5cf78,2025-10-04
2025-10-04,2025-10-04 18:37:29.884328,AAPL,258.02,2025-10-10,5,242.5,PUT,0.18,0.16,0.18,2346,3001,0.2676,-0.0219,0.0065,-0.0415,0.0158,-0.0008,1.064,0.0,0.18,1ff7d0a1cd25,2025-10-04
2025-10-04,2025-10-04 18:37:29.884564,AAPL,258.02,2025-10-10,5,245.0,PUT,0.27,0.26,0.27,4761,4144,0.2527,-0.037,0.0106,-0.0605,0.0244,-0.0013,1.0531,0.0,0.27,d2458dd06435,2025-10-04
2025-10-04,2025-10-04 18:37:29.884796,AAPL,258.02,2025-10-10,5,247.5,PUT,0.43,0.41,0.44,3242,4073,0.2427,-0.0666,0.0176,-0.0926,0.039,-0.0024,1.0425,0.0,0.43,5b6dfa9f7967,2025-10-04
2025-10-04,2025-10-04 18:37:29.885030,AAPL,258.02,2025-10-10,5,250.0,PUT,0.7,0.68,0.7,14974,6151,0.2317,-0.1149,0.0277,-0.1321,0.0586,-0.0041,1.0321,0.0,0.7,5b618f146305,2025-10-04
2025-10-04,2025-10-04 18:37:29.885261,AAPL,258.02,2025-10-10,5,252.5,PUT,1.12,1.09,1.12,11248,5051,0.2224,-0.1929,0.0408,-0.1777,0.0827,-0.0069,1.0219,0.0,1.12,f608eac52078,2025-10-04
2025-10-04,2025-10-04 18:37:29.885492,AAPL,258.02,2025-10-10,5,255.0,PUT,1.74,1.71,1.75,21404,4210,0.2134,-0.3055,0.0544,-0.216,0.1059,-0.011,1.0118,0.0,1.74,e52d2400da9d,2025-10-04
2025-10-04,2025-10-04 18:37:29.885725,AAPL,258.02,2025-10-10,5,257.5,PUT,2.66,2.59,2.71,11360,2596,0.208,-0.4521,0.063,-0.2342,0.1196,-0.0163,1.002,0.0,2.66,30bfd184261b,2025-10-04
2025-10-04,2025-10-04 18:37:29.885955,AAPL,258.02,2025-10-10,5,260.0,PUT,4.0,3.85,4.0,6196,680,0.2029,-0.6118,0.0625,-0.2149,0.1157,-0.0221,0.9924,1.98,2.02,eb4cfe46f118,2025-10-04
2025-10-04,2025-10-04 18:37:29.886186,AAPL,258.02,2025-10-10,5,262.5,PUT,6.0,5.5,5.65,1853,843,0.1997,-0.7575,0.0518,-0.1638,0.0944,-0.0275,0.9829,4.48,1.52,9f1c921ec4be,2025-10-04
2025-10-04,2025-10-04 18:37:29.886419,AAPL,258.02,2025-10-10,5,265.0,PUT,7.6,7.4,7.6,1128,222,0.1972,-0.8683,0.0358,-0.0986,0.0645,-0.0317,0.9737,6.98,0.62,bea115b366a0,2025-10-04
2025-10-04,2025-10-04 18:37:29.886648,AAPL,258.02,2025-10-10,5,267.5,PUT,9.88,9.5,10.05,63,21,0.2341,-0.8998,0.0249,-0.0944,0.0531,-0.0331,0.9646,9.48,0.4,465022bd55e1,2025-10-04
2025-10-04,2025-10-04 18:37:29.886878,AAPL,258.02,2025-10-10,5,270.0,PUT,12.47,11.95,12.3,188,125,0.2354,-0.9465,0.0153,-0.0458,0.0329,-0.0351,0.9556,11.98,0.49,4cc52f45ae8d,2025-10-04
2025-10-04,2025-10-04 18:37:29.887107,AAPL,258.02,2025-10-10,5,272.5,PUT,14.6,14.05,14.95,9,1,0.2974,-0.9374,0.0137,-0.0789,0.0372,-0.0351,0.9469,14.48,0.12,98eac975c7e8,2025-10-04
2025-10-04,2025-10-04 18:37:29.887337,AAPL,258.02,2025-10-10,5,275.0,PUT,16.95,16.45,17.55,63,7,0.3501,-0.9357,0.0119,-0.101,0.038,-0.0354,0.9383,16.98,0.0,6cbc11f15e0c,2025-10-04
2025-10-04,2025-10-04 18:37:29.887557,AAPL,258.02,2025-10-10,5,280.0,PUT,21.6,21.55,22.5,25,5,0.4116,-0.9515,0.0081,-0.092,0.0304,-0.0367,0.9215,21.98,0.0,c0fc193cd99c,2025-10-04
2025-10-04,2025-10-04 18:37:29.887779,AAPL,258.02,2025-10-10,5,290.0,PUT,36.46,31.6,32.55,2,0,0.5513,-0.9616,0.005,-0.1043,0.0252,-0.0384,0.8897,31.98,4.48,57b347e69bcf,2025-10-04
2025-10-04,2025-10-04 18:37:29.888003,AAPL,258.02,2025-10-10,5,295.0,PUT,42.75,36.5,37.55,2,0,0.6123,-0.966,0.0041,-0.1044,0.0228,-0.0392,0.8746,36.98,5.77,5da81440a7ed,2025-10-04
2025-10-04,2025-10-04 18:37:29.888224,AAPL,258.02,2025-10-10,5,300.0,PUT,46.68,41.5,42.55,1,0,0.6714,-0.9693,0.0034,-0.1044,0.0209,-0.04,0.8601,41.98,4.7,f3e7b8d50980,2025-10-04
2025-10-04,2025-10-04 18:37:29.888444,AAPL,258.02,2025-10-10,5,310.0,PUT,55.7,51.5,52.55,3,0,0.5352,-0.9981,0.0004,0.0282,0.0019,-0.0424,0.8323,51.98,3.72,c72167be98dc,2025-10-04
2025-10-04,2025-10-04 18:37:29.979341,AAPL,258.02,2025-10-17,12,90.0,CALL,165.75,167.15,168.8,2,23,2.7598,0.9908,0.0002,-0.1439,0.0116,0.0286,2.8669,168.02,0.0,51a81ed06229,2025-10-04
2025-10-04,2025-10-04 18:37:29.979760,AAPL,258.02,2025-10-17,12,95.0,CALL,160.4,162.1,163.85,0,2,2.6553,0.9898,0.0002,-0.1516,0.0127,0.0302,2.716,163.02,0.0,cd11f59d4830,2025-10-04
2025-10-04,2025-10-04 18:37:29.980564,AAPL,258.02,2025-10-17,12,100.0,CALL,146.12,157.15,158.8,5,20,2.5039,0.9898,0.0002,-0.1445,0.0127,0.0318,2.5802,158.02,0.0,fdce4c6c410e,2025-10-04
2025-10-04,2025-10-04 18:37:29.981133,AAPL,258.02,2025-10-17,12,105.0,CALL,110.26,122.4,124.25,2,14,0.0,1.0,0.0,-0.0129,0.0,0.0345,2.4573,153.02,0.0,1472ee1d37a9,2025-10-04
2025-10-04,2025-10-04 18:37:29.981481,AAPL,258.02,2025-10-17,12,110.0,CALL,121.0,147.15,148.85,345,462,2.2959,0.9881,0.0003,-0.1521,0.0145,0.0349,2.3456,148.02,0.0,13a6f75db849,2025-10-04
2025-10-04,2025-10-04 18:37:29.981825,AAPL,258.02,2025-10-17,12,115.0,CALL,112.7,129.8,132.05,1,99,0.0,1.0,0.0,-0.0142,0.0,0.0378,2.2437,143.02,0.0,0d1841f4d343,2025-10-04
2025-10-04,2025-10-04 18:37:29.982581,AAPL,258.02,2025-10-17,12,120.0,CALL,91.56,107.8,109.05,1,67,0.0,1.0,0.0,-0.0148,0.0,0.0394,2.1502,138.02,0.0,faaf163f3252,2025-10-04
2025-10-04,2025-10-04 18:37:29.982930,AAPL,258.02,2025-10-17,12,125.0,CALL,114.66,132.15,133.9,3,19,1.125,0.9999,0.0,-0.0165,0.0002,0.041,2.0642,133.02,0.0,44037398b811,2025-10-04
2025-10-04,2025-10-04 18:37:29.983279,AAPL,258.02,2025-10-17,12,130.0,CALL,124.4,127.2,128.7,10,164,1.8242,0.9875,0.0004,-0.1304,0.0151,0.0415,1.9848,128.02,0.0,3ec373055b00,2025-10-04
2025-10-04,2025-10-04 18:37:29.983616,AAPL,258.02,2025-10-17,12,135.0,CALL,119.0,122.15,123.95,2,73,1.1719,0.9992,0.0,-0.0227,0.0013,0.0442,1.9113,123.02,0.0,16cafacf157a,2025-10-04
2025-10-04,2025-10-04 18:37:29.983957,AAPL,258.02,2025-10-17,12,140.0,CALL,114.3,117.2,118.9,18,82,1.1094,0.9992,0.0001,-0.0233,0.0013,0.0459,1.843,118.02,0.0,d7f64d77efd1,2025-10-04
2025-10-04,2025-10-04 18:37:29.984292,AAPL,258.02,2025-10-17,12,145.0,CALL,109.53,112.2,113.7,1,178,1.5635,0.9854,0.0005,-0.1303,0.0173,0.0462,1.7794,113.02,0.0,cb2be17e4b3b,2025-10-04
2025-10-04,2025-10-04 18:37:29.984622,AAPL,258.02,2025-10-17,12,150.0,CALL,107.91,107.55,109.25,8,726,1.3486,0.9905,0.0004,-0.085,0.0119,0.0484,1.7201,108.02,0.0,07325b02ca65,2025-10-04
2025-10-04,2025-10-04 18:37:29.985301,AAPL,258.02,2025-10-17,12,155.0,CALL,103.37,102.45,104.1,2,176,1.2031,0.9929,0.0004,-0.0651,0.0092,0.0502,1.6646,103.02,0.35,c40d5e1d8325,2025-10-04
2025-10-04,2025-10-04 18:37:29.985638,AAPL,258.02,2025-10-17,12,160.0,CALL,97.77,97.6,98.7,1,299,1.0371,0.9959,0.0003,-0.0441,0.0057,0.0522,1.6126,98.02,0.0,f972f067f890,2025-10-04
2025-10-04,2025-10-04 18:37:29.985974,AAPL,258.02,2025-10-17,12,165.0,CALL,91.25,92.8,94.15,2,234,1.1699,0.9868,0.0006,-0.0971,0.0159,0.053,1.5638,93.02,0.0,d765faec2130,2025-10-04
2025-10-04,2025-10-04 18:37:29.986306,AAPL,258.02,2025-10-17,12,170.0,CALL,86.48,87.8,89.1,78,655,1.0908,0.9867,0.0007,-0.0933,0.016,0.0546,1.5178,88.02,0.0,59e51758c3f8,2025-10-04
2025-10-04,2025-10-04 18:37:29.986641,AAPL,258.02,2025-10-17,12,175.0,CALL,84.25,82.95,83.75,11,1043,0.9824,0.9886,0.0006,-0.0783,0.014,0.0564,1.4744,83.02,1.23,3a4cca297bd7,2025-10-04
2025-10-04,2025-10-04 18:37:29.986975,AAPL,258.02,2025-10-17,12,180.0,CALL,79.35,77.9,78.85,44,1730,0.9307,0.987,0.0008,-0.0823,0.0156,0.0579,1.4334,78.02,1.33,90b29b554430,2025-10-04
2025-10-04,2025-10-04 18:37:29.987300,AAPL,258.02,2025-10-17,12,185.0,CALL,73.27,73.0,74.1,8,654,0.9297,0.9806,0.0011,-0.1076,0.0221,0.059,1.3947,73.02,0.25,1c85a8480c76,2025-10-04
2025-10-04,2025-10-04 18:37:29.987594,AAPL,258.02,2025-10-17,12,190.0,CALL,68.0,67.95,69.1,3,1398,0.8584,0.98,0.0012,-0.1038,0.0227,0.0606,1.358,68.02,0.0,4ad0d4980f59,2025-10-04
2025-10-04,2025-10-04 18:37:29.987891,AAPL,258.02,2025-10-17,12,195.0,CALL,63.85,62.65,64.5,12,1876,0.8105,0.9766,0.0015,-0.1104,0.0258,0.0619,1.3232,63.02,0.83,6ebd1640aa86,2025-10-04
2025-10-04,2025-10-04 18:37:29.988186,AAPL,258.02,2025-10-17,12,200.0,CALL,57.92,58.05,59.1,47,2959,0.7485,0.9747,0.0017,-0.1098,0.0276,0.0634,1.2901,58.02,0.0,38804f77a00f,2025-10-04
2025-10-04,2025-10-04 18:37:29.988480,AAPL,258.02,2025-10-17,12,205.0,CALL,53.35,52.5,54.3,32,11054,0.6411,0.9798,0.0016,-0.0856,0.0228,0.0655,1.2586,53.02,0.33,fb98dcedb506,2025-10-04
2025-10-04,2025-10-04 18:37:29.988779,AAPL,258.02,2025-10-17,12,210.0,CALL,48.5,47.8,48.75,142,20394,0.5449,0.9842,0.0016,-0.0675,0.0186,0.0675,1.2287,48.02,0.48,6985a1b5474c,2025-10-04
2025-10-04,2025-10-04 18:37:29.989076,AAPL,258.02,2025-10-17,12,215.0,CALL,43.31,43.15,43.95,184,13113,0.563,0.968,0.0027,-0.1042,0.0336,0.0678,1.2001,43.02,0.29,4b738164a1e3,2025-10-04
2025-10-04,2025-10-04 18:37:29.989370,AAPL,258.02,2025-10-17,12,217.5,CALL,41.08,39.95,41.45,29,30,0.6038,0.9483,0.0037,-0.1497,0.0495,0.0668,1.1863,40.52,0.56,c7fb530539d5,2025-10-04
2025-10-04,2025-10-04 18:37:29.989671,AAPL,258.02,2025-10-17,12,220.0,CALL,38.1,38.15,38.9,760,13232,0.5645,0.9477,0.004,-0.1429,0.05,0.0676,1.1728,38.02,0.08,4b4de81f12ca,2025-10-04
2025-10-04,2025-10-04 18:37:29.989972,AAPL,258.02,2025-10-17,12,222.5,CALL,35.76,34.9,36.75,1,14,0.5803,0.9298,0.005,-0.1773,0.063,0.0668,1.1596,35.52,0.24,f20edff543ba,2025-10-04
2025-10-04,2025-10-04 18:37:29.990270,AAPL,258.02,2025-10-17,12,225.0,CALL,33.55,33.2,33.9,161,13738,0.5017,0.9414,0.005,-0.1401,0.0547,0.0687,1.1468,33.02,0.53,9792b0108096,2025-10-04
2025-10-04,2025-10-04 18:37:29.990570,AAPL,258.02,2025-10-17,12,227.5,CALL,30.85,30.0,31.75,49,101,0.5137,0.9213,0.0061,-0.1724,0.0687,0.0677,1.1342,30.52,0.33,a47864458e35,2025-10-04
2025-10-04,2025-10-04 18:37:29.990877,AAPL,258.02,2025-10-17,12,230.0,CALL,28.5,28.35,28.85,1926,19362,0.4324,0.9363,0.0062,-0.1314,0.0584,0.0699,1.1218,28.02,0.48,afa14a5f522d,2025-10-04
2025-10-04,2025-10-04 18:37:29.991180,AAPL,258.02,2025-10-17,12,232.5,CALL,26.65,25.55,26.7,10,46,0.4418,0.9129,0.0077,-0.1622,0.0742,0.0687,1.1098,25.52,1.13,4861c8073c3c,2025-10-04
2025-10-04,2025-10-04 18:37:29.991483,AAPL,258.02,2025-10-17,12,235.0,CALL,23.8,23.5,23.8,849,17565,0.3638,0.9295,0.0079,-0.1223,0.0631,0.071,1.098,23.02,0.78,6c8185dcb485,2025-10-04
2025-10-04,2025-10-04 18:37:29.991790,AAPL,258.02,2025-10-17,12,237.5,CALL,20.78,20.5,21.75,39,210,0.3799,0.896,0.0102,-0.1596,0.0845,0.0688,1.0864,20.52,0.26,b1aee4e65899,2025-10-04
2025-10-04,2025-10-04 18:37:29.992093,AAPL,258.02,2025-10-17,12,240.0,CALL,18.64,18.7,19.0,1804,27926,0.322,0.9022,0.0115,-0.1347,0.0808,0.0703,1.0751,18.02,0.62,dcb8eaf5f93b,2025-10-04
2025-10-04,2025-10-04 18:37:29.992392,AAPL,258.02,2025-10-17,12,242.5,CALL,16.2,16.25,16.75,67,324,0.3113,0.8757,0.0141,-0.1502,0.096,0.0688,1.064,15.52,0.68,9e2f0655d893,2025-10-04
2025-10-04,2025-10-04 18:37:29.992695,AAPL,258.02,2025-10-17,12,245.0,CALL,14.15,14.1,14.35,1677,17479,0.2842,0.8553,0.0171,-0.1515,0.1065,0.0678,1.0531,13.02,1.13,f91ecac9fe3f,2025-10-04
2025-10-04,2025-10-04 18:37:29.992992,AAPL,258.02,2025-10-17,12,247.5,CALL,11.75,11.9,12.15,289,2617,0.2691,0.8181,0.021,-0.1631,0.1236,0.0654,1.0425,10.52,1.23,64b5a5d2097d,2025-10-04
2025-10-04,2025-10-04 18:37:29.993291,AAPL,258.02,2025-10-17,12,250.0,CALL,9.84,9.9,10.0,3817,34550,0.252,0.7723,0.0256,-0.1716,0.1413,0.0622,1.0321,8.02,1.82,41f7ec833f91,2025-10-04
2025-10-04,2025-10-04 18:37:29.993591,AAPL,258.02,2025-10-17,12,252.5,CALL,7.8,7.95,8.1,1359,2258,0.243,0.7076,0.0302,-0.1843,0.1608,0.0574,1.0219,5.52,2.28,5f91c783fae3,2025-10-04
2025-10-04,2025-10-04 18:37:29.993886,AAPL,258.02,2025-10-17,12,255.0,CALL,6.28,6.25,6.35,4277,20747,0.2338,0.6308,0.0345,-0.1912,0.1765,0.0515,1.0118,3.02,3.26,3b5abc0af5b7,2025-10-04
2025-10-04,2025-10-04 18:37:29.994159,AAPL,258.02,2025-10-17,12,257.5,CALL,4.72,4.7,4.8,4952,9153,0.2252,0.5422,0.0376,-0.1908,0.1856,0.0445,1.002,0.52,4.2,9b8f745e98f7,2025-10-04
2025-10-04,2025-10-04 18:37:29.994436,AAPL,258.02,2025-10-17,12,260.0,CALL,3.48,3.45,3.55,24747,28484,0.2209,0.4467,0.0383,-0.184,0.185,0.0368,0.9924,0.0,3.48,d75875e7c269,2025-10-04
2025-10-04,2025-10-04 18:37:29.994710,AAPL,258.02,2025-10-17,12,262.5,CALL,2.45,2.46,2.51,6136,8739,0.216,0.3511,0.0367,-0.167,0.1735,0.029,0.9829,0.0,2.45,6c7391eab04e,2025-10-04
2025-10-04,2025-10-04 18:37:29.994983,AAPL,258.02,2025-10-17,12,265.0,CALL,1.73,1.69,1.75,7734,15283,0.2146,0.2648,0.0326,-0.1452,0.1532,0.0219,0.9737,0.0,1.73,fcc3a9958741,2025-10-04
2025-10-04,2025-10-04 18:37:29.995261,AAPL,258.02,2025-10-17,12,267.5,CALL,1.16,1.14,1.18,2946,2155,0.2135,0.1909,0.0272,-0.1192,0.1273,0.0159,0.9646,0.0,1.16,4893d82598e1,2025-10-04
2025-10-04,2025-10-04 18:37:29.995548,AAPL,258.02,2025-10-17,12,270.0,CALL,0.78,0.76,0.79,12726,19640,0.2144,0.1335,0.0215,-0.0942,0.1008,0.0111,0.9556,0.0,0.78,96a4df72b4ed,2025-10-04
2025-10-04,2025-10-04 18:37:29.995823,AAPL,258.02,2025-10-17,12,272.5,CALL,0.5,0.51,0.53,511,582,0.217,0.0917,0.0162,-0.0726,0.0771,0.0076,0.9469,0.0,0.5,83c6b75175a6,2025-10-04
2025-10-04,2025-10-04 18:37:29.996101,AAPL,258.02,2025-10-17,12,275.0,CALL,0.35,0.34,0.36,2122,13176,0.221,0.0625,0.0119,-0.0549,0.0576,0.0052,0.9383,0.0,0.35,7df601674717,2025-10-04
2025-10-04,2025-10-04 18:37:29.996380,AAPL,258.02,2025-10-17,12,280.0,CALL,0.17,0.16,0.17,1408,11475,0.231,0.029,0.0061,-0.0307,0.0309,0.0024,0.9215,0.0,0.17,4d8962ed54f4,2025-10-04
2025-10-04,2025-10-04 18:37:29.996654,AAPL,258.02,2025-10-17,12,285.0,CALL,0.09,0.08,0.09,633,3576,0.2446,0.0144,0.0032,-0.0179,0.0171,0.0012,0.9053,0.0,0.09,7a867d642472,2025-10-04
2025-10-04,2025-10-04 18:37:29.996928,AAPL,258.02,2025-10-17,12,290.0,CALL,0.05,0.05,0.06,463,3889,0.2656,0.0089,0.0019,-0.0127,0.0112,0.0007,0.8897,0.0,0.05,79587e661095,2025-10-04
2025-10-04,2025-10-04 18:37:29.997206,AAPL,258.02,2025-10-17,12,295.0,CALL,0.03,0.03,0.04,218,4213,0.2832,0.0053,0.0012,-0.0086,0.0072,0.0004,0.8746,0.0,0.03,6a313752f51a,2025-10-04
2025-10-04,2025-10-04 18:37:29.997480,AAPL,258.02,2025-10-17,12,300.0,CALL,0.02,0.01,0.03,564,12479,0.3047,0.0037,0.0008,-0.0068,0.0052,0.0003,0.8601,0.0,0.02,59c62d040eaa,2025-10-04
2025-10-04,2025-10-04 18:37:29.997757,AAPL,258.02,2025-10-17,12,305.0,CALL,0.01,0.01,0.02,35,634,0.3203,0.0024,0.0005,-0.0047,0.0034,0.0002,0.846,0.0,0.01,b51026c38587,2025-10-04
2025-10-04,2025-10-04 18:37:29.998035,AAPL,258.02,2025-10-17,12,310.0,CALL,0.01,0.01,0.02,68,1766,0.3477,0.0021,0.0004,-0.0046,0.0032,0.0002,0.8323,0.0,0.01,26cc31a1c80d,2025-10-04
2025-10-04,2025-10-04 18:37:29.998308,AAPL,258.02,2025-10-17,12,315.0,CALL,0.02,0.0,0.01,11,617,0.3516,0.0011,0.0002,-0.0025,0.0017,0.0001,0.8191,0.0,0.02,365ab33c1263,2025-10-04
2025-10-04,2025-10-04 18:37:29.998583,AAPL,258.02,2025-10-17,12,320.0,CALL,0.01,0.0,0.01,28,1546,0.375,0.0009,0.0002,-0.0023,0.0015,0.0001,0.8063,0.0,0.01,c69640354ffd,2025-10-04
2025-10-04,2025-10-04 18:37:29.998861,AAPL,258.02,2025-10-17,12,325.0,CALL,0.01,0.0,0.01,3,642,0.3984,0.0009,0.0002,-0.0023,0.0014,0.0001,0.7939,0.0,0.01,34919480bc57,2025-10-04
2025-10-04,2025-10-04 18:37:29.999136,AAPL,258.02,2025-10-17,12,330.0,CALL,0.01,0.0,0.01,11,885,0.4219,0.0008,0.0001,-0.0023,0.0013,0.0001,0.7819,0.0,0.01,9861cb722bb3,2025-10-04
2025-10-04,2025-10-04 18:37:29.999409,AAPL,258.02,2025-10-17,12,335.0,CALL,0.01,0.0,0.01,20,82,0.4453,0.0007,0.0001,-0.0023,0.0012,0.0001,0.7702,0.0,0.01,9c0017169c84,2025-10-04
2025-10-04,2025-10-04 18:37:29.999687,AAPL,258.02,2025-10-17,12,340.0,CALL,0.01,0.0,0.01,35,153,0.4688,0.0007,0.0001,-0.0023,0.0012,0.0001,0.7589,0.0,0.01,867e0e0535d2,2025-10-04
2025-10-04,2025-10-04 18:37:29.999962,AAPL,258.02,2025-10-17,12,345.0,CALL,0.01,0.0,0.01,1,391,0.4922,0.0007,0.0001,-0.0024,0.0011,0.0001,0.7479,0.0,0.01,a6dcd5549ed7,2025-10-04
2025-10-04,2025-10-04 18:37:30.000234,AAPL,258.02,2025-10-17,12,350.0,CALL,0.01,0.0,0.0,150,450,0.25,0.0,0.0,-0.0,0.0,0.0,0.7372,0.0,0.01,e9d1aae104d3,2025-10-04
2025-10-04,2025-10-04 18:37:30.000504,AAPL,258.02,2025-10-17,12,355.0,CALL,0.01,0.0,0.01,25,225,0.5,0.0003,0.0,-0.001,0.0005,0.0,0.7268,0.0,0.01,93dce602dd02,2025-10-04
2025-10-04,2025-10-04 18:37:30.000762,AAPL,258.02,2025-10-17,12,360.0,CALL,0.01,0.0,0.01,1,1497,0.5313,0.0003,0.0001,-0.0013,0.0006,0.0,0.7167,0.0,0.01,ba3688c218a1,2025-10-04
2025-10-04,2025-10-04 18:37:30.001023,AAPL,258.02,2025-10-17,12,370.0,CALL,0.01,0.0,0.01,16,2844,0.5625,0.0003,0.0,-0.0011,0.0005,0.0,0.6974,0.0,0.01,aac810e8f9e2,2025-10-04
2025-10-04,2025-10-04 18:37:30.001380,AAPL,258.02,2025-10-17,12,90.0,PUT,0.01,0.0,0.01,6,955,1.625,-0.0001,0.0,-0.0012,0.0002,-0.0,2.8669,0.0,0.01,0e578f8ebcd2,2025-10-04
2025-10-04,2025-10-04 18:37:30.001643,AAPL,258.02,2025-10-17,12,95.0,PUT,0.01,0.0,0.01,1,1135,1.5313,-0.0001,0.0,-0.0011,0.0002,-0.0,2.716,0.0,0.01,7f6f581b39b4,2025-10-04
2025-10-04,2025-10-04 18:37:30.001904,AAPL,258.02,2025-10-17,12,100.0,PUT,0.01,0.0,0.01,3,860,1.4375,-0.0001,0.0,-0.0009,0.0002,-0.0,2.5802,0.0,0.01,5f4822044369,2025-10-04
2025-10-04,2025-10-04 18:37:30.002164,AAPL,258.02,2025-10-17,12,105.0,PUT,0.02,0.0,0.01,1,292,1.375,-0.0001,0.0,-0.001,0.0002,-0.0,2.4573,0.0,0.02,a2553b788541,2025-10-04
2025-10-04,2025-10-04 18:37:30.002421,AAPL,258.02,2025-10-17,12,110.0,PUT,0.01,0.0,0.01,5,615,1.3125,-0.0001,0.0,-0.0011,0.0002,-0.0,2.3456,0.0,0.01,a4c7cf82ca6e,2025-10-04
2025-10-04,2025-10-04 18:37:30.002679,AAPL,258.02,2025-10-17,12,115.0,PUT,0.01,0.0,0.21,20,595,1.6406,-0.0021,0.0001,-0.0207,0.003,-0.0002,2.2437,0.0,0.01,b0cd82c56dce,2025-10-04
2025-10-04,2025-10-04 18:37:30.002939,AAPL,258.02,2025-10-17,12,120.0,PUT,0.01,0.0,0.17,1,5856,1.5234,-0.0018,0.0001,-0.0169,0.0027,-0.0002,2.1502,0.0,0.01,fc98981269a2,2025-10-04
2025-10-04,2025-10-04 18:37:30.003196,AAPL,258.02,2025-10-17,12,125.0,PUT,0.01,0.0,0.01,40,1667,1.125,-0.0001,0.0,-0.0011,0.0002,-0.0,2.0642,0.0,0.01,e6fe2022dcd5,2025-10-04
2025-10-04,2025-10-04 18:37:30.003454,AAPL,258.02,2025-10-17,12,130.0,PUT,0.01,0.0,0.02,77,1186,1.125,-0.0003,0.0,-0.0021,0.0005,-0.0,1.9848,0.0,0.01,1f0763d38d5a,2025-10-04
2025-10-04,2025-10-04 18:37:30.003712,AAPL,258.02,2025-10-17,12,135.0,PUT,0.01,0.0,0.02,20,1455,1.0625,-0.0003,0.0,-0.002,0.0005,-0.0,1.9113,0.0,0.01,c409132e7f17,2025-10-04
2025-10-04,2025-10-04 18:37:30.003967,AAPL,258.02,2025-10-17,12,140.0,PUT,0.02,0.0,0.02,854,1711,1.0,-0.0003,0.0,-0.0019,0.0005,-0.0,1.843,0.0,0.02,083dd2713fd0,2025-10-04
2025-10-04,2025-10-04 18:37:30.004222,AAPL,258.02,2025-10-17,12,145.0,PUT,0.02,0.0,0.02,159,4283,0.9531,-0.0003,0.0,-0.0021,0.0005,-0.0,1.7794,0.0,0.02,2ba559017f23,2025-10-04
2025-10-04,2025-10-04 18:37:30.004483,AAPL,258.02,2025-10-17,12,150.0,PUT,0.01,0.0,0.03,105,11433,0.9297,-0.0005,0.0,-0.003,0.0008,-0.0,1.7201,0.0,0.01,428618d30521,2025-10-04
2025-10-04,2025-10-04 18:37:30.004741,AAPL,258.02,2025-10-17,12,155.0,PUT,0.02,0.0,0.03,105,3077,0.875,-0.0005,0.0,-0.0029,0.0008,-0.0,1.6646,0.0,0.02,0601298ae158,2025-10-04
2025-10-04,2025-10-04 18:37:30.004987,AAPL,258.02,2025-10-17,12,160.0,PUT,0.02,0.01,0.03,345,14303,0.8516,-0.0007,0.0001,-0.0042,0.0012,-0.0001,1.6126,0.0,0.02,8e69f3eeaec5,2025-10-04
2025-10-04,2025-10-04 18:37:30.005229,AAPL,258.02,2025-10-17,12,165.0,PUT,0.03,0.01,0.03,195,6499,0.7969,-0.0007,0.0001,-0.004,0.0012,-0.0001,1.5638,0.0,0.03,bf60d23133c3,2025-10-04
2025-10-04,2025-10-04 18:37:30.005476,AAPL,258.02,2025-10-17,12,170.0,PUT,0.03,0.01,0.04,37,7278,0.7656,-0.001,0.0001,-0.0051,0.0016,-0.0001,1.5178,0.0,0.03,f631f8fa2d00,2025-10-04
2025-10-04,2025-10-04 18:37:30.005717,AAPL,258.02,2025-10-17,12,175.0,PUT,0.04,0.03,0.1,730,4690,0.793,-0.0027,0.0002,-0.0128,0.0039,-0.0002,1.4744,0.0,0.04,c9f246656796,2025-10-04
2025-10-04,2025-10-04 18:37:30.005959,AAPL,258.02,2025-10-17,12,180.0,PUT,0.04,0.02,0.05,424,11877,0.6914,-0.0016,0.0002,-0.0069,0.0024,-0.0001,1.4334,0.0,0.04,19914570adf9,2025-10-04
2025-10-04,2025-10-04 18:37:30.006203,AAPL,258.02,2025-10-17,12,185.0,PUT,0.06,0.03,0.05,129,10075,0.6523,-0.002,0.0002,-0.0079,0.0029,-0.0002,1.3947,0.0,0.06,2ccb7a01fb62,2025-10-04
2025-10-04,2025-10-04 18:37:30.006447,AAPL,258.02,2025-10-17,12,190.0,PUT,0.05,0.03,0.06,244,14239,0.6133,-0.0024,0.0003,-0.0088,0.0035,-0.0002,1.358,0.0,0.05,4318dc07d0ec,2025-10-04
2025-10-04,2025-10-04 18:37:30.006688,AAPL,258.02,2025-10-17,12,195.0,PUT,0.06,0.03,0.06,48,9805,0.5645,-0.0025,0.0003,-0.0086,0.0037,-0.0002,1.3232,0.0,0.06,a43e4524e7c6,2025-10-04
2025-10-04,2025-10-04 18:37:30.006931,AAPL,258.02,2025-10-17,12,200.0,PUT,0.06,0.05,0.06,378,16941,0.5313,-0.0034,0.0004,-0.0105,0.0048,-0.0003,1.2901,0.0,0.06,f945d449d95c,2025-10-04
2025-10-04,2025-10-04 18:37:30.007175,AAPL,258.02,2025-10-17,12,205.0,PUT,0.07,0.05,0.07,100,12087,0.4981,-0.0045,0.0006,-0.0127,0.0062,-0.0004,1.2586,0.0,0.07,b3560050e1ec,2025-10-04
2025-10-04,2025-10-04 18:37:30.007420,AAPL,258.02,2025-10-17,12,210.0,PUT,0.08,0.07,0.08,122,28755,0.46,-0.0057,0.0008,-0.0144,0.0076,-0.0005,1.2287,0.0,0.08,66dc144435b9,2025-10-04
2025-10-04,2025-10-04 18:37:30.007663,AAPL,258.02,2025-10-17,12,215.0,PUT,0.09,0.08,0.09,149,16786,0.4199,-0.0071,0.001,-0.0159,0.0092,-0.0006,1.2001,0.0,0.09,ac4687b31724,2025-10-04
2025-10-04,2025-10-04 18:37:30.007903,AAPL,258.02,2025-10-17,12,217.5,PUT,0.1,0.08,0.1,1,481,0.4023,-0.0082,0.0012,-0.0174,0.0105,-0.0007,1.1863,0.0,0.1,fc1693424feb,2025-10-04
2025-10-04,2025-10-04 18:37:30.008146,AAPL,258.02,2025-10-17,12,220.0,PUT,0.09,0.09,0.11,228,20105,0.3838,-0.0095,0.0014,-0.0187,0.0119,-0.0008,1.1728,0.0,0.09,1380aef85a7e,2025-10-04
2025-10-04,2025-10-04 18:37:30.008394,AAPL,258.02,2025-10-17,12,222.5,PUT,0.12,0.1,0.12,16,319,0.3652,-0.011,0.0017,-0.0202,0.0135,-0.001,1.1596,0.0,0.12,ea97006bd3ce,2025-10-04
2025-10-04,2025-10-04 18:37:30.008638,AAPL,258.02,2025-10-17,12,225.0,PUT,0.14,0.11,0.13,1390,12514,0.3457,-0.0126,0.002,-0.0215,0.0152,-0.0011,1.1468,0.0,0.14,56391346fb4b,2025-10-04
2025-10-04,2025-10-04 18:37:30.008884,AAPL,258.02,2025-10-17,12,227.5,PUT,0.14,0.13,0.15,121,1249,0.3291,-0.0152,0.0025,-0.0241,0.0179,-0.0013,1.1342,0.0,0.14,0ab3e7714c04,2025-10-04
2025-10-04,2025-10-04 18:37:30.009125,AAPL,258.02,2025-10-17,12,230.0,PUT,0.16,0.16,0.17,773,13100,0.311,-0.0182,0.0031,-0.0265,0.0209,-0.0016,1.1218,0.0,0.16,e7e4c84742cf,2025-10-04
2025-10-04,2025-10-04 18:37:30.009368,AAPL,258.02,2025-10-17,12,232.5,PUT,0.2,0.19,0.21,1346,2478,0.2974,-0.0235,0.004,-0.0314,0.026,-0.002,1.1098,0.0,0.2,be519109d925,2025-10-04
2025-10-04,2025-10-04 18:37:30.009613,AAPL,258.02,2025-10-17,12,235.0,PUT,0.25,0.24,0.26,2578,8916,0.2832,-0.0304,0.0052,-0.037,0.0322,-0.0026,1.098,0.0,0.25,838fb753bb9d,2025-10-04
2025-10-04,2025-10-04 18:37:30.009855,AAPL,258.02,2025-10-17,12,237.5,PUT,0.32,0.31,0.33,242,1385,0.2703,-0.0404,0.0069,-0.0445,0.0407,-0.0035,1.0864,0.0,0.32,796b40d422ac,2025-10-04
2025-10-04,2025-10-04 18:37:30.010097,AAPL,258.02,2025-10-17,12,240.0,PUT,0.43,0.42,0.43,3476,11030,0.2583,-0.0547,0.0092,-0.054,0.0518,-0.0047,1.0751,0.0,0.43,d6382f984b9b,2025-10-04
2025-10-04,2025-10-04 18:37:30.010340,AAPL,258.02,2025-10-17,12,242.5,PUT,0.58,0.56,0.59,538,4127,0.249,-0.0765,0.0123,-0.0673,0.0672,-0.0066,1.064,0.0,0.58,676207140a6d,2025-10-04
2025-10-04,2025-10-04 18:37:30.010586,AAPL,258.02,2025-10-17,12,245.0,PUT,0.83,0.78,0.81,3488,6333,0.2402,-0.1067,0.0164,-0.0827,0.086,-0.0092,1.0531,0.0,0.83,ae9c8483dd92,2025-10-04
2025-10-04,2025-10-04 18:37:30.010829,AAPL,258.02,2025-10-17,12,247.5,PUT,1.1,1.08,1.12,738,4856,0.2321,-0.1479,0.0213,-0.0997,0.1081,-0.0128,1.0425,0.0,1.1,9a572af3fae2,2025-10-04
2025-10-04,2025-10-04 18:37:30.011075,AAPL,258.02,2025-10-17,12,250.0,PUT,1.51,1.51,1.54,9626,9776,0.2241,-0.2022,0.0269,-0.1165,0.1318,-0.0176,1.0321,0.0,1.51,ebf2ff1ee240,2025-10-04
2025-10-04,2025-10-04 18:37:30.011320,AAPL,258.02,2025-10-17,12,252.5,PUT,2.12,2.08,2.18,2045,2734,0.2207,-0.2751,0.0323,-0.1346,0.1561,-0.0239,1.0219,0.0,2.12,167e734526d2,2025-10-04
2025-10-04,2025-10-04 18:37:30.011554,AAPL,258.02,2025-10-17,12,255.0,PUT,2.9,2.82,2.94,6349,5622,0.2136,-0.3589,0.0374,-0.1439,0.1748,-0.0313,1.0118,0.0,2.9,4b5f304585b8,2025-10-04
2025-10-04,2025-10-04 18:37:30.011789,AAPL,258.02,2025-10-17,12,257.5,PUT,3.8,3.8,3.9,4641,1815,0.2063,-0.4553,0.0411,-0.1445,0.1855,-0.0397,1.002,0.0,3.8,170fb1224c79,2025-10-04
2025-10-04,2025-10-04 18:37:30.012021,AAPL,258.02,2025-10-17,12,260.0,PUT,5.13,5.05,5.15,1564,2390,0.2019,-0.5597,0.0418,-0.1368,0.1845,-0.049,0.9924,1.98,3.15,c727fc13ea02,2025-10-04
2025-10-04,2025-10-04 18:37:30.012253,AAPL,258.02,2025-10-17,12,262.5,PUT,6.5,6.5,6.65,130,126,0.1977,-0.6631,0.0395,-0.1189,0.1708,-0.0583,0.9829,4.48,2.02,68574bafe046,2025-10-04
2025-10-04,2025-10-04 18:37:30.012487,AAPL,258.02,2025-10-17,12,265.0,PUT,8.55,8.3,8.4,220,368,0.1945,-0.7572,0.0344,-0.0935,0.1463,-0.0668,0.9737,6.98,1.57,4cb0954fe153,2025-10-04
2025-10-04,2025-10-04 18:37:30.012719,AAPL,258.02,2025-10-17,12,267.5,PUT,10.55,10.25,10.4,23,89,0.1945,-0.8324,0.0276,-0.0674,0.1173,-0.0739,0.9646,9.48,1.07,9f9a9dce480f,2025-10-04
2025-10-04,2025-10-04 18:37:30.012949,AAPL,258.02,2025-10-17,12,270.0,PUT,12.73,12.15,12.65,98,110,0.2037,-0.879,0.0211,-0.0505,0.0941,-0.0786,0.9556,11.98,0.75,9fc638450368,2025-10-04
2025-10-04,2025-10-04 18:37:30.013184,AAPL,258.02,2025-10-17,12,275.0,PUT,16.56,16.6,17.6,10,101,0.2532,-0.9088,0.0138,-0.05,0.0767,-0.0827,0.9383,16.98,0.0,c7982fcfe45d,2025-10-04
2025-10-04,2025-10-04 18:37:30.013420,AAPL,258.02,2025-10-17,12,280.0,PUT,22.55,21.4,22.55,12,5,0.2976,-0.9279,0.0099,-0.0474,0.0642,-0.0859,0.9215,21.98,0.57,e7a8facede19,2025-10-04
2025-10-04,2025-10-04 18:37:30.013649,AAPL,258.02,2025-10-17,12,285.0,PUT,27.05,26.6,27.5,6,0,0.3377,-0.9418,0.0074,-0.0433,0.0545,-0.0887,0.9053,26.98,0.07,610d83505f4b,2025-10-04
2025-10-04,2025-10-04 18:37:30.013881,AAPL,258.02,2025-10-17,12,290.0,PUT,31.75,31.3,32.35,3,0,0.3565,-0.9602,0.0051,-0.0252,0.0402,-0.0919,0.8897,31.98,0.0,f5e308c82739,2025-10-04
2025-10-04,2025-10-04 18:37:30.014115,AAPL,258.02,2025-10-17,12,295.0,PUT,68.15,36.35,37.55,2,0,0.4331,-0.9503,0.0051,-0.0519,0.048,-0.0928,0.8746,36.98,31.17,7eaacfe95156,2025-10-04
2025-10-04,2025-10-04 18:37:30.014345,AAPL,258.02,2025-10-17,12,300.0,PUT,44.1,41.65,42.55,3,0,0.4746,-0.9546,0.0043,-0.0527,0.0446,-0.0948,0.8601,41.98,2.12,f4c5258101f8,2025-10-04
2025-10-04,2025-10-04 18:37:30.014574,AAPL,258.02,2025-10-17,12,305.0,PUT,78.15,46.3,47.45,1,0,0.4959,-0.964,0.0034,-0.04,0.037,-0.0972,0.846,46.98,31.17,d220c8257cc3,2025-10-04
2025-10-04,2025-10-04 18:37:30.014803,AAPL,258.02,2025-10-17,12,315.0,PUT,69.7,56.35,57.65,1,0,0.6104,-0.9586,0.0031,-0.068,0.0415,-0.1,0.8191,56.98,12.72,0942341fe75c,2025-10-04
2025-10-04,2025-10-04 18:37:30.015037,AAPL,258.02,2025-10-17,12,320.0,PUT,65.4,61.35,62.65,1,0,0.648,-0.9609,0.0028,-0.0687,0.0396,-0.1019,0.8063,61.98,3.42,07924a4d8b43,2025-10-04
2025-10-04,2025-10-04 18:37:30.015267,AAPL,258.02,2025-10-17,12,330.0,PUT,98.75,95.7,96.25,0,0,2.3074,-0.6463,0.0034,-1.6404,0.1739,-0.0852,0.7819,71.98,26.77,dc103ac11be6,2025-10-04
2025-10-04,2025-10-04 18:37:30.015497,AAPL,258.02,2025-10-17,12,335.0,PUT,89.55,76.4,77.5,5,0,0.7207,-0.9727,0.0019,-0.0481,0.0295,-0.1078,0.7702,76.98,12.57,df8bf88ae77d,2025-10-04
2025-10-04,2025-10-04 18:37:30.015728,AAPL,258.02,2025-10-17,12,355.0,PUT,157.02,0.0,0.0,0,0,0.0,-1.0,0.0,0.0437,0.0,-0.1165,0.7268,96.98,60.04,4a3300887ba7,2025-10-04
2025-10-04,2025-10-04 18:37:30.015962,AAPL,258.02,2025-10-17,12,360.0,PUT,162.01,0.0,0.0,0,0,0.0,-1.0,0.0,0.0443,0.0,-0.1182,0.7167,101.98,60.03,5e28a1f7030e,2025-10-04
2025-10-04,2025-10-04 18:37:30.016191,AAPL,258.02,2025-10-17,12,370.0,PUT,159.95,141.9,142.5,0,0,3.0499,-0.6453,0.0026,-2.1753,0.1741,-0.0999,0.6974,111.98,47.97,a767ccf8c957,2025-10-04
2025-10-04,2025-10-04 18:37:30.096955,AAPL,258.02,2025-10-24,19,110.0,CALL,143.35,147.45,148.8,1,3,1.4082,0.9976,0.0001,-0.0297,0.0044,0.0568,2.3456,148.02,0.0,7eef6a1c85c8,2025-10-04
2025-10-04,2025-10-04 18:37:30.097360,AAPL,258.02,2025-10-24,19,120.0,CALL,133.19,137.45,138.8,0,1,1.2734,0.9974,0.0001,-0.0308,0.0048,0.0619,2.1502,138.02,0.0,cab0f984ef99,2025-10-04
2025-10-04,2025-10-04 18:37:30.097706,AAPL,258.02,2025-10-24,19,140.0,CALL,116.1,117.55,119.0,1,1,1.1572,0.993,0.0003,-0.052,0.0115,0.0717,1.843,118.02,0.0,8e168f1810b9,2025-10-04
2025-10-04,2025-10-04 18:37:30.098054,AAPL,258.02,2025-10-24,19,165.0,CALL,90.95,93.1,94.05,1,2,0.9873,0.9825,0.0007,-0.0859,0.0255,0.0831,1.5638,93.02,0.0,8d52b2e583ee,2025-10-04
2025-10-04,2025-10-04 18:37:30.098395,AAPL,258.02,2025-10-24,19,170.0,CALL,76.03,87.85,88.95,6,6,0.873,0.9863,0.0007,-0.0678,0.0206,0.0863,1.5178,88.02,0.0,730123e96ddc,2025-10-04
2025-10-04,2025-10-04 18:37:30.098735,AAPL,258.02,2025-10-24,19,175.0,CALL,83.45,82.8,84.15,1,1,0.8447,0.9831,0.0008,-0.0758,0.0247,0.0884,1.4744,83.02,0.43,0c9ff3b8fef2,2025-10-04
2025-10-04,2025-10-04 18:37:30.099080,AAPL,258.02,2025-10-24,19,180.0,CALL,76.77,78.0,79.05,9,11,0.8057,0.9805,0.001,-0.0807,0.0279,0.0907,1.4334,78.02,0.0,872fab6ddc1d,2025-10-04
2025-10-04,2025-10-04 18:37:30.099419,AAPL,258.02,2025-10-24,19,185.0,CALL,69.8,73.2,74.2,1,2,0.7947,0.9737,0.0013,-0.0969,0.0359,0.0923,1.3947,73.02,0.0,98a6d64adc8b,2025-10-04
2025-10-04,2025-10-04 18:37:30.099755,AAPL,258.02,2025-10-24,19,190.0,CALL,68.99,68.0,69.1,1,17,0.707,0.9768,0.0013,-0.0827,0.0323,0.0954,1.358,68.02,0.97,f7b3a3297c10,2025-10-04
2025-10-04,2025-10-04 18:37:30.100098,AAPL,258.02,2025-10-24,19,195.0,CALL,59.86,62.7,64.25,6,8,0.6382,0.9779,0.0014,-0.0753,0.031,0.0981,1.3232,63.02,0.0,0734b2cb4d88,2025-10-04
2025-10-04,2025-10-04 18:37:30.100433,AAPL,258.02,2025-10-24,19,200.0,CALL,58.16,58.3,59.2,6,71,0.6448,0.9657,0.002,-0.0994,0.0447,0.099,1.2901,58.02,0.14,19cb52d585f9,2025-10-04
2025-10-04,2025-10-04 18:37:30.100776,AAPL,258.02,2025-10-24,19,205.0,CALL,53.43,53.15,54.2,2,17,0.5801,0.9658,0.0022,-0.0923,0.0447,0.1016,1.2586,53.02,0.41,c2c79a4bb2aa,2025-10-04
2025-10-04,2025-10-04 18:37:30.101114,AAPL,258.02,2025-10-24,19,210.0,CALL,46.12,47.9,49.15,1,46,0.5029,0.9694,0.0023,-0.0787,0.0407,0.1048,1.2287,48.02,0.0,ef2721139dcd,2025-10-04
2025-10-04,2025-10-04 18:37:30.101451,AAPL,258.02,2025-10-24,19,215.0,CALL,44.48,42.9,44.25,43,79,0.5554,0.9359,0.0038,-0.1322,0.0738,0.1025,1.2001,43.02,1.46,cf441275e767,2025-10-04
2025-10-04,2025-10-04 18:37:30.101790,AAPL,258.02,2025-10-24,19,220.0,CALL,39.14,38.2,39.35,1,573,0.5112,0.9258,0.0047,-0.1358,0.0827,0.1037,1.1728,38.02,1.12,361b0e374e10,2025-10-04
2025-10-04,2025-10-04 18:37:30.102131,AAPL,258.02,2025-10-24,19,225.0,CALL,34.05,33.5,34.4,16,527,0.4609,0.9157,0.0057,-0.1353,0.091,0.105,1.1468,33.02,1.03,f3a8c278f3ed,2025-10-04
2025-10-04,2025-10-04 18:37:30.102466,AAPL,258.02,2025-10-24,19,230.0,CALL,28.84,28.7,29.3,79,1326,0.3967,0.9101,0.0069,-0.1251,0.0955,0.1068,1.1218,28.02,0.82,244260f6ad38,2025-10-04
2025-10-04,2025-10-04 18:37:30.102802,AAPL,258.02,2025-10-24,19,235.0,CALL,23.75,23.9,24.3,120,1848,0.3418,0.8975,0.0089,-0.1201,0.1052,0.1077,1.098,23.02,0.73,c912af5a2903,2025-10-04
2025-10-04,2025-10-04 18:37:30.103142,AAPL,258.02,2025-10-24,19,240.0,CALL,19.25,19.35,19.55,292,2581,0.3038,0.8671,0.012,-0.1262,0.1264,0.1061,1.0751,18.02,1.23,fe37fce7e397,2025-10-04
2025-10-04,2025-10-04 18:37:30.103483,AAPL,258.02,2025-10-24,19,245.0,CALL,14.97,14.9,15.1,286,2935,0.2769,0.8128,0.0165,-0.1393,0.1583,0.1012,1.0531,13.02,1.95,41e3b7289c29,2025-10-04
2025-10-04,2025-10-04 18:37:30.103810,AAPL,258.02,2025-10-24,19,250.0,CALL,10.65,10.85,11.0,3125,10399,0.2543,0.7303,0.0221,-0.152,0.1945,0.0923,1.0321,8.02,2.63,1ee5a059f4c3,2025-10-04
2025-10-04,2025-10-04 18:37:30.104112,AAPL,258.02,2025-10-24,19,255.0,CALL,7.35,7.35,7.45,1276,4985,0.2369,0.6134,0.0274,-0.1591,0.2253,0.0785,1.0118,3.02,4.33,5fa75cc92cd5,2025-10-04
2025-10-04,2025-10-04 18:37:30.104410,AAPL,258.02,2025-10-24,19,260.0,CALL,4.65,4.55,4.7,3190,15507,0.2274,0.4696,0.0297,-0.1545,0.2342,0.0606,0.9924,0.0,4.65,7813c2457095,2025-10-04
2025-10-04,2025-10-04 18:37:30.104712,AAPL,258.02,2025-10-24,19,265.0,CALL,2.62,2.62,2.67,3268,5057,0.2184,0.3214,0.0279,-0.1311,0.2109,0.0418,0.9737,0.0,2.62,019b7f322d53,2025-10-04
2025-10-04,2025-10-04 18:37:30.105018,AAPL,258.02,2025-10-24,19,270.0,CALL,1.4,1.39,1.42,2149,8538,0.2151,0.197,0.0219,-0.0985,0.1633,0.0257,0.9556,0.0,1.4,3169d5e6ae6a,2025-10-04
2025-10-04,2025-10-04 18:37:30.105318,AAPL,258.02,2025-10-24,19,275.0,CALL,0.73,0.71,0.74,3457,3354,0.217,0.1122,0.0149,-0.0676,0.1123,0.0147,0.9383,0.0,0.73,a4195a9c85f8,2025-10-04
2025-10-04,2025-10-04 18:37:30.105623,AAPL,258.02,2025-10-24,19,280.0,CALL,0.39,0.38,0.4,1020,1453,0.2236,0.0629,0.0094,-0.0448,0.0728,0.0083,0.9215,0.0,0.39,034600a76222,2025-10-04
2025-10-04,2025-10-04 18:37:30.105925,AAPL,258.02,2025-10-24,19,285.0,CALL,0.21,0.21,0.22,1743,4490,0.2315,0.035,0.0057,-0.0288,0.0454,0.0046,0.9053,0.0,0.21,a7f07b0283fc,2025-10-04
2025-10-04,2025-10-04 18:37:30.106224,AAPL,258.02,2025-10-24,19,290.0,CALL,0.13,0.11,0.13,339,4446,0.2422,0.0205,0.0035,-0.0192,0.029,0.0027,0.8897,0.0,0.13,0e4fa1888986,2025-10-04
2025-10-04,2025-10-04 18:37:30.106536,AAPL,258.02,2025-10-24,19,295.0,CALL,0.07,0.06,0.08,59,374,0.2529,0.0122,0.0021,-0.0128,0.0186,0.0016,0.8746,0.0,0.07,1715d2221a8d,2025-10-04
2025-10-04,2025-10-04 18:37:30.106838,AAPL,258.02,2025-10-24,19,300.0,CALL,0.05,0.04,0.05,250,1531,0.2637,0.0074,0.0013,-0.0086,0.0121,0.001,0.8601,0.0,0.05,333d28682750,2025-10-04
2025-10-04,2025-10-04 18:37:30.107141,AAPL,258.02,2025-10-24,19,305.0,CALL,0.04,0.03,0.04,2,147,0.2813,0.0056,0.001,-0.0071,0.0094,0.0007,0.846,0.0,0.04,790b157f477a,2025-10-04
2025-10-04,2025-10-04 18:37:30.107451,AAPL,258.02,2025-10-24,19,310.0,CALL,0.03,0.01,0.03,2,29,0.2949,0.0039,0.0007,-0.0054,0.0068,0.0005,0.8323,0.0,0.03,abd759ac466e,2025-10-04
2025-10-04,2025-10-04 18:37:30.107755,AAPL,258.02,2025-10-24,19,315.0,CALL,0.02,0.0,0.02,3,109,0.3047,0.0025,0.0004,-0.0038,0.0046,0.0003,0.8191,0.0,0.02,d76b5fd15c91,2025-10-04
2025-10-04,2025-10-04 18:37:30.108054,AAPL,258.02,2025-10-24,19,320.0,CALL,0.02,0.0,0.02,1,72,0.3262,0.0024,0.0004,-0.0038,0.0044,0.0003,0.8063,0.0,0.02,a2ab28fd8105,2025-10-04
2025-10-04,2025-10-04 18:37:30.108346,AAPL,258.02,2025-10-24,19,325.0,CALL,0.01,0.0,0.01,1,48,0.3242,0.0011,0.0002,-0.0019,0.0022,0.0001,0.7939,0.0,0.01,c599b9eb2c68,2025-10-04
2025-10-04,2025-10-04 18:37:30.108711,AAPL,258.02,2025-10-24,19,110.0,PUT,0.01,0.0,0.24,3,50,1.4297,-0.0027,0.0001,-0.0182,0.0049,-0.0004,2.3456,0.0,0.01,3173f95748ab,2025-10-04
2025-10-04,2025-10-04 18:37:30.108998,AAPL,258.02,2025-10-24,19,130.0,PUT,0.01,0.0,0.02,1,3,0.9219,-0.0004,0.0,-0.0019,0.0008,-0.0001,1.9848,0.0,0.01,97ea67bc0d3c,2025-10-04
2025-10-04,2025-10-04 18:37:30.109282,AAPL,258.02,2025-10-24,19,135.0,PUT,0.02,0.0,0.02,100,103,0.875,-0.0004,0.0,-0.0019,0.0008,-0.0001,1.9113,0.0,0.02,1a221a66ea2c,2025-10-04
2025-10-04,2025-10-04 18:37:30.109564,AAPL,258.02,2025-10-24,19,140.0,PUT,0.01,0.01,0.02,1,225,0.8516,-0.0006,0.0,-0.0026,0.0012,-0.0001,1.843,0.0,0.01,f2dd10243c85,2025-10-04
2025-10-04,2025-10-04 18:37:30.109854,AAPL,258.02,2025-10-24,19,145.0,PUT,0.02,0.0,0.03,1,46,0.8047,-0.0006,0.0,-0.0026,0.0012,-0.0001,1.7794,0.0,0.02,21f33c193d8f,2025-10-04
2025-10-04,2025-10-04 18:37:30.110134,AAPL,258.02,2025-10-24,19,150.0,PUT,0.01,0.01,0.03,75,73,0.7813,-0.0008,0.0001,-0.0034,0.0017,-0.0001,1.7201,0.0,0.01,92e6ce989632,2025-10-04
2025-10-04,2025-10-04 18:37:30.110412,AAPL,258.02,2025-10-24,19,155.0,PUT,0.05,0.01,0.04,3,6,0.75,-0.001,0.0001,-0.004,0.0021,-0.0001,1.6646,0.0,0.05,54c6806bedf0,2025-10-04
2025-10-04,2025-10-04 18:37:30.110695,AAPL,258.02,2025-10-24,19,160.0,PUT,0.03,0.01,0.04,4,26,0.707,-0.0011,0.0001,-0.004,0.0022,-0.0002,1.6126,0.0,0.03,6e91939b6b23,2025-10-04
2025-10-04,2025-10-04 18:37:30.110980,AAPL,258.02,2025-10-24,19,165.0,PUT,0.05,0.01,0.05,1,16,0.6797,-0.0015,0.0001,-0.005,0.0028,-0.0002,1.5638,0.0,0.05,4f141002f091,2025-10-04
2025-10-04,2025-10-04 18:37:30.111258,AAPL,258.02,2025-10-24,19,170.0,PUT,0.04,0.02,0.05,1,55,0.6445,-0.0017,0.0001,-0.0054,0.0032,-0.0002,1.5178,0.0,0.04,faab7522d35c,2025-10-04
2025-10-04,2025-10-04 18:37:30.111541,AAPL,258.02,2025-10-24,19,175.0,PUT,0.05,0.03,0.06,50,34,0.6211,-0.0023,0.0002,-0.007,0.0043,-0.0003,1.4744,0.0,0.05,23099a97bbee,2025-10-04
2025-10-04,2025-10-04 18:37:30.111824,AAPL,258.02,2025-10-24,19,180.0,PUT,0.05,0.03,0.06,1,35,0.5781,-0.0024,0.0002,-0.0067,0.0045,-0.0003,1.4334,0.0,0.05,be3fa1f57707,2025-10-04
2025-10-04,2025-10-04 18:37:30.112102,AAPL,258.02,2025-10-24,19,185.0,PUT,0.05,0.04,0.07,20,556,0.5508,-0.0032,0.0003,-0.0081,0.0057,-0.0004,1.3947,0.0,0.05,8550fecacd53,2025-10-04
2025-10-04,2025-10-04 18:37:30.112386,AAPL,258.02,2025-10-24,19,190.0,PUT,0.06,0.06,0.08,1,65,0.5254,-0.0042,0.0004,-0.01,0.0073,-0.0006,1.358,0.0,0.06,53086fbe9307,2025-10-04
2025-10-04,2025-10-04 18:37:30.112668,AAPL,258.02,2025-10-24,19,195.0,PUT,0.07,0.05,0.08,4,178,0.4941,-0.0052,0.0005,-0.0113,0.0088,-0.0007,1.3232,0.0,0.07,9f32268803b5,2025-10-04
2025-10-04,2025-10-04 18:37:30.112945,AAPL,258.02,2025-10-24,19,200.0,PUT,0.09,0.08,0.1,11,2589,0.4668,-0.0068,0.0007,-0.0135,0.0112,-0.0009,1.2901,0.0,0.09,c3bde6453c53,2025-10-04
2025-10-04,2025-10-04 18:37:30.113224,AAPL,258.02,2025-10-24,19,205.0,PUT,0.1,0.09,0.11,28,2448,0.4316,-0.008,0.0009,-0.0144,0.0129,-0.0011,1.2586,0.0,0.1,20ca5037f555,2025-10-04
2025-10-04,2025-10-04 18:37:30.113508,AAPL,258.02,2025-10-24,19,210.0,PUT,0.12,0.11,0.13,212,654,0.4014,-0.0102,0.0011,-0.0165,0.0159,-0.0014,1.2287,0.0,0.12,a1bb20002194,2025-10-04
2025-10-04,2025-10-04 18:37:30.113791,AAPL,258.02,2025-10-24,19,215.0,PUT,0.15,0.13,0.16,34,609,0.3726,-0.0134,0.0016,-0.0193,0.0202,-0.0018,1.2001,0.0,0.15,5ce8e9a725be,2025-10-04
2025-10-04,2025-10-04 18:37:30.114070,AAPL,258.02,2025-10-24,19,220.0,PUT,0.19,0.18,0.2,195,3354,0.3442,-0.0179,0.0022,-0.0229,0.026,-0.0025,1.1728,0.0,0.19,c0029aeeb61d,2025-10-04
2025-10-04,2025-10-04 18:37:30.114355,AAPL,258.02,2025-10-24,19,225.0,PUT,0.25,0.23,0.26,96,956,0.3169,-0.0249,0.0031,-0.0277,0.0342,-0.0034,1.1468,0.0,0.25,22665cbdf4fe,2025-10-04
2025-10-04,2025-10-04 18:37:30.114637,AAPL,258.02,2025-10-24,19,230.0,PUT,0.35,0.33,0.36,954,2786,0.292,-0.0364,0.0046,-0.0349,0.047,-0.005,1.1218,0.0,0.35,919c50f613d3,2025-10-04
2025-10-04,2025-10-04 18:37:30.114905,AAPL,258.02,2025-10-24,19,235.0,PUT,0.52,0.5,0.53,476,2622,0.2698,-0.0562,0.0071,-0.0455,0.0667,-0.0078,1.098,0.0,0.52,43374ce9e89b,2025-10-04
2025-10-04,2025-10-04 18:37:30.115172,AAPL,258.02,2025-10-24,19,240.0,PUT,0.83,0.8,0.84,488,1740,0.2514,-0.0914,0.0111,-0.061,0.0967,-0.0126,1.0751,0.0,0.83,bc3cefb7d87a,2025-10-04
2025-10-04,2025-10-04 18:37:30.115440,AAPL,258.02,2025-10-24,19,245.0,PUT,1.37,1.35,1.39,1852,2872,0.236,-0.151,0.0169,-0.0807,0.1379,-0.0209,1.0531,0.0,1.37,715360bbc2cf,2025-10-04
2025-10-04,2025-10-04 18:37:30.115710,AAPL,258.02,2025-10-24,19,250.0,PUT,2.32,2.27,2.33,901,1815,0.2232,-0.2446,0.0239,-0.1006,0.1849,-0.0339,1.0321,0.0,2.32,bced12e63578,2025-10-04
2025-10-04,2025-10-04 18:37:30.115974,AAPL,258.02,2025-10-24,19,255.0,PUT,3.8,3.75,3.85,1540,2552,0.2128,-0.3764,0.0303,-0.1127,0.2235,-0.0523,1.0118,0.0,3.8,5c6df98ca666,2025-10-04
2025-10-04,2025-10-04 18:37:30.116243,AAPL,258.02,2025-10-24,19,260.0,PUT,6.07,5.95,6.05,888,430,0.2017,-0.5367,0.0335,-0.1064,0.2339,-0.0749,0.9924,1.98,4.09,b6984bf8cbd4,2025-10-04
2025-10-04,2025-10-04 18:37:30.116510,AAPL,258.02,2025-10-24,19,265.0,PUT,9.2,9.0,9.15,33,42,0.1954,-0.6998,0.0302,-0.082,0.2047,-0.0984,0.9737,6.98,2.22,ec6e5fafb5d9,2025-10-04
2025-10-04,2025-10-04 18:37:30.116772,AAPL,258.02,2025-10-24,19,270.0,PUT,12.75,12.65,13.05,30,226,0.194,-0.8291,0.0222,-0.0484,0.1495,-0.1178,0.9556,11.98,0.77,0ff6829375cb,2025-10-04
2025-10-04,2025-10-04 18:37:30.117039,AAPL,258.02,2025-10-24,19,275.0,PUT,17.74,17.05,17.6,3,104,0.2068,-0.8993,0.0145,-0.0258,0.1038,-0.1296,0.9383,16.98,0.76,2e28c6f0a3eb,2025-10-04
2025-10-04,2025-10-04 18:37:30.117306,AAPL,258.02,2025-10-24,19,280.0,PUT,21.55,21.65,22.4,6,6,0.2263,-0.9347,0.0095,-0.0122,0.0749,-0.1368,0.9215,21.98,0.0,a3dda84ab89d,2025-10-04
2025-10-04,2025-10-04 18:37:30.117572,AAPL,258.02,2025-10-24,19,290.0,PUT,51.75,31.4,32.6,0,0,0.3245,-0.9344,0.0067,-0.0305,0.0751,-0.1421,0.8897,31.98,19.77,9049c3cfdadd,2025-10-04
2025-10-04,2025-10-04 18:37:30.117837,AAPL,258.02,2025-10-24,19,295.0,PUT,38.47,36.4,37.4,1,0,0.3323,-0.9552,0.0048,-0.0137,0.0556,-0.1474,0.8746,36.98,1.49,44a68d5b0b5d,2025-10-04
2025-10-04,2025-10-04 18:37:30.118100,AAPL,258.02,2025-10-24,19,300.0,PUT,44.2,41.4,42.55,0,0,0.3877,-0.9488,0.0046,-0.0278,0.0619,-0.1492,0.8601,41.98,2.22,562da2a0d9c2,2025-10-04
2025-10-04,2025-10-04 18:37:30.118369,AAPL,258.02,2025-10-24,19,325.0,PUT,97.87,66.45,67.35,0,0,0.5029,-0.9734,0.0021,-0.0088,0.0362,-0.1654,0.7939,66.98,30.89,ffb986d54ca9,2025-10-04
2025-10-05,2025-10-05 18:34:56.112698,AAPL,258.02,2025-10-10,4,110.0,CALL,120.04,147.3,148.9,0,1,2.5547,0.9996,0.0,-0.0273,0.0004,0.012,2.3456,148.02,0.0,952ac94c9724,2025-10-05
2025-10-05,2025-10-05 18:34:56.115009,AAPL,258.02,2025-10-10,4,120.0,CALL,136.1,137.35,138.9,0,7,2.3828,0.9993,0.0,-0.0342,0.0007,0.0131,2.1502,138.02,0.0,9e825773ad66,2025-10-05
2025-10-05,2025-10-05 18:34:56.115340,AAPL,258.02,2025-10-10,4,135.0,CALL,120.55,122.3,123.95,0,2,2.0391,0.9992,0.0001,-0.0362,0.0008,0.0148,1.9113,123.02,0.0,2015c9b1522b,2025-10-05
2025-10-05,2025-10-05 18:34:56.115656,AAPL,258.02,2025-10-10,4,140.0,CALL,116.35,117.35,118.9,1,4,1.9336,0.9991,0.0001,-0.037,0.0008,0.0153,1.843,118.02,0.0,888a7b299c79,2025-10-05
2025-10-05,2025-10-05 18:34:56.115972,AAPL,258.02,2025-10-10,4,150.0,CALL,87.76,107.35,108.95,0,1,1.7793,0.9987,0.0001,-0.0445,0.0012,0.0164,1.7201,108.02,0.0,bebfb2a87de8,2025-10-05
2025-10-05,2025-10-05 18:34:56.116284,AAPL,258.02,2025-10-10,4,160.0,CALL,93.91,97.4,98.95,1,6,1.6211,0.9982,0.0001,-0.0519,0.0016,0.0175,1.6126,98.02,0.0,fe9253fe1252,2025-10-05
2025-10-05,2025-10-05 18:34:56.116593,AAPL,258.02,2025-10-10,4,165.0,CALL,91.99,92.35,93.95,1,0,1.4922,0.9984,0.0001,-0.0467,0.0014,0.018,1.5638,93.02,0.0,029e1dd3a3a6,2025-10-05
2025-10-05,2025-10-05 18:34:56.116904,AAPL,258.02,2025-10-10,4,170.0,CALL,87.87,87.4,88.95,2,3,1.4355,0.9978,0.0002,-0.0537,0.0018,0.0186,1.5178,88.02,0.0,63659c60ddce,2025-10-05
2025-10-05,2025-10-05 18:34:56.117212,AAPL,258.02,2025-10-10,4,175.0,CALL,83.05,82.35,84.0,2,4,1.3457,0.9977,0.0002,-0.0545,0.002,0.0191,1.4744,83.02,0.03,aec4b4302ea8,2025-10-05
2025-10-05,2025-10-05 18:34:56.117517,AAPL,258.02,2025-10-10,4,180.0,CALL,74.95,77.4,78.95,2,45,1.2578,0.9975,0.0002,-0.0553,0.0021,0.0196,1.4334,78.02,0.0,22f65675a89e,2025-10-05
2025-10-05,2025-10-05 18:34:56.117828,AAPL,258.02,2025-10-10,4,185.0,CALL,71.47,72.35,74.0,1,5,1.1738,0.9972,0.0003,-0.0565,0.0023,0.0202,1.3947,73.02,0.0,2f8329cc1a4c,2025-10-05
2025-10-05,2025-10-05 18:34:56.118140,AAPL,258.02,2025-10-10,4,190.0,CALL,67.43,67.65,69.0,1,25,1.2051,0.9937,0.0005,-0.0958,0.0048,0.0206,1.358,68.02,0.0,3b2d7e5bb071,2025-10-05
2025-10-05,2025-10-05 18:34:56.118449,AAPL,258.02,2025-10-10,4,195.0,CALL,63.37,62.4,63.75,2,109,0.8828,0.999,0.0001,-0.0343,0.0009,0.0213,1.3232,63.02,0.35,c049a5d15b6e,2025-10-05
2025-10-05,2025-10-05 18:34:56.118742,AAPL,258.02,2025-10-10,4,200.0,CALL,58.95,57.45,58.7,79,148,0.8086,0.9989,0.0002,-0.0348,0.001,0.0219,1.2901,58.02,0.93,b18552d98e5d,2025-10-05
2025-10-05,2025-10-05 18:34:56.119027,AAPL,258.02,2025-10-10,4,205.0,CALL,52.97,52.7,54.0,6,66,0.9561,0.9907,0.001,-0.1057,0.0068,0.0222,1.2586,53.02,0.0,c86c0bc4e055,2025-10-05
2025-10-05,2025-10-05 18:34:56.119314,AAPL,258.02,2025-10-10,4,210.0,CALL,48.66,47.4,48.6,105,195,0.9673,0.9817,0.0017,-0.1722,0.0122,0.0225,1.2287,48.02,0.64,20d0d5a3ca6b,2025-10-05
2025-10-05,2025-10-05 18:34:56.119593,AAPL,258.02,2025-10-10,4,215.0,CALL,43.1,42.4,44.05,25,334,0.7246,0.9928,0.001,-0.0749,0.0054,0.0233,1.2001,43.02,0.08,86138a8e3f71,2025-10-05
2025-10-05,2025-10-05 18:34:56.119873,AAPL,258.02,2025-10-10,4,217.5,CALL,40.78,40.05,41.2,101,11,0.6191,0.9963,0.0007,-0.0499,0.003,0.0237,1.1863,40.52,0.26,9f5416b6417d,2025-10-05
2025-10-05,2025-10-05 18:34:56.120155,AAPL,258.02,2025-10-10,4,220.0,CALL,38.1,37.75,38.45,409,925,0.5606,0.9971,0.0006,-0.044,0.0024,0.024,1.1728,38.02,0.08,cb15cad93e16,2025-10-05
2025-10-05,2025-10-05 18:34:56.120432,AAPL,258.02,2025-10-10,4,222.5,CALL,35.22,35.1,36.25,271,51,0.5801,0.9934,0.0012,-0.0635,0.005,0.0242,1.1596,35.52,0.0,5906a479ff72,2025-10-05
2025-10-05,2025-10-05 18:34:56.120714,AAPL,258.02,2025-10-10,4,225.0,CALL,33.05,32.65,33.8,245,710,0.5684,0.9903,0.0017,-0.077,0.007,0.0244,1.1468,33.02,0.03,4a177e26a4f7,2025-10-05
2025-10-05,2025-10-05 18:34:56.120992,AAPL,258.02,2025-10-10,4,227.5,CALL,30.86,30.45,31.05,1303,237,0.54,0.9882,0.0021,-0.0838,0.0083,0.0246,1.1342,30.52,0.34,9be2a90b1ffb,2025-10-05
2025-10-05,2025-10-05 18:34:56.121267,AAPL,258.02,2025-10-10,4,230.0,CALL,27.79,28.1,28.5,1350,1541,0.52,0.9841,0.0028,-0.0976,0.0107,0.0247,1.1218,28.02,0.0,7388004e0942,2025-10-05
2025-10-05,2025-10-05 18:34:56.121546,AAPL,258.02,2025-10-10,4,232.5,CALL,25.41,25.45,26.35,47,295,0.5103,0.9765,0.004,-0.1236,0.015,0.0248,1.1098,25.52,0.0,8ab364347ae4,2025-10-05
2025-10-05,2025-10-05 18:34:56.121822,AAPL,258.02,2025-10-10,4,235.0,CALL,22.96,22.5,23.5,116,2370,0.4932,0.9675,0.0055,-0.1489,0.0196,0.0248,1.098,23.02,0.0,a9568e19cbe1,2025-10-05
2025-10-05,2025-10-05 18:34:56.122102,AAPL,258.02,2025-10-10,4,237.5,CALL,20.61,20.15,21.2,260,127,0.49,0.9506,0.0077,-0.1966,0.0276,0.0246,1.0864,20.52,0.09,4b7f2b124bf2,2025-10-05
2025-10-05,2025-10-05 18:34:56.122386,AAPL,258.02,2025-10-10,4,240.0,CALL,18.28,18.2,18.6,547,2474,0.4248,0.9517,0.0087,-0.172,0.0271,0.0249,1.0751,18.02,0.26,3fabe3e829b3,2025-10-05
2025-10-05,2025-10-05 18:34:56.122664,AAPL,258.02,2025-10-10,4,242.5,CALL,15.52,15.65,16.25,136,1815,0.4038,0.9332,0.0119,-0.2042,0.035,0.0246,1.064,15.52,0.0,3a6175ad7113,2025-10-05
2025-10-05,2025-10-05 18:34:56.122948,AAPL,258.02,2025-10-10,4,245.0,CALL,13.4,13.4,13.6,789,5219,0.332,0.9359,0.014,-0.1687,0.0339,0.025,1.0531,13.02,0.38,75bc865d4bed,2025-10-05
2025-10-05,2025-10-05 18:34:56.123228,AAPL,258.02,2025-10-10,4,247.5,CALL,11.11,11.05,11.3,5551,918,0.312,0.9042,0.0202,-0.2066,0.0459,0.0244,1.0425,10.52,0.59,5387aa9d5c0d,2025-10-05
2025-10-05,2025-10-05 18:34:56.123503,AAPL,258.02,2025-10-10,4,250.0,CALL,8.9,8.85,9.0,12103,26207,0.2832,0.8636,0.0286,-0.2355,0.0591,0.0235,1.0321,8.02,0.88,e25fc6bad970,2025-10-05
2025-10-05,2025-10-05 18:34:56.123780,AAPL,258.02,2025-10-10,4,252.5,CALL,6.7,6.8,6.9,2123,4174,0.2651,0.7913,0.0401,-0.2815,0.0776,0.0217,1.0219,5.52,1.18,2ddd5930ea63,2025-10-05
2025-10-05,2025-10-05 18:34:56.124462,AAPL,258.02,2025-10-10,4,255.0,CALL,5.05,4.9,5.1,14500,7986,0.2573,0.6804,0.0514,-0.3316,0.0965,0.0187,1.0118,3.02,2.03,23bdc0760542,2025-10-05
2025-10-05,2025-10-05 18:34:56.124741,AAPL,258.02,2025-10-10,4,257.5,CALL,3.37,3.35,3.45,27191,6909,0.2415,0.5446,0.0608,-0.3402,0.1071,0.0151,1.002,0.52,2.85,3011aade4c89,2025-10-05
2025-10-05,2025-10-05 18:34:56.125018,AAPL,258.02,2025-10-10,4,260.0,CALL,2.15,2.14,2.18,61479,24418,0.2317,0.3887,0.0612,-0.312,0.1035,0.0108,0.9924,0.0,2.15,ff888d87206d,2025-10-05
2025-10-05,2025-10-05 18:34:56.125287,AAPL,258.02,2025-10-10,4,262.5,CALL,1.28,1.26,1.3,29172,6330,0.2274,0.245,0.0512,-0.2491,0.0849,0.0068,0.9829,0.0,1.28,60cf7c5c65dc,2025-10-05
2025-10-05,2025-10-05 18:34:56.125549,AAPL,258.02,2025-10-10,4,265.0,CALL,0.73,0.7,0.73,22298,10713,0.2258,0.1365,0.0359,-0.1711,0.0591,0.0038,0.9737,0.0,0.73,3e91ee242b2a,2025-10-05
2025-10-05,2025-10-05 18:34:56.125807,AAPL,258.02,2025-10-10,4,267.5,CALL,0.4,0.38,0.4,8427,2460,0.2278,0.0694,0.0217,-0.1047,0.036,0.0019,0.9646,0.0,0.4,dd69eb536961,2025-10-05
2025-10-05,2025-10-05 18:34:56.126068,AAPL,258.02,2025-10-10,4,270.0,CALL,0.2,0.2,0.21,35828,14246,0.2305,0.0323,0.0116,-0.0572,0.0195,0.0009,0.9556,0.0,0.2,8a644eb2e7d7,2025-10-05
2025-10-05,2025-10-05 18:34:56.126331,AAPL,258.02,2025-10-10,4,272.5,CALL,0.11,0.1,0.12,5821,3957,0.2383,0.0155,0.0061,-0.0319,0.0105,0.0004,0.9469,0.0,0.11,337ce3881078,2025-10-05
2025-10-05,2025-10-05 18:34:56.126588,AAPL,258.02,2025-10-10,4,275.0,CALL,0.07,0.06,0.07,5209,8179,0.2471,0.0075,0.0031,-0.0175,0.0056,0.0002,0.9383,0.0,0.07,feab38566d2e,2025-10-05
2025-10-05,2025-10-05 18:34:56.126847,AAPL,258.02,2025-10-10,4,277.5,CALL,0.04,0.03,0.04,572,224,0.2559,0.0036,0.0016,-0.0095,0.0029,0.0001,0.9298,0.0,0.04,3f4ebd08d2c8,2025-10-05
2025-10-05,2025-10-05 18:34:56.127106,AAPL,258.02,2025-10-10,4,280.0,CALL,0.02,0.02,0.03,1703,2336,0.2715,0.0022,0.001,-0.0065,0.0019,0.0001,0.9215,0.0,0.02,6081e1879a19,2025-10-05
2025-10-05,2025-10-05 18:34:56.127369,AAPL,258.02,2025-10-10,4,282.5,CALL,0.02,0.02,0.03,365,138,0.2969,0.002,0.0008,-0.0063,0.0017,0.0001,0.9133,0.0,0.02,146bd60abc8a,2025-10-05
2025-10-05,2025-10-05 18:34:56.127627,AAPL,258.02,2025-10-10,4,285.0,CALL,0.01,0.01,0.02,976,1429,0.3086,0.0012,0.0005,-0.004,0.001,0.0,0.9053,0.0,0.01,7eee7530dd11,2025-10-05
2025-10-05,2025-10-05 18:34:56.127886,AAPL,258.02,2025-10-10,4,287.5,CALL,0.03,0.0,0.02,1054,31,0.332,0.001,0.0004,-0.0039,0.0009,0.0,0.8975,0.0,0.03,8fa680105e8d,2025-10-05
2025-10-05,2025-10-05 18:34:56.128148,AAPL,258.02,2025-10-10,4,290.0,CALL,0.01,0.0,0.02,171,871,0.3555,0.0009,0.0003,-0.0039,0.0009,0.0,0.8897,0.0,0.01,0d621264a24e,2025-10-05
2025-10-05,2025-10-05 18:34:56.128408,AAPL,258.02,2025-10-10,4,295.0,CALL,0.01,0.0,0.01,174,1351,0.375,0.0004,0.0001,-0.0017,0.0004,0.0,0.8746,0.0,0.01,b0c691fef5cd,2025-10-05
2025-10-05,2025-10-05 18:34:56.128663,AAPL,258.02,2025-10-10,4,300.0,CALL,0.01,0.0,0.01,143,1620,0.4141,0.0003,0.0001,-0.0015,0.0003,0.0,0.8601,0.0,0.01,3bd855d874e5,2025-10-05
2025-10-05,2025-10-05 18:34:56.128924,AAPL,258.02,2025-10-10,4,305.0,CALL,0.01,0.0,0.01,1,297,0.4531,0.0002,0.0001,-0.0014,0.0002,0.0,0.846,0.0,0.01,c2564954a3bc,2025-10-05
2025-10-05,2025-10-05 18:34:56.129184,AAPL,258.02,2025-10-10,4,310.0,CALL,0.01,0.0,0.01,300,750,0.4922,0.0002,0.0001,-0.0013,0.0002,0.0,0.8323,0.0,0.01,4c55956939b4,2025-10-05
2025-10-05,2025-10-05 18:34:56.129441,AAPL,258.02,2025-10-10,4,315.0,CALL,0.03,0.0,0.01,0,63,0.5,0.0001,0.0,-0.0005,0.0001,0.0,0.8191,0.0,0.03,2a919cfe8bf0,2025-10-05
2025-10-05,2025-10-05 18:34:56.129701,AAPL,258.02,2025-10-10,4,320.0,CALL,0.02,0.0,0.01,0,189,0.5313,0.0001,0.0,-0.0005,0.0001,0.0,0.8063,0.0,0.02,cef6c3c65746,2025-10-05
2025-10-05,2025-10-05 18:34:56.129962,AAPL,258.02,2025-10-10,4,325.0,CALL,0.01,0.0,0.01,2,29,0.5781,0.0001,0.0,-0.0006,0.0001,0.0,0.7939,0.0,0.01,75b936a88ce6,2025-10-05
2025-10-05,2025-10-05 18:34:56.130321,AAPL,258.02,2025-10-10,4,120.0,PUT,0.01,0.0,0.01,4,34,1.8125,-0.0,0.0,-0.0005,0.0,-0.0,2.1502,0.0,0.01,e49b7cee0bc3,2025-10-05
2025-10-05,2025-10-05 18:34:56.130588,AAPL,258.02,2025-10-10,4,125.0,PUT,0.01,0.0,0.01,1,2,1.6875,-0.0,0.0,-0.0003,0.0,-0.0,2.0642,0.0,0.01,ddc3d2b906d6,2025-10-05
2025-10-05,2025-10-05 18:34:56.130851,AAPL,258.02,2025-10-10,4,135.0,PUT,0.01,0.0,0.01,80,103,1.5313,-0.0,0.0,-0.0004,0.0,-0.0,1.9113,0.0,0.01,2a4a848ac222,2025-10-05
2025-10-05,2025-10-05 18:34:56.131113,AAPL,258.02,2025-10-10,4,140.0,PUT,0.01,0.0,0.01,0,110,1.4375,-0.0,0.0,-0.0004,0.0,-0.0,1.843,0.0,0.01,5b557a6a070f,2025-10-05
2025-10-05,2025-10-05 18:34:56.131380,AAPL,258.02,2025-10-10,4,145.0,PUT,0.02,0.0,0.01,0,15,1.375,-0.0,0.0,-0.0005,0.0,-0.0,1.7794,0.0,0.02,f87dd0f95a24,2025-10-05
2025-10-05,2025-10-05 18:34:56.131626,AAPL,258.02,2025-10-10,4,150.0,PUT,0.01,0.0,0.01,1,7,1.3125,-0.0,0.0,-0.0005,0.0,-0.0,1.7201,0.0,0.01,c547115fa29d,2025-10-05
2025-10-05,2025-10-05 18:34:56.131869,AAPL,258.02,2025-10-10,4,155.0,PUT,0.01,0.0,0.01,191,212,1.2188,-0.0,0.0,-0.0004,0.0,-0.0,1.6646,0.0,0.01,7269334c358e,2025-10-05
2025-10-05,2025-10-05 18:34:56.132111,AAPL,258.02,2025-10-10,4,160.0,PUT,0.01,0.0,0.01,227,318,1.1563,-0.0,0.0,-0.0005,0.0,-0.0,1.6126,0.0,0.01,5e8a84b2654a,2025-10-05
2025-10-05,2025-10-05 18:34:56.132357,AAPL,258.02,2025-10-10,4,165.0,PUT,0.02,0.0,0.01,1,299,1.0938,-0.0,0.0,-0.0006,0.0,-0.0,1.5638,0.0,0.02,0ae71d48f6af,2025-10-05
2025-10-05,2025-10-05 18:34:56.132600,AAPL,258.02,2025-10-10,4,170.0,PUT,0.01,0.0,0.01,10,278,1.0,-0.0,0.0,-0.0004,0.0,-0.0,1.5178,0.0,0.01,85a7071c494d,2025-10-05
2025-10-05,2025-10-05 18:34:56.132844,AAPL,258.02,2025-10-10,4,175.0,PUT,0.02,0.0,0.01,109,211,0.9375,-0.0,0.0,-0.0004,0.0,-0.0,1.4744,0.0,0.02,36fcf90eb5c5,2025-10-05
2025-10-05,2025-10-05 18:34:56.133091,AAPL,258.02,2025-10-10,4,180.0,PUT,0.01,0.0,0.01,43,1322,0.875,-0.0,0.0,-0.0004,0.0,-0.0,1.4334,0.0,0.01,d04e0fba43fc,2025-10-05
2025-10-05,2025-10-05 18:34:56.133332,AAPL,258.02,2025-10-10,4,185.0,PUT,0.02,0.0,0.03,103,1120,0.9063,-0.0002,0.0,-0.0022,0.0002,-0.0,1.3947,0.0,0.02,faa917da3300,2025-10-05
2025-10-05,2025-10-05 18:34:56.133576,AAPL,258.02,2025-10-10,4,190.0,PUT,0.01,0.0,0.02,58,849,0.8125,-0.0001,0.0,-0.0014,0.0001,-0.0,1.358,0.0,0.01,10c3d21ec5b5,2025-10-05
2025-10-05,2025-10-05 18:34:56.133818,AAPL,258.02,2025-10-10,4,195.0,PUT,0.01,0.0,0.02,1,343,0.7422,-0.0001,0.0,-0.0013,0.0001,-0.0,1.3232,0.0,0.01,990592e3530d,2025-10-05
2025-10-05,2025-10-05 18:34:56.134059,AAPL,258.02,2025-10-10,4,200.0,PUT,0.01,0.01,0.02,29,1473,0.7031,-0.0002,0.0,-0.002,0.0002,-0.0,1.2901,0.0,0.01,8b8cbdf24bca,2025-10-05
2025-10-05,2025-10-05 18:34:56.134310,AAPL,258.02,2025-10-10,4,205.0,PUT,0.02,0.01,0.02,58,3664,0.6406,-0.0003,0.0001,-0.0021,0.0003,-0.0,1.2586,0.0,0.02,4e7e313599c4,2025-10-05
2025-10-05,2025-10-05 18:34:56.134556,AAPL,258.02,2025-10-10,4,210.0,PUT,0.03,0.02,0.03,117,1348,0.6133,-0.0006,0.0001,-0.0042,0.0006,-0.0,1.2287,0.0,0.03,e98ac2794239,2025-10-05
2025-10-05,2025-10-05 18:34:56.134799,AAPL,258.02,2025-10-10,4,215.0,PUT,0.02,0.02,0.03,116,1159,0.5469,-0.0006,0.0001,-0.0041,0.0006,-0.0,1.2001,0.0,0.02,86d70da43353,2025-10-05
2025-10-05,2025-10-05 18:34:56.135047,AAPL,258.02,2025-10-10,4,217.5,PUT,0.03,0.02,0.03,8,1152,0.5156,-0.0007,0.0002,-0.0041,0.0006,-0.0,1.1863,0.0,0.03,35f294c072d7,2025-10-05
2025-10-05,2025-10-05 18:34:56.135287,AAPL,258.02,2025-10-10,4,220.0,PUT,0.02,0.02,0.04,445,6120,0.5137,-0.0013,0.0003,-0.0076,0.0012,-0.0,1.1728,0.0,0.02,ef1fccc6f839,2025-10-05
2025-10-05,2025-10-05 18:34:56.135535,AAPL,258.02,2025-10-10,4,222.5,PUT,0.03,0.02,0.03,191,318,0.4648,-0.001,0.0003,-0.0055,0.0009,-0.0,1.1596,0.0,0.03,17746c2bda15,2025-10-05
2025-10-05,2025-10-05 18:34:56.135779,AAPL,258.02,2025-10-10,4,225.0,PUT,0.04,0.03,0.04,163,2628,0.4492,-0.0016,0.0004,-0.0078,0.0014,-0.0,1.1468,0.0,0.04,eb1696ddf8e9,2025-10-05
2025-10-05,2025-10-05 18:34:56.136014,AAPL,258.02,2025-10-10,4,227.5,PUT,0.05,0.03,0.04,137,353,0.416,-0.0017,0.0005,-0.0077,0.0015,-0.0,1.1342,0.0,0.05,3eda02f859de,2025-10-05
2025-10-05,2025-10-05 18:34:56.136252,AAPL,258.02,2025-10-10,4,230.0,PUT,0.04,0.04,0.05,309,2582,0.3965,-0.0025,0.0007,-0.0104,0.0021,-0.0001,1.1218,0.0,0.04,89dcc62ebb23,2025-10-05
2025-10-05,2025-10-05 18:34:56.136484,AAPL,258.02,2025-10-10,4,232.5,PUT,0.05,0.05,0.06,175,1286,0.3721,-0.0034,0.001,-0.0128,0.0028,-0.0001,1.1098,0.0,0.05,75c2e6ada382,2025-10-05
2025-10-05,2025-10-05 18:34:56.136716,AAPL,258.02,2025-10-10,4,235.0,PUT,0.06,0.06,0.07,835,2480,0.3467,-0.0046,0.0014,-0.0155,0.0036,-0.0001,1.098,0.0,0.06,102be20074fc,2025-10-05
2025-10-05,2025-10-05 18:34:56.136948,AAPL,258.02,2025-10-10,4,237.5,PUT,0.14,0.08,0.09,400,1375,0.3252,-0.0068,0.0022,-0.0207,0.0052,-0.0002,1.0864,0.0,0.14,975074cdc8ed,2025-10-05
2025-10-05,2025-10-05 18:34:56.137182,AAPL,258.02,2025-10-10,4,240.0,PUT,0.12,0.11,0.13,1440,3523,0.3086,-0.0115,0.0036,-0.0311,0.0081,-0.0003,1.0751,0.0,0.12,7ede93a5cf78,2025-10-05
2025-10-05,2025-10-05 18:34:56.137414,AAPL,258.02,2025-10-10,4,242.5,PUT,0.18,0.16,0.18,2346,3001,0.2891,-0.0187,0.0059,-0.044,0.0124,-0.0005,1.064,0.0,0.18,1ff7d0a1cd25,2025-10-05
2025-10-05,2025-10-05 18:34:56.137648,AAPL,258.02,2025-10-10,4,245.0,PUT,0.27,0.26,0.27,4761,4144,0.273,-0.0326,0.0099,-0.0662,0.0197,-0.0009,1.0531,0.0,0.27,d2458dd06435,2025-10-05
2025-10-05,2025-10-05 18:34:56.137882,AAPL,258.02,2025-10-10,4,247.5,PUT,0.43,0.41,0.44,3242,4073,0.2622,-0.0608,0.017,-0.1046,0.0325,-0.0017,1.0425,0.0,0.43,5b6dfa9f7967,2025-10-05
2025-10-05,2025-10-05 18:34:56.138114,AAPL,258.02,2025-10-10,4,250.0,PUT,0.7,0.68,0.7,14974,6151,0.2503,-0.108,0.0275,-0.1533,0.0501,-0.0031,1.0321,0.0,0.7,5b618f146305,2025-10-05
2025-10-05,2025-10-05 18:34:56.138345,AAPL,258.02,2025-10-10,4,252.5,PUT,1.12,1.09,1.12,11248,5051,0.2402,-0.1862,0.0413,-0.2114,0.0724,-0.0053,1.0219,0.0,1.12,f608eac52078,2025-10-05
2025-10-05,2025-10-05 18:34:56.138579,AAPL,258.02,2025-10-10,4,255.0,PUT,1.74,1.71,1.75,21404,4210,0.2305,-0.3014,0.056,-0.2614,0.0941,-0.0087,1.0118,0.0,1.74,e52d2400da9d,2025-10-05
2025-10-05,2025-10-05 18:34:56.138809,AAPL,258.02,2025-10-10,4,257.5,PUT,2.66,2.59,2.71,11360,2596,0.2247,-0.4528,0.0653,-0.2859,0.107,-0.013,1.002,0.0,2.66,30bfd184261b,2025-10-05
2025-10-05,2025-10-05 18:34:56.139041,AAPL,258.02,2025-10-10,4,260.0,PUT,4.0,3.85,4.0,6196,680,0.2192,-0.618,0.0644,-0.2622,0.103,-0.0178,0.9924,1.98,2.02,eb4cfe46f118,2025-10-05
2025-10-05,2025-10-05 18:34:56.139272,AAPL,258.02,2025-10-10,4,262.5,PUT,6.0,5.5,5.65,1853,843,0.2157,-0.7671,0.0525,-0.1977,0.0826,-0.0223,0.9829,4.48,1.52,9f1c921ec4be,2025-10-05
2025-10-05,2025-10-05 18:34:56.139503,AAPL,258.02,2025-10-10,4,265.0,PUT,7.6,7.4,7.6,1128,222,0.2129,-0.8779,0.0352,-0.1168,0.0547,-0.0256,0.9737,6.98,0.62,bea115b366a0,2025-10-05
2025-10-05,2025-10-05 18:34:56.139737,AAPL,258.02,2025-10-10,4,267.5,PUT,9.88,9.5,10.05,63,21,0.2529,-0.9084,0.0241,-0.1104,0.0444,-0.0267,0.9646,9.48,0.4,465022bd55e1,2025-10-05
2025-10-05,2025-10-05 18:34:56.139970,AAPL,258.02,2025-10-10,4,270.0,PUT,12.47,11.95,12.3,188,125,0.2542,-0.9529,0.0143,-0.0525,0.0265,-0.0283,0.9556,11.98,0.49,4cc52f45ae8d,2025-10-05
2025-10-05,2025-10-05 18:34:56.140200,AAPL,258.02,2025-10-10,4,272.5,PUT,14.6,14.05,14.95,9,1,0.3213,-0.9443,0.0129,-0.0901,0.0304,-0.0283,0.9469,14.48,0.12,98eac975c7e8,2025-10-05
2025-10-05,2025-10-05 18:34:56.140433,AAPL,258.02,2025-10-10,4,275.0,PUT,16.95,16.45,17.55,63,7,0.3782,-0.9427,0.0113,-0.1147,0.031,-0.0285,0.9383,16.98,0.0,6cbc11f15e0c,2025-10-05
2025-10-05,2025-10-05 18:34:56.140670,AAPL,258.02,2025-10-10,4,280.0,PUT,21.6,21.55,22.5,25,5,0.4443,-0.9576,0.0075,-0.1023,0.0244,-0.0295,0.9215,21.98,0.0,c0fc193cd99c,2025-10-05
2025-10-05,2025-10-05 18:34:56.140902,AAPL,258.02,2025-10-10,4,290.0,PUT,36.46,31.6,32.55,2,0,0.5955,-0.9668,0.0046,-0.1141,0.02,-0.0308,0.8897,31.98,4.48,57b347e69bcf,2025-10-05
2025-10-05,2025-10-05 18:34:56.141134,AAPL,258.02,2025-10-10,4,295.0,PUT,42.75,36.5,37.55,2,0,0.6616,-0.9708,0.0037,-0.1134,0.018,-0.0315,0.8746,36.98,5.77,5da81440a7ed,2025-10-05
2025-10-05,2025-10-05 18:34:56.141365,AAPL,258.02,2025-10-10,4,300.0,PUT,46.68,41.5,42.55,1,0,0.7251,-0.9739,0.0031,-0.1122,0.0164,-0.0321,0.8601,41.98,4.7,f3e7b8d50980,2025-10-05
2025-10-05,2025-10-05 18:34:56.141598,AAPL,258.02,2025-10-10,4,310.0,PUT,55.7,51.5,52.55,3,0,0.5781,-0.9986,0.0003,0.0294,0.0012,-0.0339,0.8323,51.98,3.72,c72167be98dc,2025-10-05
2025-10-05,2025-10-05 18:34:56.141831,AAPL,258.02,2025-10-10,4,315.0,PUT,57.95,56.5,57.6,1,1,0.6563,-0.9979,0.0004,0.0241,0.0018,-0.0344,0.8191,56.98,0.97,9c92abb3c8c3,2025-10-05
2025-10-05,2025-10-05 18:34:56.142061,AAPL,258.02,2025-10-10,4,320.0,PUT,61.0,61.5,62.45,1,0,0.9258,-0.9849,0.0015,-0.08,0.0103,-0.0346,0.8063,61.98,0.0,bba3f3f307f6,2025-10-05
2025-10-05,2025-10-05 18:34:56.464096,AAPL,258.02,2025-10-17,11,90.0,CALL,165.75,167.15,168.8,2,23,2.8643,0.9911,0.0002,-0.1512,0.0108,0.0263,2.8669,168.02,0.0,51a81ed06229,2025-10-05
2025-10-05,2025-10-05 18:34:56.464722,AAPL,258.02,2025-10-17,11,95.0,CALL,160.4,162.1,163.85,0,2,2.7559,0.9901,0.0002,-0.1594,0.0118,0.0277,2.716,163.02,0.0,cd11f59d4830,2025-10-05
2025-10-05,2025-10-05 18:34:56.465231,AAPL,258.02,2025-10-17,11,100.0,CALL,146.12,157.15,158.8,5,20,2.5977,0.9901,0.0002,-0.1516,0.0118,0.0292,2.5802,158.02,0.0,fdce4c6c410e,2025-10-05
2025-10-05,2025-10-05 18:34:56.466150,AAPL,258.02,2025-10-17,11,105.0,CALL,110.26,122.4,124.25,2,14,0.0,1.0,0.0,-0.0129,0.0,0.0316,2.4573,153.02,0.0,1472ee1d37a9,2025-10-05
2025-10-05,2025-10-05 18:34:56.466657,AAPL,258.02,2025-10-17,11,110.0,CALL,121.0,147.15,148.85,345,462,2.3828,0.9884,0.0003,-0.1599,0.0136,0.0321,2.3456,148.02,0.0,13a6f75db849,2025-10-05
2025-10-05,2025-10-05 18:34:56.467134,AAPL,258.02,2025-10-17,11,115.0,CALL,112.7,129.8,132.05,1,99,0.0,1.0,0.0,-0.0142,0.0,0.0346,2.2437,143.02,0.0,0d1841f4d343,2025-10-05
2025-10-05,2025-10-05 18:34:56.467608,AAPL,258.02,2025-10-17,11,120.0,CALL,91.56,107.8,109.05,1,67,0.0,1.0,0.0,-0.0148,0.0,0.0361,2.1502,138.02,0.0,faaf163f3252,2025-10-05
2025-10-05,2025-10-05 18:34:56.468075,AAPL,258.02,2025-10-17,11,125.0,CALL,114.66,132.15,133.9,3,19,1.1563,0.9999,0.0,-0.0163,0.0002,0.0376,2.0642,133.02,0.0,44037398b811,2025-10-05
2025-10-05,2025-10-05 18:34:56.468547,AAPL,258.02,2025-10-17,11,130.0,CALL,124.4,127.2,128.7,10,164,1.8926,0.9879,0.0004,-0.1365,0.0141,0.0381,1.9848,128.02,0.0,3ec373055b00,2025-10-05
2025-10-05,2025-10-05 18:34:56.469013,AAPL,258.02,2025-10-17,11,135.0,CALL,119.0,122.15,123.95,2,73,1.2109,0.9993,0.0,-0.0226,0.0011,0.0406,1.9113,123.02,0.0,16cafacf157a,2025-10-05
2025-10-05,2025-10-05 18:34:56.469488,AAPL,258.02,2025-10-17,11,140.0,CALL,114.3,117.2,118.9,18,82,1.1484,0.9992,0.0001,-0.0233,0.0012,0.0421,1.843,118.02,0.0,d7f64d77efd1,2025-10-05
2025-10-05,2025-10-05 18:34:56.469952,AAPL,258.02,2025-10-17,11,145.0,CALL,109.53,112.2,113.7,1,178,1.6221,0.9858,0.0005,-0.1365,0.0162,0.0424,1.7794,113.02,0.0,cb2be17e4b3b,2025-10-05
2025-10-05,2025-10-05 18:34:56.470416,AAPL,258.02,2025-10-17,11,150.0,CALL,107.91,107.55,109.25,8,726,1.3994,0.9909,0.0004,-0.0884,0.011,0.0444,1.7201,108.02,0.0,07325b02ca65,2025-10-05
2025-10-05,2025-10-05 18:34:56.470881,AAPL,258.02,2025-10-17,11,155.0,CALL,103.37,102.45,104.1,2,176,1.2481,0.9932,0.0003,-0.0672,0.0085,0.0461,1.6646,103.02,0.35,c40d5e1d8325,2025-10-05
2025-10-05,2025-10-05 18:34:56.471344,AAPL,258.02,2025-10-17,11,160.0,CALL,97.77,97.6,98.7,1,299,1.0762,0.9961,0.0002,-0.0451,0.0052,0.0478,1.6126,98.02,0.0,f972f067f890,2025-10-05
2025-10-05,2025-10-05 18:34:56.471804,AAPL,258.02,2025-10-17,11,165.0,CALL,91.25,92.8,94.15,2,234,1.2139,0.9872,0.0006,-0.1013,0.0148,0.0486,1.5638,93.02,0.0,d765faec2130,2025-10-05
2025-10-05,2025-10-05 18:34:56.472302,AAPL,258.02,2025-10-17,11,170.0,CALL,86.48,87.8,89.1,78,655,1.1323,0.9871,0.0007,-0.0974,0.0149,0.0501,1.5178,88.02,0.0,59e51758c3f8,2025-10-05
2025-10-05,2025-10-05 18:34:56.472765,AAPL,258.02,2025-10-17,11,175.0,CALL,84.25,82.95,83.75,11,1043,1.0195,0.989,0.0006,-0.0814,0.013,0.0518,1.4744,83.02,1.23,3a4cca297bd7,2025-10-05
2025-10-05,2025-10-05 18:34:56.473442,AAPL,258.02,2025-10-17,11,180.0,CALL,79.35,77.9,78.85,44,1730,0.9658,0.9874,0.0008,-0.0856,0.0146,0.0531,1.4334,78.02,1.33,90b29b554430,2025-10-05
2025-10-05,2025-10-05 18:34:56.474037,AAPL,258.02,2025-10-17,11,185.0,CALL,73.27,73.0,74.1,8,654,0.9648,0.9811,0.0011,-0.1126,0.0206,0.0541,1.3947,73.02,0.25,1c85a8480c76,2025-10-05
2025-10-05,2025-10-05 18:34:56.474595,AAPL,258.02,2025-10-17,11,190.0,CALL,68.0,67.95,69.1,3,1398,0.8911,0.9805,0.0012,-0.1087,0.0212,0.0556,1.358,68.02,0.0,4ad0d4980f59,2025-10-05
2025-10-05,2025-10-05 18:34:56.475123,AAPL,258.02,2025-10-17,11,195.0,CALL,63.85,62.65,64.5,12,1876,0.8408,0.9773,0.0014,-0.1155,0.0241,0.0568,1.3232,63.02,0.83,6ebd1640aa86,2025-10-05
2025-10-05,2025-10-05 18:34:56.475592,AAPL,258.02,2025-10-17,11,200.0,CALL,57.92,58.05,59.1,47,2959,0.7769,0.9754,0.0017,-0.1151,0.0259,0.0582,1.2901,58.02,0.0,38804f77a00f,2025-10-05
2025-10-05,2025-10-05 18:34:56.476051,AAPL,258.02,2025-10-17,11,205.0,CALL,53.35,52.5,54.3,32,11054,0.665,0.9804,0.0016,-0.0891,0.0213,0.0601,1.2586,53.02,0.33,fb98dcedb506,2025-10-05
2025-10-05,2025-10-05 18:34:56.476510,AAPL,258.02,2025-10-17,11,210.0,CALL,48.5,47.8,48.75,142,20394,0.5654,0.9846,0.0015,-0.0698,0.0173,0.062,1.2287,48.02,0.48,6985a1b5474c,2025-10-05
2025-10-05,2025-10-05 18:34:56.476977,AAPL,258.02,2025-10-17,11,215.0,CALL,43.31,43.15,43.95,184,13113,0.584,0.9688,0.0027,-0.109,0.0315,0.0622,1.2001,43.02,0.29,4b738164a1e3,2025-10-05
2025-10-05,2025-10-05 18:34:56.477433,AAPL,258.02,2025-10-17,11,217.5,CALL,41.08,39.95,41.45,29,30,0.6267,0.9492,0.0037,-0.1584,0.0468,0.0613,1.1863,40.52,0.56,c7fb530539d5,2025-10-05
2025-10-05,2025-10-05 18:34:56.477897,AAPL,258.02,2025-10-17,11,220.0,CALL,38.1,38.15,38.9,760,13232,0.5181,0.9666,0.0032,-0.1045,0.0333,0.0635,1.1728,38.02,0.08,4b4de81f12ca,2025-10-05
2025-10-05,2025-10-05 18:34:56.478357,AAPL,258.02,2025-10-17,11,222.5,CALL,35.76,34.9,36.75,1,14,0.6021,0.9309,0.0049,-0.1881,0.0596,0.0613,1.1596,35.52,0.24,f20edff543ba,2025-10-05
2025-10-05,2025-10-05 18:34:56.478813,AAPL,258.02,2025-10-17,11,225.0,CALL,33.55,33.2,33.9,161,13738,0.5205,0.9424,0.0049,-0.148,0.0516,0.0631,1.1468,33.02,0.53,9792b0108096,2025-10-05
2025-10-05,2025-10-05 18:34:56.479275,AAPL,258.02,2025-10-17,11,227.5,CALL,30.85,30.0,31.75,49,101,0.5332,0.9223,0.0061,-0.1833,0.0651,0.0622,1.1342,30.52,0.33,a47864458e35,2025-10-05
2025-10-05,2025-10-05 18:34:56.479684,AAPL,258.02,2025-10-17,11,230.0,CALL,28.5,28.35,28.85,1926,19362,0.4487,0.9372,0.0061,-0.139,0.0553,0.0642,1.1218,28.02,0.48,afa14a5f522d,2025-10-05
2025-10-05,2025-10-05 18:34:56.480070,AAPL,258.02,2025-10-17,11,232.5,CALL,26.65,25.55,26.7,10,46,0.4585,0.9139,0.0076,-0.1724,0.0704,0.063,1.1098,25.52,1.13,4861c8073c3c,2025-10-05
2025-10-05,2025-10-05 18:34:56.480460,AAPL,258.02,2025-10-17,11,235.0,CALL,23.8,23.5,23.8,849,17565,0.3777,0.9304,0.0079,-0.1295,0.0599,0.0652,1.098,23.02,0.78,6c8185dcb485,2025-10-05
2025-10-05,2025-10-05 18:34:56.480845,AAPL,258.02,2025-10-17,11,237.5,CALL,20.78,20.5,21.75,39,210,0.3943,0.897,0.0102,-0.1698,0.0803,0.0632,1.0864,20.52,0.26,b1aee4e65899,2025-10-05
2025-10-05,2025-10-05 18:34:56.481232,AAPL,258.02,2025-10-17,11,240.0,CALL,18.64,18.7,19.0,1804,27926,0.3342,0.9032,0.0114,-0.143,0.0767,0.0645,1.0751,18.02,0.62,dcb8eaf5f93b,2025-10-05
2025-10-05,2025-10-05 18:34:56.481615,AAPL,258.02,2025-10-17,11,242.5,CALL,16.2,16.25,16.75,67,324,0.3231,0.8766,0.0141,-0.16,0.0914,0.0631,1.064,15.52,0.68,9e2f0655d893,2025-10-05
2025-10-05,2025-10-05 18:34:56.482003,AAPL,258.02,2025-10-17,11,245.0,CALL,14.15,14.1,14.35,1677,17479,0.2949,0.8562,0.0172,-0.1616,0.1015,0.0623,1.0531,13.02,1.13,f91ecac9fe3f,2025-10-05
2025-10-05,2025-10-05 18:34:56.482383,AAPL,258.02,2025-10-17,11,247.5,CALL,11.75,11.9,12.15,289,2617,0.2793,0.8188,0.0211,-0.1744,0.118,0.06,1.0425,10.52,1.23,64b5a5d2097d,2025-10-05
2025-10-05,2025-10-05 18:34:56.482768,AAPL,258.02,2025-10-17,11,250.0,CALL,9.84,9.9,10.0,3817,34550,0.2615,0.7728,0.0257,-0.1839,0.1351,0.0571,1.0321,8.02,1.82,41f7ec833f91,2025-10-05
2025-10-05,2025-10-05 18:34:56.483160,AAPL,258.02,2025-10-17,11,252.5,CALL,7.8,7.95,8.1,1359,2258,0.2523,0.7077,0.0304,-0.198,0.1539,0.0526,1.0219,5.52,2.28,5f91c783fae3,2025-10-05
2025-10-05,2025-10-05 18:34:56.483544,AAPL,258.02,2025-10-17,11,255.0,CALL,6.28,6.25,6.35,4277,20747,0.2427,0.6303,0.0347,-0.2058,0.1691,0.0471,1.0118,3.02,3.26,3b5abc0af5b7,2025-10-05
2025-10-05,2025-10-05 18:34:56.483929,AAPL,258.02,2025-10-17,11,257.5,CALL,4.72,4.7,4.8,4952,9153,0.2337,0.5412,0.0379,-0.2054,0.1777,0.0407,1.002,0.52,4.2,9b8f745e98f7,2025-10-05
2025-10-05,2025-10-05 18:34:56.484319,AAPL,258.02,2025-10-17,11,260.0,CALL,3.48,3.45,3.55,24747,28484,0.2293,0.4451,0.0385,-0.1982,0.177,0.0336,0.9924,0.0,3.48,d75875e7c269,2025-10-05
2025-10-05,2025-10-05 18:34:56.484702,AAPL,258.02,2025-10-17,11,262.5,CALL,2.45,2.46,2.51,6136,8739,0.2241,0.349,0.0369,-0.1797,0.1657,0.0264,0.9829,0.0,2.45,6c7391eab04e,2025-10-05
2025-10-05,2025-10-05 18:34:56.485083,AAPL,258.02,2025-10-17,11,265.0,CALL,1.73,1.69,1.75,7734,15283,0.2227,0.2623,0.0327,-0.1559,0.146,0.0199,0.9737,0.0,1.73,fcc3a9958741,2025-10-05
2025-10-05,2025-10-05 18:34:56.485470,AAPL,258.02,2025-10-17,11,267.5,CALL,1.16,1.14,1.18,2946,2155,0.2216,0.1885,0.0272,-0.1277,0.1209,0.0144,0.9646,0.0,1.16,4893d82598e1,2025-10-05
2025-10-05,2025-10-05 18:34:56.485853,AAPL,258.02,2025-10-17,11,270.0,CALL,0.78,0.76,0.79,12726,19640,0.2225,0.1313,0.0214,-0.1006,0.0954,0.01,0.9556,0.0,0.78,96a4df72b4ed,2025-10-05
2025-10-05,2025-10-05 18:34:56.486215,AAPL,258.02,2025-10-17,11,272.5,CALL,0.5,0.51,0.53,511,582,0.2251,0.0896,0.0161,-0.077,0.0725,0.0068,0.9469,0.0,0.5,83c6b75175a6,2025-10-05
2025-10-05,2025-10-05 18:34:56.486551,AAPL,258.02,2025-10-17,11,275.0,CALL,0.35,0.34,0.36,2122,13176,0.2295,0.0611,0.0118,-0.0584,0.0541,0.0047,0.9383,0.0,0.35,7df601674717,2025-10-05
2025-10-05,2025-10-05 18:34:56.486883,AAPL,258.02,2025-10-17,11,280.0,CALL,0.17,0.16,0.17,1408,11475,0.2398,0.028,0.006,-0.0323,0.0288,0.0021,0.9215,0.0,0.17,4d8962ed54f4,2025-10-05
2025-10-05,2025-10-05 18:34:56.487215,AAPL,258.02,2025-10-17,11,285.0,CALL,0.09,0.08,0.09,633,3576,0.2539,0.0138,0.0031,-0.0186,0.0158,0.0011,0.9053,0.0,0.09,7a867d642472,2025-10-05
2025-10-05,2025-10-05 18:34:56.487546,AAPL,258.02,2025-10-17,11,290.0,CALL,0.05,0.05,0.06,463,3889,0.2754,0.0084,0.0019,-0.0131,0.0102,0.0006,0.8897,0.0,0.05,79587e661095,2025-10-05
2025-10-05,2025-10-05 18:34:56.487883,AAPL,258.02,2025-10-17,11,295.0,CALL,0.03,0.03,0.04,218,4213,0.2949,0.0052,0.0011,-0.0091,0.0067,0.0004,0.8746,0.0,0.03,6a313752f51a,2025-10-05
2025-10-05,2025-10-05 18:34:56.488214,AAPL,258.02,2025-10-17,11,300.0,CALL,0.02,0.01,0.03,564,12479,0.3164,0.0035,0.0008,-0.007,0.0048,0.0003,0.8601,0.0,0.02,59c62d040eaa,2025-10-05
2025-10-05,2025-10-05 18:34:56.488544,AAPL,258.02,2025-10-17,11,305.0,CALL,0.01,0.01,0.02,35,634,0.332,0.0022,0.0005,-0.0047,0.0031,0.0002,0.846,0.0,0.01,b51026c38587,2025-10-05
2025-10-05,2025-10-05 18:34:56.488880,AAPL,258.02,2025-10-17,11,310.0,CALL,0.01,0.01,0.02,68,1766,0.3594,0.0019,0.0004,-0.0046,0.0028,0.0001,0.8323,0.0,0.01,26cc31a1c80d,2025-10-05
2025-10-05,2025-10-05 18:34:56.489219,AAPL,258.02,2025-10-17,11,315.0,CALL,0.02,0.0,0.01,11,617,0.3594,0.0008,0.0002,-0.0021,0.0013,0.0001,0.8191,0.0,0.02,365ab33c1263,2025-10-05
2025-10-05,2025-10-05 18:34:56.489552,AAPL,258.02,2025-10-17,11,320.0,CALL,0.01,0.0,0.01,28,1546,0.3906,0.0009,0.0002,-0.0025,0.0014,0.0001,0.8063,0.0,0.01,c69640354ffd,2025-10-05
2025-10-05,2025-10-05 18:34:56.489885,AAPL,258.02,2025-10-17,11,325.0,CALL,0.01,0.0,0.01,3,642,0.4141,0.0008,0.0001,-0.0023,0.0012,0.0001,0.7939,0.0,0.01,34919480bc57,2025-10-05
2025-10-05,2025-10-05 18:34:56.490221,AAPL,258.02,2025-10-17,11,330.0,CALL,0.01,0.0,0.01,11,885,0.4375,0.0007,0.0001,-0.0023,0.0011,0.0001,0.7819,0.0,0.01,9861cb722bb3,2025-10-05
2025-10-05,2025-10-05 18:34:56.490551,AAPL,258.02,2025-10-17,11,335.0,CALL,0.01,0.0,0.01,20,82,0.4609,0.0007,0.0001,-0.0022,0.001,0.0001,0.7702,0.0,0.01,9c0017169c84,2025-10-05
2025-10-05,2025-10-05 18:34:56.490887,AAPL,258.02,2025-10-17,11,340.0,CALL,0.01,0.0,0.01,35,153,0.4844,0.0006,0.0001,-0.0022,0.001,0.0,0.7589,0.0,0.01,867e0e0535d2,2025-10-05
2025-10-05,2025-10-05 18:34:56.491223,AAPL,258.02,2025-10-17,11,345.0,CALL,0.01,0.0,0.01,1,391,0.5078,0.0006,0.0001,-0.0022,0.001,0.0,0.7479,0.0,0.01,a6dcd5549ed7,2025-10-05
2025-10-05,2025-10-05 18:34:56.491559,AAPL,258.02,2025-10-17,11,350.0,CALL,0.01,0.0,0.0,150,450,0.25,0.0,0.0,-0.0,0.0,0.0,0.7372,0.0,0.01,e9d1aae104d3,2025-10-05
2025-10-05,2025-10-05 18:34:56.491896,AAPL,258.02,2025-10-17,11,355.0,CALL,0.01,0.0,0.01,25,225,0.5313,0.0003,0.0001,-0.0013,0.0006,0.0,0.7268,0.0,0.01,93dce602dd02,2025-10-05
2025-10-05,2025-10-05 18:34:56.492234,AAPL,258.02,2025-10-17,11,360.0,CALL,0.01,0.0,0.01,1,1497,0.5469,0.0003,0.0,-0.0012,0.0005,0.0,0.7167,0.0,0.01,ba3688c218a1,2025-10-05
2025-10-05,2025-10-05 18:34:56.492569,AAPL,258.02,2025-10-17,11,370.0,CALL,0.01,0.0,0.01,16,2844,0.5781,0.0002,0.0,-0.0009,0.0004,0.0,0.6974,0.0,0.01,aac810e8f9e2,2025-10-05
2025-10-05,2025-10-05 18:34:56.493009,AAPL,258.02,2025-10-17,11,90.0,PUT,0.01,0.0,0.01,6,955,1.6875,-0.0001,0.0,-0.0012,0.0002,-0.0,2.8669,0.0,0.01,0e578f8ebcd2,2025-10-05
2025-10-05,2025-10-05 18:34:56.493707,AAPL,258.02,2025-10-17,11,95.0,PUT,0.01,0.0,0.01,1,1135,1.5625,-0.0001,0.0,-0.0008,0.0001,-0.0,2.716,0.0,0.01,7f6f581b39b4,2025-10-05
2025-10-05,2025-10-05 18:34:56.494151,AAPL,258.02,2025-10-17,11,100.0,PUT,0.01,0.0,0.01,3,860,1.5,-0.0001,0.0,-0.001,0.0001,-0.0,2.5802,0.0,0.01,5f4822044369,2025-10-05
2025-10-05,2025-10-05 18:34:56.494495,AAPL,258.02,2025-10-17,11,105.0,PUT,0.02,0.0,0.01,1,292,1.4375,-0.0001,0.0,-0.0011,0.0002,-0.0,2.4573,0.0,0.02,a2553b788541,2025-10-05
2025-10-05,2025-10-05 18:34:56.494821,AAPL,258.02,2025-10-17,11,110.0,PUT,0.01,0.0,0.01,5,615,1.375,-0.0001,0.0,-0.0012,0.0002,-0.0,2.3456,0.0,0.01,a4c7cf82ca6e,2025-10-05
2025-10-05,2025-10-05 18:34:56.495137,AAPL,258.02,2025-10-17,11,115.0,PUT,0.01,0.0,0.21,20,595,1.7031,-0.002,0.0001,-0.0214,0.0028,-0.0002,2.2437,0.0,0.01,b0cd82c56dce,2025-10-05
2025-10-05,2025-10-05 18:34:56.495442,AAPL,258.02,2025-10-17,11,120.0,PUT,0.01,0.0,0.17,1,5856,1.582,-0.0017,0.0001,-0.0175,0.0024,-0.0001,2.1502,0.0,0.01,fc98981269a2,2025-10-05
2025-10-05,2025-10-05 18:34:56.495747,AAPL,258.02,2025-10-17,11,125.0,PUT,0.01,0.0,0.01,40,1667,1.1563,-0.0001,0.0,-0.0009,0.0002,-0.0,2.0642,0.0,0.01,e6fe2022dcd5,2025-10-05
2025-10-05,2025-10-05 18:34:56.496059,AAPL,258.02,2025-10-17,11,130.0,PUT,0.01,0.0,0.02,77,1186,1.1563,-0.0002,0.0,-0.0019,0.0004,-0.0,1.9848,0.0,0.01,1f0763d38d5a,2025-10-05
2025-10-05,2025-10-05 18:34:56.496364,AAPL,258.02,2025-10-17,11,135.0,PUT,0.01,0.0,0.02,20,1455,1.1094,-0.0003,0.0,-0.0022,0.0004,-0.0,1.9113,0.0,0.01,c409132e7f17,2025-10-05
2025-10-05,2025-10-05 18:34:56.496665,AAPL,258.02,2025-10-17,11,140.0,PUT,0.02,0.0,0.02,854,1711,1.0469,-0.0003,0.0,-0.0021,0.0004,-0.0,1.843,0.0,0.02,083dd2713fd0,2025-10-05
2025-10-05,2025-10-05 18:34:56.496971,AAPL,258.02,2025-10-17,11,145.0,PUT,0.02,0.0,0.02,159,4283,0.9844,-0.0003,0.0,-0.002,0.0004,-0.0,1.7794,0.0,0.02,2ba559017f23,2025-10-05
2025-10-05,2025-10-05 18:34:56.497269,AAPL,258.02,2025-10-17,11,150.0,PUT,0.01,0.0,0.03,105,11433,0.9688,-0.0005,0.0,-0.0032,0.0007,-0.0,1.7201,0.0,0.01,428618d30521,2025-10-05
2025-10-05,2025-10-05 18:34:56.497596,AAPL,258.02,2025-10-17,11,155.0,PUT,0.02,0.0,0.03,105,3077,0.9141,-0.0005,0.0,-0.0032,0.0008,-0.0,1.6646,0.0,0.02,0601298ae158,2025-10-05
2025-10-05,2025-10-05 18:34:56.497897,AAPL,258.02,2025-10-17,11,160.0,PUT,0.02,0.01,0.03,345,14303,0.8828,-0.0007,0.0001,-0.0042,0.0011,-0.0001,1.6126,0.0,0.02,8e69f3eeaec5,2025-10-05
2025-10-05,2025-10-05 18:34:56.498200,AAPL,258.02,2025-10-17,11,165.0,PUT,0.03,0.01,0.03,195,6499,0.8281,-0.0007,0.0001,-0.0041,0.0011,-0.0001,1.5638,0.0,0.03,bf60d23133c3,2025-10-05
2025-10-05,2025-10-05 18:34:56.498499,AAPL,258.02,2025-10-17,11,170.0,PUT,0.03,0.01,0.04,37,7278,0.793,-0.0009,0.0001,-0.0051,0.0014,-0.0001,1.5178,0.0,0.03,f631f8fa2d00,2025-10-05
2025-10-05,2025-10-05 18:34:56.498795,AAPL,258.02,2025-10-17,11,175.0,PUT,0.04,0.03,0.1,730,4690,0.8203,-0.0025,0.0002,-0.0129,0.0035,-0.0002,1.4744,0.0,0.04,c9f246656796,2025-10-05
2025-10-05,2025-10-05 18:34:56.499094,AAPL,258.02,2025-10-17,11,180.0,PUT,0.04,0.02,0.05,424,11877,0.7188,-0.0015,0.0002,-0.0073,0.0022,-0.0001,1.4334,0.0,0.04,19914570adf9,2025-10-05
2025-10-05,2025-10-05 18:34:56.499381,AAPL,258.02,2025-10-17,11,185.0,PUT,0.06,0.03,0.05,129,10075,0.6758,-0.0018,0.0002,-0.008,0.0026,-0.0001,1.3947,0.0,0.06,2ccb7a01fb62,2025-10-05
2025-10-05,2025-10-05 18:34:56.499662,AAPL,258.02,2025-10-17,11,190.0,PUT,0.05,0.03,0.06,244,14239,0.6348,-0.0022,0.0002,-0.009,0.0031,-0.0002,1.358,0.0,0.05,4318dc07d0ec,2025-10-05
2025-10-05,2025-10-05 18:34:56.499941,AAPL,258.02,2025-10-17,11,195.0,PUT,0.06,0.03,0.06,48,9805,0.5859,-0.0024,0.0003,-0.0089,0.0034,-0.0002,1.3232,0.0,0.06,a43e4524e7c6,2025-10-05
2025-10-05,2025-10-05 18:34:56.500220,AAPL,258.02,2025-10-17,11,200.0,PUT,0.06,0.05,0.06,378,16941,0.5508,-0.0032,0.0004,-0.0108,0.0044,-0.0003,1.2901,0.0,0.06,f945d449d95c,2025-10-05
2025-10-05,2025-10-05 18:34:56.500502,AAPL,258.02,2025-10-17,11,205.0,PUT,0.07,0.05,0.07,100,12087,0.5078,-0.0038,0.0005,-0.0116,0.0051,-0.0003,1.2586,0.0,0.07,b3560050e1ec,2025-10-05
2025-10-05,2025-10-05 18:34:56.500779,AAPL,258.02,2025-10-17,11,210.0,PUT,0.08,0.07,0.08,122,28755,0.4775,-0.0055,0.0007,-0.0152,0.0071,-0.0004,1.2287,0.0,0.08,66dc144435b9,2025-10-05
2025-10-05,2025-10-05 18:34:56.501055,AAPL,258.02,2025-10-17,11,215.0,PUT,0.09,0.08,0.09,149,16786,0.4356,-0.0068,0.001,-0.0166,0.0085,-0.0005,1.2001,0.0,0.09,ac4687b31724,2025-10-05
2025-10-05,2025-10-05 18:34:56.501333,AAPL,258.02,2025-10-17,11,217.5,PUT,0.1,0.08,0.1,1,481,0.418,-0.008,0.0012,-0.0184,0.0098,-0.0006,1.1863,0.0,0.1,fc1693424feb,2025-10-05
2025-10-05,2025-10-05 18:34:56.501614,AAPL,258.02,2025-10-17,11,220.0,PUT,0.09,0.09,0.11,228,20105,0.3984,-0.0092,0.0014,-0.0197,0.0111,-0.0007,1.1728,0.0,0.09,1380aef85a7e,2025-10-05
2025-10-05,2025-10-05 18:34:56.501890,AAPL,258.02,2025-10-17,11,222.5,PUT,0.12,0.1,0.12,16,319,0.3789,-0.0106,0.0016,-0.0213,0.0125,-0.0008,1.1596,0.0,0.12,ea97006bd3ce,2025-10-05
2025-10-05,2025-10-05 18:34:56.502168,AAPL,258.02,2025-10-17,11,225.0,PUT,0.14,0.11,0.13,1390,12514,0.3584,-0.0121,0.002,-0.0226,0.0141,-0.001,1.1468,0.0,0.14,56391346fb4b,2025-10-05
2025-10-05,2025-10-05 18:34:56.502450,AAPL,258.02,2025-10-17,11,227.5,PUT,0.14,0.13,0.15,121,1249,0.3418,-0.0148,0.0025,-0.0256,0.0168,-0.0012,1.1342,0.0,0.14,0ab3e7714c04,2025-10-05
2025-10-05,2025-10-05 18:34:56.502725,AAPL,258.02,2025-10-17,11,230.0,PUT,0.16,0.16,0.17,773,13100,0.3232,-0.0178,0.003,-0.0283,0.0197,-0.0014,1.1218,0.0,0.16,e7e4c84742cf,2025-10-05
2025-10-05,2025-10-05 18:34:56.503004,AAPL,258.02,2025-10-17,11,232.5,PUT,0.2,0.19,0.21,1346,2478,0.3086,-0.023,0.0039,-0.0334,0.0244,-0.0018,1.1098,0.0,0.2,be519109d925,2025-10-05
2025-10-05,2025-10-05 18:34:56.503281,AAPL,258.02,2025-10-17,11,235.0,PUT,0.25,0.24,0.26,2578,8916,0.294,-0.0298,0.0051,-0.0396,0.0303,-0.0024,1.098,0.0,0.25,838fb753bb9d,2025-10-05
2025-10-05,2025-10-05 18:34:56.503557,AAPL,258.02,2025-10-17,11,237.5,PUT,0.32,0.31,0.33,242,1385,0.2805,-0.0397,0.0068,-0.0477,0.0384,-0.0032,1.0864,0.0,0.32,796b40d422ac,2025-10-05
2025-10-05,2025-10-05 18:34:56.503818,AAPL,258.02,2025-10-17,11,240.0,PUT,0.43,0.42,0.43,3476,11030,0.2681,-0.0539,0.0091,-0.058,0.049,-0.0043,1.0751,0.0,0.43,d6382f984b9b,2025-10-05
2025-10-05,2025-10-05 18:34:56.504074,AAPL,258.02,2025-10-17,11,242.5,PUT,0.58,0.56,0.59,538,4127,0.2586,-0.0757,0.0123,-0.0726,0.0638,-0.006,1.064,0.0,0.58,676207140a6d,2025-10-05
2025-10-05,2025-10-05 18:34:56.504334,AAPL,258.02,2025-10-17,11,245.0,PUT,0.83,0.78,0.81,3488,6333,0.2493,-0.1057,0.0164,-0.0893,0.0819,-0.0084,1.0531,0.0,0.83,ae9c8483dd92,2025-10-05
2025-10-05,2025-10-05 18:34:56.504592,AAPL,258.02,2025-10-17,11,247.5,PUT,1.1,1.08,1.12,738,4856,0.2409,-0.1471,0.0213,-0.1081,0.1031,-0.0117,1.0425,0.0,1.1,9a572af3fae2,2025-10-05
2025-10-05,2025-10-05 18:34:56.504853,AAPL,258.02,2025-10-17,11,250.0,PUT,1.51,1.51,1.54,9626,9776,0.2326,-0.2016,0.027,-0.1266,0.126,-0.016,1.0321,0.0,1.51,ebf2ff1ee240,2025-10-05
2025-10-05,2025-10-05 18:34:56.505116,AAPL,258.02,2025-10-17,11,252.5,PUT,2.12,2.08,2.18,2045,2734,0.229,-0.2749,0.0325,-0.1466,0.1494,-0.0219,1.0219,0.0,2.12,167e734526d2,2025-10-05
2025-10-05,2025-10-05 18:34:56.505373,AAPL,258.02,2025-10-17,11,255.0,PUT,2.9,2.82,2.94,6349,5622,0.2217,-0.3593,0.0376,-0.157,0.1675,-0.0287,1.0118,0.0,2.9,4b5f304585b8,2025-10-05
2025-10-05,2025-10-05 18:34:56.505628,AAPL,258.02,2025-10-17,11,257.5,PUT,3.8,3.8,3.9,4641,1815,0.2141,-0.4565,0.0413,-0.1579,0.1776,-0.0365,1.002,0.0,3.8,170fb1224c79,2025-10-05
2025-10-05,2025-10-05 18:34:56.505889,AAPL,258.02,2025-10-17,11,260.0,PUT,5.13,5.05,5.15,1564,2390,0.2095,-0.5615,0.042,-0.1497,0.1766,-0.0451,0.9924,1.98,3.15,c727fc13ea02,2025-10-05
2025-10-05,2025-10-05 18:34:56.506147,AAPL,258.02,2025-10-17,11,262.5,PUT,6.5,6.5,6.65,130,126,0.2052,-0.6654,0.0396,-0.1302,0.1631,-0.0536,0.9829,4.48,2.02,68574bafe046,2025-10-05
2025-10-05,2025-10-05 18:34:56.506407,AAPL,258.02,2025-10-17,11,265.0,PUT,8.55,8.3,8.4,220,368,0.2018,-0.7598,0.0344,-0.1026,0.1393,-0.0615,0.9737,6.98,1.57,4cb0954fe153,2025-10-05
2025-10-05,2025-10-05 18:34:56.506663,AAPL,258.02,2025-10-17,11,267.5,PUT,10.55,10.25,10.4,23,89,0.2019,-0.8348,0.0275,-0.0744,0.1113,-0.0679,0.9646,9.48,1.07,9f9a9dce480f,2025-10-05
2025-10-05,2025-10-05 18:34:56.506921,AAPL,258.02,2025-10-17,11,270.0,PUT,12.73,12.15,12.65,98,110,0.2114,-0.8812,0.021,-0.056,0.089,-0.0722,0.9556,11.98,0.75,9fc638450368,2025-10-05
2025-10-05,2025-10-05 18:34:56.507177,AAPL,258.02,2025-10-17,11,272.5,PUT,15.41,14.35,15.2,2,1,0.2456,-0.8902,0.0171,-0.0638,0.0841,-0.0736,0.9469,14.48,0.93,7031d61da3fc,2025-10-05
2025-10-05,2025-10-05 18:34:56.507432,AAPL,258.02,2025-10-17,11,275.0,PUT,16.56,16.6,17.6,10,101,0.2628,-0.9106,0.0137,-0.0554,0.0724,-0.076,0.9383,16.98,0.0,c7982fcfe45d,2025-10-05
2025-10-05,2025-10-05 18:34:56.507694,AAPL,258.02,2025-10-17,11,280.0,PUT,22.55,21.4,22.55,12,5,0.3088,-0.9296,0.0098,-0.0525,0.0604,-0.0789,0.9215,21.98,0.57,e7a8facede19,2025-10-05
2025-10-05,2025-10-05 18:34:56.507949,AAPL,258.02,2025-10-17,11,285.0,PUT,27.05,26.6,27.5,6,0,0.3506,-0.9431,0.0073,-0.0482,0.0512,-0.0815,0.9053,26.98,0.07,610d83505f4b,2025-10-05
2025-10-05,2025-10-05 18:34:56.508210,AAPL,258.02,2025-10-17,11,290.0,PUT,31.75,31.3,32.35,3,0,0.3696,-0.9614,0.0051,-0.0284,0.0375,-0.0844,0.8897,31.98,0.0,f5e308c82739,2025-10-05
2025-10-05,2025-10-05 18:34:56.508464,AAPL,258.02,2025-10-17,11,295.0,PUT,68.15,36.35,37.55,2,0,0.4495,-0.9516,0.005,-0.0572,0.045,-0.0851,0.8746,36.98,31.17,7eaacfe95156,2025-10-05
2025-10-05,2025-10-05 18:34:56.508728,AAPL,258.02,2025-10-17,11,300.0,PUT,44.1,41.65,42.55,3,0,0.4927,-0.9558,0.0042,-0.0581,0.0418,-0.087,0.8601,41.98,2.12,f4c5258101f8,2025-10-05
2025-10-05,2025-10-05 18:34:56.508983,AAPL,258.02,2025-10-17,11,305.0,PUT,78.15,46.3,47.45,1,0,0.5147,-0.965,0.0033,-0.0444,0.0346,-0.0892,0.846,46.98,31.17,d220c8257cc3,2025-10-05
2025-10-05,2025-10-05 18:34:56.509241,AAPL,258.02,2025-10-17,11,315.0,PUT,69.7,56.35,57.65,1,0,0.6333,-0.9597,0.0031,-0.0742,0.0388,-0.0918,0.8191,56.98,12.72,0942341fe75c,2025-10-05
2025-10-05,2025-10-05 18:34:56.509496,AAPL,258.02,2025-10-17,11,320.0,PUT,65.4,61.35,62.65,1,0,0.6724,-0.962,0.0027,-0.0749,0.037,-0.0935,0.8063,61.98,3.42,07924a4d8b43,2025-10-05
2025-10-05,2025-10-05 18:34:56.509750,AAPL,258.02,2025-10-17,11,330.0,PUT,98.75,95.7,96.25,0,0,2.3945,-0.6483,0.0035,-1.7769,0.1662,-0.0782,0.7819,71.98,26.77,dc103ac11be6,2025-10-05
2025-10-05,2025-10-05 18:34:56.510007,AAPL,258.02,2025-10-17,11,335.0,PUT,89.55,76.4,77.5,5,0,0.748,-0.9735,0.0018,-0.053,0.0275,-0.0989,0.7702,76.98,12.57,df8bf88ae77d,2025-10-05
2025-10-05,2025-10-05 18:34:56.510253,AAPL,258.02,2025-10-17,11,355.0,PUT,157.02,0.0,0.0,0,0,0.0,-1.0,0.0,0.0437,0.0,-0.1068,0.7268,96.98,60.04,4a3300887ba7,2025-10-05
2025-10-05,2025-10-05 18:34:56.510495,AAPL,258.02,2025-10-17,11,360.0,PUT,162.01,0.0,0.0,0,0,0.0,-1.0,0.0,0.0443,0.0,-0.1083,0.7167,101.98,60.03,5e28a1f7030e,2025-10-05
2025-10-05,2025-10-05 18:34:56.510740,AAPL,258.02,2025-10-17,11,370.0,PUT,159.95,141.9,142.5,0,0,3.165,-0.6476,0.0026,-2.3553,0.1663,-0.0917,0.6974,111.98,47.97,a767ccf8c957,2025-10-05
2025-10-05,2025-10-05 18:34:56.846687,AAPL,258.02,2025-10-24,18,110.0,CALL,143.35,147.45,148.8,1,3,1.4414,0.9977,0.0001,-0.0301,0.0042,0.0538,2.3456,148.02,0.0,7eef6a1c85c8,2025-10-05
2025-10-05,2025-10-05 18:34:56.847277,AAPL,258.02,2025-10-24,18,120.0,CALL,133.19,137.45,138.8,0,1,1.3047,0.9974,0.0001,-0.0314,0.0046,0.0587,2.1502,138.02,0.0,cab0f984ef99,2025-10-05
2025-10-05,2025-10-05 18:34:56.847791,AAPL,258.02,2025-10-24,18,125.0,CALL,133.49,132.45,133.85,3,0,1.2715,0.9967,0.0001,-0.0355,0.0057,0.061,2.0642,133.02,0.47,560b6b82aefe,2025-10-05
2025-10-05,2025-10-05 18:34:56.848304,AAPL,258.02,2025-10-24,18,140.0,CALL,116.1,117.55,119.0,1,1,1.1856,0.9931,0.0003,-0.0533,0.011,0.0679,1.843,118.02,0.0,8e168f1810b9,2025-10-05
2025-10-05,2025-10-05 18:34:56.848789,AAPL,258.02,2025-10-24,18,160.0,CALL,94.18,97.6,99.05,0,1,0.9756,0.9899,0.0005,-0.0609,0.0153,0.0773,1.6126,98.02,0.0,c26a1f4c9733,2025-10-05
2025-10-05,2025-10-05 18:34:56.849276,AAPL,258.02,2025-10-24,18,165.0,CALL,90.95,93.1,94.05,1,2,1.0117,0.9827,0.0007,-0.0887,0.0246,0.0788,1.5638,93.02,0.0,8d52b2e583ee,2025-10-05
2025-10-05,2025-10-05 18:34:56.849753,AAPL,258.02,2025-10-24,18,170.0,CALL,76.03,87.85,88.95,6,6,0.8945,0.9865,0.0007,-0.0698,0.0198,0.0818,1.5178,88.02,0.0,730123e96ddc,2025-10-05
2025-10-05,2025-10-05 18:34:56.850230,AAPL,258.02,2025-10-24,18,175.0,CALL,83.45,82.8,84.15,1,1,0.8652,0.9833,0.0008,-0.078,0.0237,0.0838,1.4744,83.02,0.43,0c9ff3b8fef2,2025-10-05
2025-10-05,2025-10-05 18:34:56.850726,AAPL,258.02,2025-10-24,18,180.0,CALL,76.77,78.0,79.05,9,11,0.8252,0.9807,0.001,-0.0831,0.0269,0.0859,1.4334,78.02,0.0,872fab6ddc1d,2025-10-05
2025-10-05,2025-10-05 18:34:56.851210,AAPL,258.02,2025-10-24,18,185.0,CALL,69.8,73.2,74.2,1,2,0.8145,0.9739,0.0013,-0.1003,0.0347,0.0875,1.3947,73.02,0.0,98a6d64adc8b,2025-10-05
2025-10-05,2025-10-05 18:34:56.851681,AAPL,258.02,2025-10-24,18,190.0,CALL,68.99,68.0,69.1,1,17,0.7246,0.977,0.0013,-0.0854,0.0312,0.0904,1.358,68.02,0.97,f7b3a3297c10,2025-10-05
2025-10-05,2025-10-05 18:34:56.852150,AAPL,258.02,2025-10-24,18,195.0,CALL,59.86,62.7,64.25,6,8,0.6538,0.9781,0.0014,-0.0776,0.0299,0.093,1.3232,63.02,0.0,0734b2cb4d88,2025-10-05
2025-10-05,2025-10-05 18:34:56.852620,AAPL,258.02,2025-10-24,18,200.0,CALL,58.16,58.3,59.2,6,71,0.6606,0.966,0.002,-0.1028,0.0433,0.0938,1.2901,58.02,0.14,19cb52d585f9,2025-10-05
2025-10-05,2025-10-05 18:34:56.853089,AAPL,258.02,2025-10-24,18,205.0,CALL,53.43,53.15,54.2,2,17,0.5942,0.9661,0.0022,-0.0953,0.0432,0.0963,1.2586,53.02,0.41,c2c79a4bb2aa,2025-10-05
2025-10-05,2025-10-05 18:34:56.853555,AAPL,258.02,2025-10-24,18,210.0,CALL,46.12,47.9,49.15,1,46,0.5151,0.9697,0.0023,-0.081,0.0393,0.0993,1.2287,48.02,0.0,ef2721139dcd,2025-10-05
2025-10-05,2025-10-05 18:34:56.854023,AAPL,258.02,2025-10-24,18,215.0,CALL,44.48,42.9,44.25,43,79,0.5691,0.9362,0.0038,-0.1374,0.0716,0.0972,1.2001,43.02,1.46,cf441275e767,2025-10-05
2025-10-05,2025-10-05 18:34:56.854486,AAPL,258.02,2025-10-24,18,220.0,CALL,39.14,38.2,39.35,1,573,0.5239,0.9261,0.0047,-0.1413,0.0802,0.0983,1.1728,38.02,1.12,361b0e374e10,2025-10-05
2025-10-05,2025-10-05 18:34:56.854953,AAPL,258.02,2025-10-24,18,225.0,CALL,34.05,33.5,34.4,16,527,0.4724,0.916,0.0057,-0.1408,0.0883,0.0995,1.1468,33.02,1.03,f3a8c278f3ed,2025-10-05
2025-10-05,2025-10-05 18:34:56.855420,AAPL,258.02,2025-10-24,18,230.0,CALL,28.84,28.7,29.3,79,1326,0.4065,0.9104,0.0069,-0.13,0.0927,0.1013,1.1218,28.02,0.82,244260f6ad38,2025-10-05
2025-10-05,2025-10-05 18:34:56.855884,AAPL,258.02,2025-10-24,18,235.0,CALL,23.75,23.9,24.3,120,1848,0.3502,0.8978,0.0089,-0.1249,0.1022,0.1021,1.098,23.02,0.73,c912af5a2903,2025-10-05
2025-10-05,2025-10-05 18:34:56.856599,AAPL,258.02,2025-10-24,18,240.0,CALL,19.25,19.35,19.55,292,2581,0.3113,0.8674,0.012,-0.1314,0.1229,0.1006,1.0751,18.02,1.23,fe37fce7e397,2025-10-05
2025-10-05,2025-10-05 18:34:56.857329,AAPL,258.02,2025-10-24,18,245.0,CALL,14.97,14.9,15.1,286,2935,0.2837,0.8129,0.0165,-0.1454,0.154,0.0959,1.0531,13.02,1.95,41e3b7289c29,2025-10-05
2025-10-05,2025-10-05 18:34:56.857932,AAPL,258.02,2025-10-24,18,250.0,CALL,10.65,10.85,11.0,3125,10399,0.2605,0.7301,0.0221,-0.1589,0.1894,0.0874,1.0321,8.02,2.63,1ee5a059f4c3,2025-10-05
2025-10-05,2025-10-05 18:34:56.858484,AAPL,258.02,2025-10-24,18,255.0,CALL,7.35,7.35,7.45,1276,4985,0.2428,0.6127,0.0275,-0.1665,0.2194,0.0743,1.0118,3.02,4.33,5fa75cc92cd5,2025-10-05
2025-10-05,2025-10-05 18:34:56.859036,AAPL,258.02,2025-10-24,18,260.0,CALL,4.65,4.55,4.7,3190,15507,0.233,0.4685,0.0298,-0.1618,0.2279,0.0573,0.9924,0.0,4.65,7813c2457095,2025-10-05
2025-10-05,2025-10-05 18:34:56.859503,AAPL,258.02,2025-10-24,18,265.0,CALL,2.62,2.62,2.67,3268,5057,0.2238,0.3201,0.0279,-0.1373,0.2049,0.0394,0.9737,0.0,2.62,019b7f322d53,2025-10-05
2025-10-05,2025-10-05 18:34:56.859965,AAPL,258.02,2025-10-24,18,270.0,CALL,1.4,1.39,1.42,2149,8538,0.2205,0.1957,0.0219,-0.103,0.1583,0.0242,0.9556,0.0,1.4,3169d5e6ae6a,2025-10-05
2025-10-05,2025-10-05 18:34:56.860431,AAPL,258.02,2025-10-24,18,275.0,CALL,0.73,0.71,0.74,3457,3354,0.2224,0.1111,0.0149,-0.0705,0.1085,0.0138,0.9383,0.0,0.73,a4195a9c85f8,2025-10-05
2025-10-05,2025-10-05 18:34:56.860891,AAPL,258.02,2025-10-24,18,280.0,CALL,0.39,0.38,0.4,1020,1453,0.2293,0.0622,0.0093,-0.0466,0.0702,0.0077,0.9215,0.0,0.39,034600a76222,2025-10-05
2025-10-05,2025-10-05 18:34:56.861365,AAPL,258.02,2025-10-24,18,285.0,CALL,0.21,0.21,0.22,1743,4490,0.2373,0.0345,0.0056,-0.0299,0.0437,0.0043,0.9053,0.0,0.21,a7f07b0283fc,2025-10-05
2025-10-05,2025-10-05 18:34:56.861828,AAPL,258.02,2025-10-24,18,290.0,CALL,0.13,0.11,0.13,339,4446,0.2481,0.02,0.0034,-0.0198,0.0278,0.0025,0.8897,0.0,0.13,0e4fa1888986,2025-10-05
2025-10-05,2025-10-05 18:34:56.862289,AAPL,258.02,2025-10-24,18,295.0,CALL,0.07,0.06,0.08,59,374,0.2588,0.0118,0.0021,-0.0131,0.0177,0.0015,0.8746,0.0,0.07,1715d2221a8d,2025-10-05
2025-10-05,2025-10-05 18:34:56.862753,AAPL,258.02,2025-10-24,18,300.0,CALL,0.05,0.04,0.05,250,1531,0.2695,0.0071,0.0013,-0.0087,0.0113,0.0009,0.8601,0.0,0.05,333d28682750,2025-10-05
2025-10-05,2025-10-05 18:34:56.863215,AAPL,258.02,2025-10-24,18,305.0,CALL,0.04,0.03,0.04,2,147,0.2871,0.0053,0.0009,-0.0071,0.0087,0.0007,0.846,0.0,0.04,790b157f477a,2025-10-05
2025-10-05,2025-10-05 18:34:56.863638,AAPL,258.02,2025-10-24,18,310.0,CALL,0.03,0.01,0.03,2,29,0.3027,0.0039,0.0007,-0.0057,0.0066,0.0005,0.8323,0.0,0.03,abd759ac466e,2025-10-05
2025-10-05,2025-10-05 18:34:56.864022,AAPL,258.02,2025-10-24,18,315.0,CALL,0.02,0.0,0.02,3,109,0.3125,0.0025,0.0004,-0.0039,0.0044,0.0003,0.8191,0.0,0.02,d76b5fd15c91,2025-10-05
2025-10-05,2025-10-05 18:34:56.864407,AAPL,258.02,2025-10-24,18,320.0,CALL,0.02,0.0,0.02,1,72,0.334,0.0023,0.0004,-0.0039,0.0041,0.0003,0.8063,0.0,0.02,a2ab28fd8105,2025-10-05
2025-10-05,2025-10-05 18:34:56.864798,AAPL,258.02,2025-10-24,18,325.0,CALL,0.01,0.0,0.01,1,48,0.3359,0.0012,0.0002,-0.0022,0.0023,0.0002,0.7939,0.0,0.01,c599b9eb2c68,2025-10-05
2025-10-05,2025-10-05 18:34:56.865319,AAPL,258.02,2025-10-24,18,110.0,PUT,0.01,0.0,0.24,3,50,1.4648,-0.0026,0.0001,-0.0189,0.0047,-0.0004,2.3456,0.0,0.01,3173f95748ab,2025-10-05
2025-10-05,2025-10-05 18:34:56.865714,AAPL,258.02,2025-10-24,18,130.0,PUT,0.01,0.0,0.02,1,3,0.9375,-0.0003,0.0,-0.0018,0.0007,-0.0,1.9848,0.0,0.01,97ea67bc0d3c,2025-10-05
2025-10-05,2025-10-05 18:34:56.866104,AAPL,258.02,2025-10-24,18,135.0,PUT,0.02,0.0,0.02,100,103,0.8906,-0.0004,0.0,-0.0018,0.0007,-0.0,1.9113,0.0,0.02,1a221a66ea2c,2025-10-05
2025-10-05,2025-10-05 18:34:56.866503,AAPL,258.02,2025-10-24,18,140.0,PUT,0.01,0.01,0.02,1,225,0.875,-0.0006,0.0,-0.0028,0.0011,-0.0001,1.843,0.0,0.01,f2dd10243c85,2025-10-05
2025-10-05,2025-10-05 18:34:56.866890,AAPL,258.02,2025-10-24,18,145.0,PUT,0.02,0.0,0.03,1,46,0.8281,-0.0006,0.0,-0.0028,0.0012,-0.0001,1.7794,0.0,0.02,21f33c193d8f,2025-10-05
2025-10-05,2025-10-05 18:34:56.867282,AAPL,258.02,2025-10-24,18,150.0,PUT,0.01,0.01,0.03,75,73,0.7969,-0.0008,0.0001,-0.0033,0.0015,-0.0001,1.7201,0.0,0.01,92e6ce989632,2025-10-05
2025-10-05,2025-10-05 18:34:56.867672,AAPL,258.02,2025-10-24,18,155.0,PUT,0.05,0.01,0.04,3,6,0.7695,-0.001,0.0001,-0.0042,0.002,-0.0001,1.6646,0.0,0.05,54c6806bedf0,2025-10-05
2025-10-05,2025-10-05 18:34:56.868063,AAPL,258.02,2025-10-24,18,160.0,PUT,0.03,0.01,0.04,4,26,0.7266,-0.0011,0.0001,-0.0043,0.0021,-0.0001,1.6126,0.0,0.03,6e91939b6b23,2025-10-05
2025-10-05,2025-10-05 18:34:56.868450,AAPL,258.02,2025-10-24,18,165.0,PUT,0.05,0.01,0.05,1,16,0.6953,-0.0014,0.0001,-0.0051,0.0026,-0.0002,1.5638,0.0,0.05,4f141002f091,2025-10-05
2025-10-05,2025-10-05 18:34:56.868835,AAPL,258.02,2025-10-24,18,170.0,PUT,0.04,0.02,0.05,1,55,0.6602,-0.0017,0.0001,-0.0056,0.0031,-0.0002,1.5178,0.0,0.04,faab7522d35c,2025-10-05
2025-10-05,2025-10-05 18:34:56.869223,AAPL,258.02,2025-10-24,18,175.0,PUT,0.05,0.03,0.06,50,34,0.6367,-0.0023,0.0002,-0.0072,0.0041,-0.0003,1.4744,0.0,0.05,23099a97bbee,2025-10-05
2025-10-05,2025-10-05 18:34:56.869610,AAPL,258.02,2025-10-24,18,180.0,PUT,0.05,0.03,0.06,1,35,0.5938,-0.0024,0.0002,-0.0071,0.0044,-0.0003,1.4334,0.0,0.05,be3fa1f57707,2025-10-05
2025-10-05,2025-10-05 18:34:56.869998,AAPL,258.02,2025-10-24,18,185.0,PUT,0.05,0.04,0.07,20,556,0.5645,-0.0031,0.0003,-0.0084,0.0054,-0.0004,1.3947,0.0,0.05,8550fecacd53,2025-10-05
2025-10-05,2025-10-05 18:34:56.870338,AAPL,258.02,2025-10-24,18,190.0,PUT,0.06,0.06,0.08,1,65,0.5391,-0.0042,0.0004,-0.0105,0.0071,-0.0006,1.358,0.0,0.06,53086fbe9307,2025-10-05
2025-10-05,2025-10-05 18:34:56.870670,AAPL,258.02,2025-10-24,18,195.0,PUT,0.07,0.05,0.08,4,178,0.5059,-0.0051,0.0005,-0.0117,0.0084,-0.0007,1.3232,0.0,0.07,9f32268803b5,2025-10-05
2025-10-05,2025-10-05 18:34:56.871004,AAPL,258.02,2025-10-24,18,200.0,PUT,0.09,0.08,0.1,11,2589,0.4785,-0.0067,0.0007,-0.0141,0.0108,-0.0009,1.2901,0.0,0.09,c3bde6453c53,2025-10-05
2025-10-05,2025-10-05 18:34:56.871343,AAPL,258.02,2025-10-24,18,205.0,PUT,0.1,0.09,0.11,28,2448,0.4424,-0.0079,0.0009,-0.015,0.0124,-0.001,1.2586,0.0,0.1,20ca5037f555,2025-10-05
2025-10-05,2025-10-05 18:34:56.871678,AAPL,258.02,2025-10-24,18,210.0,PUT,0.12,0.11,0.13,212,654,0.4111,-0.01,0.0011,-0.0171,0.0153,-0.0013,1.2287,0.0,0.12,a1bb20002194,2025-10-05
2025-10-05,2025-10-05 18:34:56.872013,AAPL,258.02,2025-10-24,18,215.0,PUT,0.15,0.13,0.16,34,609,0.3818,-0.0132,0.0016,-0.0202,0.0195,-0.0017,1.2001,0.0,0.15,5ce8e9a725be,2025-10-05
2025-10-05,2025-10-05 18:34:56.872352,AAPL,258.02,2025-10-24,18,220.0,PUT,0.19,0.18,0.2,195,3354,0.3525,-0.0177,0.0022,-0.0239,0.025,-0.0023,1.1728,0.0,0.19,c0029aeeb61d,2025-10-05
2025-10-05,2025-10-05 18:34:56.872685,AAPL,258.02,2025-10-24,18,225.0,PUT,0.25,0.23,0.26,96,956,0.3247,-0.0247,0.0031,-0.0291,0.0331,-0.0032,1.1468,0.0,0.25,22665cbdf4fe,2025-10-05
2025-10-05,2025-10-05 18:34:56.873023,AAPL,258.02,2025-10-24,18,230.0,PUT,0.35,0.33,0.36,954,2786,0.2993,-0.0362,0.0046,-0.0367,0.0456,-0.0047,1.1218,0.0,0.35,919c50f613d3,2025-10-05
2025-10-05,2025-10-05 18:34:56.873362,AAPL,258.02,2025-10-24,18,235.0,PUT,0.52,0.5,0.53,476,2622,0.2766,-0.0561,0.0071,-0.0479,0.0648,-0.0073,1.098,0.0,0.52,43374ce9e89b,2025-10-05
2025-10-05,2025-10-05 18:34:56.873703,AAPL,258.02,2025-10-24,18,240.0,PUT,0.83,0.8,0.84,488,1740,0.2576,-0.0912,0.0111,-0.0643,0.094,-0.0119,1.0751,0.0,0.83,bc3cefb7d87a,2025-10-05
2025-10-05,2025-10-05 18:34:56.874042,AAPL,258.02,2025-10-24,18,245.0,PUT,1.37,1.35,1.39,1852,2872,0.2418,-0.151,0.0169,-0.0852,0.1342,-0.0198,1.0531,0.0,1.37,715360bbc2cf,2025-10-05
2025-10-05,2025-10-05 18:34:56.874383,AAPL,258.02,2025-10-24,18,250.0,PUT,2.32,2.27,2.33,901,1815,0.2286,-0.2448,0.024,-0.1063,0.18,-0.0321,1.0321,0.0,2.32,bced12e63578,2025-10-05
2025-10-05,2025-10-05 18:34:56.874722,AAPL,258.02,2025-10-24,18,255.0,PUT,3.8,3.75,3.85,1540,2552,0.218,-0.3771,0.0304,-0.1194,0.2176,-0.0496,1.0118,0.0,3.8,5c6df98ca666,2025-10-05
2025-10-05,2025-10-05 18:34:56.875060,AAPL,258.02,2025-10-24,18,260.0,PUT,6.07,5.95,6.05,888,430,0.2067,-0.5379,0.0335,-0.1128,0.2276,-0.0711,0.9924,1.98,4.09,b6984bf8cbd4,2025-10-05
2025-10-05,2025-10-05 18:34:56.875397,AAPL,258.02,2025-10-24,18,265.0,PUT,9.2,9.0,9.15,33,42,0.2002,-0.7013,0.0302,-0.0872,0.1988,-0.0934,0.9737,6.98,2.22,ec6e5fafb5d9,2025-10-05
2025-10-05,2025-10-05 18:34:56.875739,AAPL,258.02,2025-10-24,18,270.0,PUT,12.75,12.65,13.05,30,226,0.1987,-0.8305,0.0222,-0.052,0.1447,-0.1118,0.9556,11.98,0.77,0ff6829375cb,2025-10-05
2025-10-05,2025-10-05 18:34:56.876076,AAPL,258.02,2025-10-24,18,275.0,PUT,17.74,17.05,17.6,3,104,0.2119,-0.9004,0.0144,-0.0283,0.1003,-0.1229,0.9383,16.98,0.76,2e28c6f0a3eb,2025-10-05
2025-10-05,2025-10-05 18:34:56.876415,AAPL,258.02,2025-10-24,18,280.0,PUT,21.55,21.65,22.4,6,6,0.2319,-0.9355,0.0095,-0.0141,0.0722,-0.1298,0.9215,21.98,0.0,a3dda84ab89d,2025-10-05
2025-10-05,2025-10-05 18:34:56.876733,AAPL,258.02,2025-10-24,18,285.0,PUT,27.1,26.4,27.35,51,1,0.2627,-0.9492,0.0069,-0.0102,0.0598,-0.1339,0.9053,26.98,0.12,37018d675e4b,2025-10-05
2025-10-05,2025-10-05 18:34:56.877039,AAPL,258.02,2025-10-24,18,290.0,PUT,51.75,31.4,32.6,0,0,0.3325,-0.9352,0.0066,-0.0333,0.0725,-0.1347,0.8897,31.98,19.77,9049c3cfdadd,2025-10-05
2025-10-05,2025-10-05 18:34:56.877340,AAPL,258.02,2025-10-24,18,295.0,PUT,38.47,36.4,37.4,1,0,0.3406,-0.9558,0.0048,-0.0157,0.0535,-0.1397,0.8746,36.98,1.49,44a68d5b0b5d,2025-10-05
2025-10-05,2025-10-05 18:34:56.877642,AAPL,258.02,2025-10-24,18,300.0,PUT,44.2,41.4,42.55,0,0,0.3972,-0.9495,0.0046,-0.0304,0.0596,-0.1414,0.8601,41.98,2.22,562da2a0d9c2,2025-10-05
2025-10-05,2025-10-05 18:34:56.877949,AAPL,258.02,2025-10-24,18,325.0,PUT,97.87,66.45,67.35,0,0,0.5151,-0.9739,0.0021,-0.0106,0.0348,-0.1567,0.7939,66.98,30.89,ffb986d54ca9,2025-10-05
2025-10-06,2025-10-06 18:30:56.793822,AAPL,256.69,2025-10-10,3,110.0,CALL,148.05,146.3,147.15,5,1,2.5625,0.9999,0.0,-0.0169,0.0001,0.009,2.3335,146.69,1.36,952ac94c9724,2025-10-06
2025-10-06,2025-10-06 18:30:56.796814,AAPL,256.69,2025-10-10,3,120.0,CALL,136.1,136.0,137.55,0,7,2.5313,0.9997,0.0,-0.0257,0.0003,0.0099,2.1391,136.69,0.0,9e825773ad66,2025-10-06
2025-10-06,2025-10-06 18:30:56.797348,AAPL,256.69,2025-10-10,3,135.0,CALL,120.55,121.6,122.6,0,2,2.6602,0.9973,0.0001,-0.1013,0.0019,0.011,1.9014,121.69,0.0,2015c9b1522b,2025-10-06
2025-10-06,2025-10-06 18:30:56.797849,AAPL,256.69,2025-10-10,3,140.0,CALL,116.35,116.05,117.55,1,4,2.1172,0.9994,0.0,-0.0336,0.0005,0.0115,1.8335,116.69,0.0,888a7b299c79,2025-10-06
2025-10-06,2025-10-06 18:30:56.798335,AAPL,256.69,2025-10-10,3,150.0,CALL,108.04,106.05,107.6,1,1,1.9414,0.9992,0.0001,-0.04,0.0007,0.0123,1.7113,106.69,1.35,bebfb2a87de8,2025-10-06
2025-10-06,2025-10-06 18:30:56.798815,AAPL,256.69,2025-10-10,3,160.0,CALL,93.91,96.55,97.6,1,6,2.0039,0.9965,0.0002,-0.1017,0.0025,0.0131,1.6043,96.69,0.0,fe9253fe1252,2025-10-06
2025-10-06,2025-10-06 18:30:56.799304,AAPL,256.69,2025-10-10,3,165.0,CALL,91.99,91.0,92.85,1,0,1.7539,0.9979,0.0002,-0.0656,0.0015,0.0135,1.5557,91.69,0.3,029e1dd3a3a6,2025-10-06
2025-10-06,2025-10-06 18:30:56.799778,AAPL,256.69,2025-10-10,3,170.0,CALL,87.87,86.1,87.6,2,3,1.5625,0.9986,0.0001,-0.0492,0.0011,0.0139,1.5099,86.69,1.18,63659c60ddce,2025-10-06
2025-10-06,2025-10-06 18:30:56.800212,AAPL,256.69,2025-10-10,3,175.0,CALL,83.05,81.05,82.65,2,4,1.4648,0.9984,0.0001,-0.0504,0.0012,0.0143,1.4668,81.69,1.36,aec4b4302ea8,2025-10-06
2025-10-06,2025-10-06 18:30:56.800618,AAPL,256.69,2025-10-10,3,180.0,CALL,78.1,76.05,77.6,1,45,1.3359,0.9986,0.0001,-0.0455,0.0011,0.0148,1.4261,76.69,1.41,22f65675a89e,2025-10-06
2025-10-06,2025-10-06 18:30:56.801014,AAPL,256.69,2025-10-10,3,185.0,CALL,71.63,71.6,72.7,1,5,1.499,0.9934,0.0005,-0.1295,0.0043,0.0151,1.3875,71.69,0.0,2f8329cc1a4c,2025-10-06
2025-10-06,2025-10-06 18:30:56.801406,AAPL,256.69,2025-10-10,3,190.0,CALL,67.43,66.6,67.65,1,26,1.3809,0.9932,0.0006,-0.1247,0.0044,0.0155,1.351,66.69,0.74,3b2d7e5bb071,2025-10-06
2025-10-06,2025-10-06 18:30:56.801805,AAPL,256.69,2025-10-10,3,195.0,CALL,63.37,61.05,62.55,2,109,1.0371,0.9985,0.0002,-0.0432,0.0011,0.016,1.3164,61.69,1.68,c049a5d15b6e,2025-10-06
2025-10-06,2025-10-06 18:30:56.802198,AAPL,256.69,2025-10-10,3,200.0,CALL,56.6,56.4,57.0,33,193,0.7344,0.9999,0.0,-0.0255,0.0001,0.0164,1.2834,56.69,0.0,b18552d98e5d,2025-10-06
2025-10-06,2025-10-06 18:30:56.802589,AAPL,256.69,2025-10-10,3,205.0,CALL,53.05,51.5,52.55,1,71,1.0303,0.993,0.0008,-0.1028,0.0045,0.0167,1.2521,51.69,1.36,c86c0bc4e055,2025-10-06
2025-10-06,2025-10-06 18:30:56.802980,AAPL,256.69,2025-10-10,3,210.0,CALL,46.7,46.65,47.0,23,275,0.8086,0.9973,0.0004,-0.052,0.0019,0.0172,1.2223,46.69,0.01,20d0d5a3ca6b,2025-10-06
2025-10-06,2025-10-06 18:30:56.803379,AAPL,256.69,2025-10-10,3,215.0,CALL,42.28,41.65,42.0,89,357,0.7266,0.9968,0.0006,-0.0535,0.0022,0.0176,1.1939,41.69,0.59,86138a8e3f71,2025-10-06
2025-10-06,2025-10-06 18:30:56.803774,AAPL,256.69,2025-10-10,3,217.5,CALL,39.05,39.0,39.55,5,108,0.6406,0.9981,0.0004,-0.0421,0.0014,0.0178,1.1802,39.19,0.0,9f5416b6417d,2025-10-06
2025-10-06,2025-10-06 18:30:56.804167,AAPL,256.69,2025-10-10,3,220.0,CALL,37.12,36.75,37.15,179,1307,0.7178,0.992,0.0013,-0.0879,0.0051,0.0179,1.1668,36.69,0.43,cb15cad93e16,2025-10-06
2025-10-06,2025-10-06 18:30:56.804559,AAPL,256.69,2025-10-10,3,222.5,CALL,34.1,34.2,34.5,5,321,0.6201,0.995,0.001,-0.0619,0.0034,0.0182,1.1537,34.19,0.0,5906a479ff72,2025-10-06
2025-10-06,2025-10-06 18:30:56.804950,AAPL,256.69,2025-10-10,3,225.0,CALL,31.65,31.7,32.0,17,920,0.5781,0.9946,0.0012,-0.0624,0.0036,0.0184,1.1408,31.69,0.0,4a177e26a4f7,2025-10-06
2025-10-06,2025-10-06 18:30:56.805335,AAPL,256.69,2025-10-10,3,227.5,CALL,28.93,29.25,29.5,173,1479,0.5508,0.9929,0.0015,-0.0702,0.0046,0.0185,1.1283,29.19,0.0,9be2a90b1ffb,2025-10-06
2025-10-06,2025-10-06 18:30:56.805728,AAPL,256.69,2025-10-10,3,230.0,CALL,26.36,26.75,27.05,93,2615,0.5205,0.9908,0.002,-0.078,0.0058,0.0187,1.116,26.69,0.0,7388004e0942,2025-10-06
2025-10-06,2025-10-06 18:30:56.806092,AAPL,256.69,2025-10-10,3,232.5,CALL,24.48,23.85,24.95,51,336,0.6323,0.9609,0.0057,-0.2347,0.0197,0.0183,1.104,24.19,0.29,8ab364347ae4,2025-10-06
2025-10-06,2025-10-06 18:30:56.806435,AAPL,256.69,2025-10-10,3,235.0,CALL,21.63,21.4,22.2,126,2422,0.5249,0.9704,0.0055,-0.165,0.0157,0.0187,1.0923,21.69,0.0,a9568e19cbe1,2025-10-06
2025-10-06,2025-10-06 18:30:56.806776,AAPL,256.69,2025-10-10,3,237.5,CALL,19.87,19.3,19.6,29,353,0.4517,0.973,0.0059,-0.1375,0.0145,0.0189,1.0808,19.19,0.68,4b7f2b124bf2,2025-10-06
2025-10-06,2025-10-06 18:30:56.807112,AAPL,256.69,2025-10-10,3,240.0,CALL,17.26,16.6,17.1,199,2485,0.4038,0.9689,0.0075,-0.1384,0.0163,0.0191,1.0695,16.69,0.57,3fabe3e829b3,2025-10-06
2025-10-06,2025-10-06 18:30:56.807448,AAPL,256.69,2025-10-10,3,242.5,CALL,14.35,14.4,14.65,64,1875,0.3662,0.9591,0.0103,-0.1532,0.0204,0.019,1.0585,14.19,0.16,3a6175ad7113,2025-10-06
2025-10-06,2025-10-06 18:30:56.807792,AAPL,256.69,2025-10-10,3,245.0,CALL,12.2,12.05,12.25,315,5183,0.3342,0.9413,0.0151,-0.1802,0.0273,0.0189,1.0477,11.69,0.51,75bc865d4bed,2025-10-06
2025-10-06,2025-10-06 18:30:56.808128,AAPL,256.69,2025-10-10,3,247.5,CALL,9.8,9.75,9.85,895,5945,0.2964,0.9168,0.0222,-0.2038,0.0356,0.0186,1.0371,9.19,0.61,5387aa9d5c0d,2025-10-06
2025-10-06,2025-10-06 18:30:56.808472,AAPL,256.69,2025-10-10,3,250.0,CALL,7.7,7.5,7.65,4432,22083,0.2766,0.86,0.0346,-0.2651,0.0518,0.0175,1.0268,6.69,1.01,e25fc6bad970,2025-10-06
2025-10-06,2025-10-06 18:30:56.808813,AAPL,256.69,2025-10-10,3,252.5,CALL,5.75,5.55,5.65,2026,4600,0.2622,0.7642,0.0505,-0.3367,0.0717,0.0157,1.0166,4.19,1.56,2ddd5930ea63,2025-10-06
2025-10-06,2025-10-06 18:30:56.809150,AAPL,256.69,2025-10-10,3,255.0,CALL,3.85,3.8,3.9,10507,7842,0.2494,0.6254,0.0653,-0.386,0.0882,0.0129,1.0066,1.69,2.16,23bdc0760542,2025-10-06
2025-10-06,2025-10-06 18:30:56.809508,AAPL,256.69,2025-10-10,3,257.5,CALL,2.46,2.43,2.48,29587,7196,0.2388,0.4532,0.0713,-0.381,0.0922,0.0094,0.9969,0.0,2.46,3011aade4c89,2025-10-06
2025-10-06,2025-10-06 18:30:56.809858,AAPL,256.69,2025-10-10,3,260.0,CALL,1.47,1.47,1.49,66216,26615,0.2357,0.2838,0.0618,-0.3186,0.0788,0.0059,0.9873,0.0,1.47,ff888d87206d,2025-10-06
2025-10-06,2025-10-06 18:30:56.810201,AAPL,256.69,2025-10-10,3,262.5,CALL,0.85,0.84,0.86,20007,13414,0.2376,0.1559,0.0433,-0.2253,0.0557,0.0033,0.9779,0.0,0.85,60cf7c5c65dc,2025-10-06
2025-10-06,2025-10-06 18:30:56.810546,AAPL,256.69,2025-10-10,3,265.0,CALL,0.48,0.46,0.48,23477,15646,0.2417,0.0769,0.0257,-0.1377,0.0336,0.0016,0.9686,0.0,0.48,3e91ee242b2a,2025-10-06
2025-10-06,2025-10-06 18:30:56.810886,AAPL,256.69,2025-10-10,3,267.5,CALL,0.27,0.26,0.27,23429,4815,0.249,0.036,0.0136,-0.0775,0.0184,0.0008,0.9596,0.0,0.27,dd69eb536961,2025-10-06
2025-10-06,2025-10-06 18:30:56.811224,AAPL,256.69,2025-10-10,3,270.0,CALL,0.15,0.15,0.16,10942,17806,0.2598,0.017,0.007,-0.0431,0.0098,0.0004,0.9507,0.0,0.15,8a644eb2e7d7,2025-10-06
2025-10-06,2025-10-06 18:30:56.811567,AAPL,256.69,2025-10-10,3,272.5,CALL,0.09,0.08,0.09,3238,7804,0.2676,0.0074,0.0033,-0.0215,0.0048,0.0002,0.942,0.0,0.09,337ce3881078,2025-10-06
2025-10-06,2025-10-06 18:30:56.811901,AAPL,256.69,2025-10-10,3,275.0,CALL,0.04,0.04,0.05,5330,9631,0.2754,0.0031,0.0015,-0.0103,0.0022,0.0001,0.9334,0.0,0.04,feab38566d2e,2025-10-06
2025-10-06,2025-10-06 18:30:56.812208,AAPL,256.69,2025-10-10,3,277.5,CALL,0.04,0.02,0.04,895,344,0.2969,0.0021,0.0009,-0.0076,0.0015,0.0,0.925,0.0,0.04,3f4ebd08d2c8,2025-10-06
2025-10-06,2025-10-06 18:30:56.812514,AAPL,256.69,2025-10-10,3,280.0,CALL,0.02,0.01,0.03,2061,2567,0.3145,0.0013,0.0006,-0.0051,0.001,0.0,0.9167,0.0,0.02,6081e1879a19,2025-10-06
2025-10-06,2025-10-06 18:30:56.812816,AAPL,256.69,2025-10-10,3,282.5,CALL,0.01,0.01,0.02,692,385,0.3262,0.0007,0.0003,-0.0029,0.0005,0.0,0.9086,0.0,0.01,146bd60abc8a,2025-10-06
2025-10-06,2025-10-06 18:30:56.813123,AAPL,256.69,2025-10-10,3,285.0,CALL,0.01,0.0,0.01,1934,1609,0.3281,0.0002,0.0001,-0.0012,0.0002,0.0,0.9007,0.0,0.01,7eee7530dd11,2025-10-06
2025-10-06,2025-10-06 18:30:56.813425,AAPL,256.69,2025-10-10,3,287.5,CALL,0.01,0.0,0.01,199,1078,0.3516,0.0002,0.0001,-0.0011,0.0002,0.0,0.8928,0.0,0.01,8fa680105e8d,2025-10-06
2025-10-06,2025-10-06 18:30:56.813730,AAPL,256.69,2025-10-10,3,290.0,CALL,0.01,0.0,0.01,102,941,0.375,0.0002,0.0001,-0.001,0.0002,0.0,0.8851,0.0,0.01,0d621264a24e,2025-10-06
2025-10-06,2025-10-06 18:30:56.814035,AAPL,256.69,2025-10-10,3,295.0,CALL,0.01,0.0,0.01,4,1342,0.4219,0.0002,0.0001,-0.001,0.0001,0.0,0.8701,0.0,0.01,b0c691fef5cd,2025-10-06
2025-10-06,2025-10-06 18:30:56.814335,AAPL,256.69,2025-10-10,3,300.0,CALL,0.01,0.0,0.01,16,1752,0.4688,0.0001,0.0,-0.001,0.0001,0.0,0.8556,0.0,0.01,3bd855d874e5,2025-10-06
2025-10-06,2025-10-06 18:30:56.814636,AAPL,256.69,2025-10-10,3,305.0,CALL,0.01,0.0,0.01,1,297,0.5156,0.0001,0.0,-0.001,0.0001,0.0,0.8416,0.0,0.01,c2564954a3bc,2025-10-06
2025-10-06,2025-10-06 18:30:56.814932,AAPL,256.69,2025-10-10,3,310.0,CALL,0.01,0.0,0.01,300,750,0.5313,0.0001,0.0,-0.0004,0.0,0.0,0.828,0.0,0.01,4c55956939b4,2025-10-06
2025-10-06,2025-10-06 18:30:56.815233,AAPL,256.69,2025-10-10,3,315.0,CALL,0.03,0.0,0.01,0,63,0.5625,0.0,0.0,-0.0003,0.0,0.0,0.8149,0.0,0.03,2a919cfe8bf0,2025-10-06
2025-10-06,2025-10-06 18:30:56.815545,AAPL,256.69,2025-10-10,3,320.0,CALL,0.02,0.0,0.01,0,189,0.5938,0.0,0.0,-0.0002,0.0,0.0,0.8022,0.0,0.02,cef6c3c65746,2025-10-06
2025-10-06,2025-10-06 18:30:56.815845,AAPL,256.69,2025-10-10,3,325.0,CALL,0.01,0.0,0.01,4,31,0.6406,0.0,0.0,-0.0003,0.0,0.0,0.7898,0.0,0.01,75b936a88ce6,2025-10-06
2025-10-06,2025-10-06 18:30:56.816319,AAPL,256.69,2025-10-10,3,120.0,PUT,0.01,0.0,0.01,4,38,1.9375,-0.0,0.0,-0.0002,0.0,-0.0,2.1391,0.0,0.01,e49b7cee0bc3,2025-10-06
2025-10-06,2025-10-06 18:30:56.816632,AAPL,256.69,2025-10-10,3,125.0,PUT,0.01,0.0,0.01,1,2,1.875,-0.0,0.0,-0.0003,0.0,-0.0,2.0535,0.0,0.01,ddc3d2b906d6,2025-10-06
2025-10-06,2025-10-06 18:30:56.816939,AAPL,256.69,2025-10-10,3,135.0,PUT,0.01,0.0,0.01,80,103,1.6875,-0.0,0.0,-0.0003,0.0,-0.0,1.9014,0.0,0.01,2a4a848ac222,2025-10-06
2025-10-06,2025-10-06 18:30:56.817251,AAPL,256.69,2025-10-10,3,140.0,PUT,0.01,0.0,0.01,0,110,1.5625,-0.0,0.0,-0.0002,0.0,-0.0,1.8335,0.0,0.01,5b557a6a070f,2025-10-06
2025-10-06,2025-10-06 18:30:56.817564,AAPL,256.69,2025-10-10,3,145.0,PUT,0.02,0.0,0.01,0,15,1.5,-0.0,0.0,-0.0003,0.0,-0.0,1.7703,0.0,0.02,f87dd0f95a24,2025-10-06
2025-10-06,2025-10-06 18:30:56.817868,AAPL,256.69,2025-10-10,3,150.0,PUT,0.01,0.0,0.01,1,7,1.4063,-0.0,0.0,-0.0002,0.0,-0.0,1.7113,0.0,0.01,c547115fa29d,2025-10-06
2025-10-06,2025-10-06 18:30:56.818152,AAPL,256.69,2025-10-10,3,155.0,PUT,0.01,0.0,0.01,191,212,1.3125,-0.0,0.0,-0.0002,0.0,-0.0,1.6561,0.0,0.01,7269334c358e,2025-10-06
2025-10-06,2025-10-06 18:30:56.818437,AAPL,256.69,2025-10-10,3,160.0,PUT,0.01,0.0,0.01,227,318,1.25,-0.0,0.0,-0.0003,0.0,-0.0,1.6043,0.0,0.01,5e8a84b2654a,2025-10-06
2025-10-06,2025-10-06 18:30:56.818720,AAPL,256.69,2025-10-10,3,165.0,PUT,0.02,0.0,0.01,1,299,1.1875,-0.0,0.0,-0.0003,0.0,-0.0,1.5557,0.0,0.02,0ae71d48f6af,2025-10-06
2025-10-06,2025-10-06 18:30:56.819003,AAPL,256.69,2025-10-10,3,170.0,PUT,0.01,0.0,0.01,10,278,1.0938,-0.0,0.0,-0.0002,0.0,-0.0,1.5099,0.0,0.01,85a7071c494d,2025-10-06
2025-10-06,2025-10-06 18:30:56.819280,AAPL,256.69,2025-10-10,3,175.0,PUT,0.02,0.0,0.01,109,211,1.0313,-0.0,0.0,-0.0003,0.0,-0.0,1.4668,0.0,0.02,36fcf90eb5c5,2025-10-06
2025-10-06,2025-10-06 18:30:56.819562,AAPL,256.69,2025-10-10,3,180.0,PUT,0.01,0.0,0.01,2,1362,0.9688,-0.0,0.0,-0.0003,0.0,-0.0,1.4261,0.0,0.01,d04e0fba43fc,2025-10-06
2025-10-06,2025-10-06 18:30:56.819840,AAPL,256.69,2025-10-10,3,185.0,PUT,0.02,0.0,0.01,103,1221,0.875,-0.0,0.0,-0.0002,0.0,-0.0,1.3875,0.0,0.02,faa917da3300,2025-10-06
2025-10-06,2025-10-06 18:30:56.820122,AAPL,256.69,2025-10-10,3,190.0,PUT,0.01,0.0,0.01,1,841,0.8125,-0.0,0.0,-0.0003,0.0,-0.0,1.351,0.0,0.01,10c3d21ec5b5,2025-10-06
2025-10-06,2025-10-06 18:30:56.820401,AAPL,256.69,2025-10-10,3,195.0,PUT,0.01,0.0,0.01,1,342,0.75,-0.0,0.0,-0.0003,0.0,-0.0,1.3164,0.0,0.01,990592e3530d,2025-10-06
2025-10-06,2025-10-06 18:30:56.820678,AAPL,256.69,2025-10-10,3,200.0,PUT,0.01,0.0,0.01,10,1470,0.6875,-0.0,0.0,-0.0003,0.0,-0.0,1.2834,0.0,0.01,8b8cbdf24bca,2025-10-06
2025-10-06,2025-10-06 18:30:56.820962,AAPL,256.69,2025-10-10,3,205.0,PUT,0.01,0.0,0.01,99,3693,0.625,-0.0,0.0,-0.0003,0.0,-0.0,1.2521,0.0,0.01,4e7e313599c4,2025-10-06
2025-10-06,2025-10-06 18:30:56.821239,AAPL,256.69,2025-10-10,3,210.0,PUT,0.01,0.0,0.01,77,1409,0.5625,-0.0,0.0,-0.0003,0.0,-0.0,1.2223,0.0,0.01,e98ac2794239,2025-10-06
2025-10-06,2025-10-06 18:30:56.821521,AAPL,256.69,2025-10-10,3,215.0,PUT,0.02,0.01,0.02,21,1157,0.5547,-0.0002,0.0001,-0.0015,0.0002,-0.0,1.1939,0.0,0.02,86d70da43353,2025-10-06
2025-10-06,2025-10-06 18:30:56.821799,AAPL,256.69,2025-10-10,3,217.5,PUT,0.02,0.01,0.02,50,1151,0.5234,-0.0002,0.0001,-0.0016,0.0002,-0.0,1.1802,0.0,0.02,35f294c072d7,2025-10-06
2025-10-06,2025-10-06 18:30:56.822089,AAPL,256.69,2025-10-10,3,220.0,PUT,0.02,0.01,0.02,240,6206,0.5078,-0.0004,0.0001,-0.0026,0.0003,-0.0,1.1668,0.0,0.02,ef1fccc6f839,2025-10-06
2025-10-06,2025-10-06 18:30:56.822370,AAPL,256.69,2025-10-10,3,222.5,PUT,0.02,0.01,0.02,71,468,0.4727,-0.0004,0.0001,-0.0025,0.0003,-0.0,1.1537,0.0,0.02,17746c2bda15,2025-10-06
2025-10-06,2025-10-06 18:30:56.822653,AAPL,256.69,2025-10-10,3,225.0,PUT,0.02,0.02,0.03,163,2724,0.4609,-0.0007,0.0002,-0.0045,0.0006,-0.0,1.1408,0.0,0.02,eb1696ddf8e9,2025-10-06
2025-10-06,2025-10-06 18:30:56.822941,AAPL,256.69,2025-10-10,3,227.5,PUT,0.02,0.02,0.03,27,441,0.4258,-0.0008,0.0003,-0.0045,0.0006,-0.0,1.1283,0.0,0.02,3eda02f859de,2025-10-06
2025-10-06,2025-10-06 18:30:56.823226,AAPL,256.69,2025-10-10,3,230.0,PUT,0.03,0.03,0.04,461,2798,0.4043,-0.0012,0.0004,-0.0064,0.001,-0.0,1.116,0.0,0.03,89dcc62ebb23,2025-10-06
2025-10-06,2025-10-06 18:30:56.823507,AAPL,256.69,2025-10-10,3,232.5,PUT,0.04,0.04,0.05,1193,1292,0.3809,-0.0019,0.0007,-0.0089,0.0014,-0.0,1.104,0.0,0.04,75c2e6ada382,2025-10-06
2025-10-06,2025-10-06 18:30:56.823783,AAPL,256.69,2025-10-10,3,235.0,PUT,0.07,0.05,0.06,2023,2865,0.3535,-0.0027,0.001,-0.0113,0.0019,-0.0001,1.0923,0.0,0.07,102be20074fc,2025-10-06
2025-10-06,2025-10-06 18:30:56.824043,AAPL,256.69,2025-10-10,3,237.5,PUT,0.07,0.07,0.08,1081,1470,0.3311,-0.0044,0.0017,-0.0166,0.003,-0.0001,1.0808,0.0,0.07,975074cdc8ed,2025-10-06
2025-10-06,2025-10-06 18:30:56.824309,AAPL,256.69,2025-10-10,3,240.0,PUT,0.11,0.1,0.12,3972,3702,0.3135,-0.0084,0.0031,-0.0274,0.0053,-0.0002,1.0695,0.0,0.11,7ede93a5cf78,2025-10-06
2025-10-06,2025-10-06 18:30:56.824570,AAPL,256.69,2025-10-10,3,242.5,PUT,0.17,0.16,0.17,5217,3161,0.292,-0.0148,0.0055,-0.0419,0.0087,-0.0003,1.0585,0.0,0.17,1ff7d0a1cd25,2025-10-06
2025-10-06,2025-10-06 18:30:56.824835,AAPL,256.69,2025-10-10,3,245.0,PUT,0.27,0.27,0.28,7817,6003,0.2783,-0.0304,0.0106,-0.0734,0.016,-0.0006,1.0477,0.0,0.27,d2458dd06435,2025-10-06
2025-10-06,2025-10-06 18:30:56.825098,AAPL,256.69,2025-10-10,3,247.5,PUT,0.44,0.44,0.46,7912,5382,0.2649,-0.0611,0.0196,-0.1222,0.0281,-0.0013,1.0371,0.0,0.44,5b6dfa9f7967,2025-10-06
2025-10-06,2025-10-06 18:30:56.825365,AAPL,256.69,2025-10-10,3,250.0,PUT,0.75,0.73,0.75,26142,11758,0.2512,-0.1176,0.0337,-0.1884,0.0459,-0.0025,1.0268,0.0,0.75,5b618f146305,2025-10-06
2025-10-06,2025-10-06 18:30:56.825626,AAPL,256.69,2025-10-10,3,252.5,PUT,1.23,1.21,1.24,11333,7365,0.2406,-0.217,0.0525,-0.2672,0.0684,-0.0046,1.0166,0.0,1.23,f608eac52078,2025-10-06
2025-10-06,2025-10-06 18:30:56.825888,AAPL,256.69,2025-10-10,3,255.0,PUT,1.97,1.96,2.0,28929,12106,0.2313,-0.3658,0.0699,-0.3257,0.0875,-0.0078,1.0066,0.0,1.97,e52d2400da9d,2025-10-06
2025-10-06,2025-10-06 18:30:56.826152,AAPL,256.69,2025-10-10,3,257.5,PUT,3.09,3.05,3.15,14761,4926,0.2271,-0.5497,0.0749,-0.3309,0.0921,-0.0118,0.9969,0.81,2.28,30bfd184261b,2025-10-06
2025-10-06,2025-10-06 18:30:56.826414,AAPL,256.69,2025-10-10,3,260.0,PUT,4.5,4.6,4.7,2903,2278,0.2266,-0.7242,0.0634,-0.2702,0.0778,-0.0156,0.9873,3.31,1.19,eb4cfe46f118,2025-10-06
2025-10-06,2025-10-06 18:30:56.826677,AAPL,256.69,2025-10-10,3,262.5,PUT,6.5,6.45,6.6,442,1787,0.2295,-0.8526,0.0432,-0.1774,0.0536,-0.0185,0.9779,5.81,0.69,9f1c921ec4be,2025-10-06
2025-10-06,2025-10-06 18:30:56.826943,AAPL,256.69,2025-10-10,3,265.0,PUT,8.45,8.55,8.75,910,679,0.2354,-0.9286,0.0249,-0.0941,0.0317,-0.0203,0.9686,8.31,0.14,bea115b366a0,2025-10-06
2025-10-06,2025-10-06 18:30:56.827209,AAPL,256.69,2025-10-10,3,267.5,PUT,10.9,10.85,11.15,32,62,0.2637,-0.9553,0.0154,-0.0649,0.022,-0.021,0.9596,10.81,0.09,465022bd55e1,2025-10-06
2025-10-06,2025-10-06 18:30:56.827470,AAPL,256.69,2025-10-10,3,270.0,PUT,13.77,13.25,13.7,145,226,0.3174,-0.9582,0.0121,-0.0781,0.0208,-0.0213,0.9507,13.31,0.46,4cc52f45ae8d,2025-10-06
2025-10-06,2025-10-06 18:30:56.827734,AAPL,256.69,2025-10-10,3,272.5,PUT,16.11,15.55,16.3,4,7,0.3806,-0.9558,0.0105,-0.1057,0.0217,-0.0215,0.942,15.81,0.3,98eac975c7e8,2025-10-06
2025-10-06,2025-10-06 18:30:56.828001,AAPL,256.69,2025-10-10,3,275.0,PUT,17.7,18.05,18.7,10,24,0.4004,-0.9692,0.0075,-0.0749,0.0162,-0.022,0.9334,18.31,0.0,6cbc11f15e0c,2025-10-06
2025-10-06,2025-10-06 18:30:56.828261,AAPL,256.69,2025-10-10,3,280.0,PUT,21.6,23.0,23.6,25,2,0.4497,-0.9822,0.0042,-0.0424,0.0102,-0.0226,0.9167,23.31,0.0,c0fc193cd99c,2025-10-06
2025-10-06,2025-10-06 18:30:56.828523,AAPL,256.69,2025-10-10,3,290.0,PUT,36.46,33.05,33.85,2,0,0.5205,-0.9947,0.0013,0.0047,0.0036,-0.0237,0.8851,33.31,3.15,57b347e69bcf,2025-10-06
2025-10-06,2025-10-06 18:30:56.828788,AAPL,256.69,2025-10-10,3,295.0,PUT,42.75,38.05,38.6,2,0,0.6553,-0.9894,0.0018,-0.035,0.0065,-0.024,0.8701,38.31,4.44,5da81440a7ed,2025-10-06
2025-10-06,2025-10-06 18:30:56.829048,AAPL,256.69,2025-10-10,3,300.0,PUT,43.1,42.8,43.85,5,0,0.8071,-0.9816,0.0024,-0.1045,0.0105,-0.0243,0.8556,43.31,0.0,f3e7b8d50980,2025-10-06
2025-10-06,2025-10-06 18:30:56.829308,AAPL,256.69,2025-10-10,3,310.0,PUT,55.7,53.05,53.55,3,0,0.8145,-0.994,0.0009,-0.0155,0.0039,-0.0253,0.828,53.31,2.39,c72167be98dc,2025-10-06
2025-10-06,2025-10-06 18:30:56.829573,AAPL,256.69,2025-10-10,3,315.0,PUT,57.95,58.05,58.85,1,0,0.8047,-0.9971,0.0005,0.0115,0.002,-0.0258,0.8149,58.31,0.0,9c92abb3c8c3,2025-10-06
2025-10-06,2025-10-06 18:30:56.829826,AAPL,256.69,2025-10-10,3,320.0,PUT,63.05,62.75,63.75,6,1,1.023,-0.99,0.0011,-0.0665,0.0062,-0.0261,0.8022,63.31,0.0,bba3f3f307f6,2025-10-06
2025-10-06,2025-10-06 18:30:56.924793,AAPL,256.69,2025-10-17,10,90.0,CALL,165.75,166.55,167.1,2,23,2.332,0.9982,0.0001,-0.0395,0.0024,0.0245,2.8521,166.69,0.0,51a81ed06229,2025-10-06
2025-10-06,2025-10-06 18:30:56.925206,AAPL,256.69,2025-10-17,10,95.0,CALL,160.4,161.5,162.15,0,2,2.2188,0.9981,0.0001,-0.0402,0.0026,0.0258,2.702,161.69,0.0,cd11f59d4830,2025-10-06
2025-10-06,2025-10-06 18:30:56.925613,AAPL,256.69,2025-10-17,10,100.0,CALL,146.12,156.6,157.1,5,20,2.1523,0.9977,0.0001,-0.0457,0.0031,0.0272,2.5669,156.69,0.0,fdce4c6c410e,2025-10-06
2025-10-06,2025-10-06 18:30:56.926283,AAPL,256.69,2025-10-17,10,105.0,CALL,110.26,122.4,124.25,2,14,0.0,1.0,0.0,-0.0129,0.0,0.0287,2.4447,151.69,0.0,1472ee1d37a9,2025-10-06
2025-10-06,2025-10-06 18:30:56.926679,AAPL,256.69,2025-10-17,10,110.0,CALL,121.0,146.15,147.15,345,462,2.2461,0.9932,0.0002,-0.1037,0.0081,0.0296,2.3335,146.69,0.0,13a6f75db849,2025-10-06
2025-10-06,2025-10-06 18:30:56.927085,AAPL,256.69,2025-10-17,10,115.0,CALL,112.7,129.8,132.05,1,99,0.0,1.0,0.0,-0.0142,0.0,0.0315,2.2321,141.69,0.0,0d1841f4d343,2025-10-06
2025-10-06,2025-10-06 18:30:56.927482,AAPL,256.69,2025-10-17,10,120.0,CALL,91.56,107.8,109.05,1,67,0.0,1.0,0.0,-0.0148,0.0,0.0328,2.1391,136.69,0.0,faaf163f3252,2025-10-06
2025-10-06,2025-10-06 18:30:56.927884,AAPL,256.69,2025-10-17,10,125.0,CALL,114.66,131.65,132.2,3,19,1.7578,0.9956,0.0002,-0.063,0.0054,0.0339,2.0535,131.69,0.0,44037398b811,2025-10-06
2025-10-06,2025-10-06 18:30:56.928281,AAPL,256.69,2025-10-17,10,130.0,CALL,124.4,126.15,127.4,10,164,1.4766,0.9982,0.0001,-0.034,0.0025,0.0354,1.9745,126.69,0.0,3ec373055b00,2025-10-06
2025-10-06,2025-10-06 18:30:56.928671,AAPL,256.69,2025-10-17,10,135.0,CALL,122.28,121.1,122.15,1,73,1.7471,0.9911,0.0003,-0.1054,0.0102,0.0363,1.9014,121.69,0.59,16cafacf157a,2025-10-06
2025-10-06,2025-10-06 18:30:56.929063,AAPL,256.69,2025-10-17,10,140.0,CALL,117.6,116.7,117.15,1,82,1.5039,0.9948,0.0002,-0.0646,0.0063,0.0379,1.8335,116.69,0.91,d7f64d77efd1,2025-10-06
2025-10-06,2025-10-06 18:30:56.929454,AAPL,256.69,2025-10-17,10,145.0,CALL,109.53,111.05,112.05,1,178,1.5147,0.992,0.0003,-0.0882,0.0093,0.0391,1.7703,111.69,0.0,cb2be17e4b3b,2025-10-06
2025-10-06,2025-10-06 18:30:56.929840,AAPL,256.69,2025-10-17,10,150.0,CALL,108.65,106.8,107.1,3,718,1.3672,0.9937,0.0003,-0.0701,0.0076,0.0406,1.7113,106.69,1.96,07325b02ca65,2025-10-06
2025-10-06,2025-10-06 18:30:56.930235,AAPL,256.69,2025-10-17,10,155.0,CALL,103.37,101.6,102.05,2,176,1.1836,0.9963,0.0002,-0.0467,0.0047,0.0421,1.6561,101.69,1.68,c40d5e1d8325,2025-10-06
2025-10-06,2025-10-06 18:30:56.930625,AAPL,256.69,2025-10-17,10,160.0,CALL,97.5,96.0,97.5,1,299,1.0156,0.9982,0.0001,-0.0324,0.0025,0.0436,1.6043,96.69,0.81,f972f067f890,2025-10-06
2025-10-06,2025-10-06 18:30:56.931017,AAPL,256.69,2025-10-17,10,165.0,CALL,91.25,91.8,92.2,2,234,1.1787,0.9911,0.0005,-0.0804,0.0102,0.0445,1.5557,91.69,0.0,d765faec2130,2025-10-06
2025-10-06,2025-10-06 18:30:56.931401,AAPL,256.69,2025-10-17,10,170.0,CALL,87.4,86.1,87.55,17,655,0.9863,0.9955,0.0003,-0.0483,0.0056,0.0462,1.5099,86.69,0.71,59e51758c3f8,2025-10-06
2025-10-06,2025-10-06 18:30:56.931738,AAPL,256.69,2025-10-17,10,175.0,CALL,84.25,81.75,82.1,11,1033,0.9971,0.992,0.0005,-0.0675,0.0093,0.0473,1.4668,81.69,2.56,3a4cca297bd7,2025-10-06
2025-10-06,2025-10-06 18:30:56.932081,AAPL,256.69,2025-10-17,10,180.0,CALL,76.5,76.85,77.15,7,1747,0.9727,0.9891,0.0007,-0.0813,0.0122,0.0484,1.4261,76.69,0.0,90b29b554430,2025-10-06
2025-10-06,2025-10-06 18:30:56.932417,AAPL,256.69,2025-10-17,10,185.0,CALL,71.81,71.75,72.1,6,650,0.8691,0.9908,0.0007,-0.0683,0.0105,0.0499,1.3875,71.69,0.12,1c85a8480c76,2025-10-06
2025-10-06,2025-10-06 18:30:56.932749,AAPL,256.69,2025-10-17,10,190.0,CALL,68.08,66.75,68.1,2,1396,0.9819,0.9738,0.0015,-0.1493,0.0258,0.05,1.351,66.69,1.39,4ad0d4980f59,2025-10-06
2025-10-06,2025-10-06 18:30:56.933089,AAPL,256.69,2025-10-17,10,195.0,CALL,61.85,61.8,62.15,44,1879,0.7686,0.9873,0.001,-0.0773,0.014,0.0524,1.3164,61.69,0.16,6ebd1640aa86,2025-10-06
2025-10-06,2025-10-06 18:30:56.933423,AAPL,256.69,2025-10-17,10,200.0,CALL,56.67,56.9,57.2,13,2965,0.7354,0.983,0.0013,-0.0898,0.0179,0.0535,1.2834,56.69,0.0,38804f77a00f,2025-10-06
2025-10-06,2025-10-06 18:30:56.933759,AAPL,256.69,2025-10-17,10,205.0,CALL,52.26,51.8,52.15,6115,11049,0.647,0.9848,0.0014,-0.0774,0.0163,0.055,1.2521,51.69,0.57,fb98dcedb506,2025-10-06
2025-10-06,2025-10-06 18:30:56.934100,AAPL,256.69,2025-10-17,10,210.0,CALL,46.85,46.85,47.2,142,20330,0.6045,0.9807,0.0018,-0.0855,0.0199,0.0561,1.2223,46.69,0.16,6985a1b5474c,2025-10-06
2025-10-06,2025-10-06 18:30:56.934441,AAPL,256.69,2025-10-17,10,215.0,CALL,42.46,41.95,42.2,103,13104,0.5586,0.9759,0.0024,-0.0928,0.024,0.0571,1.1939,41.69,0.77,4b738164a1e3,2025-10-06
2025-10-06,2025-10-06 18:30:56.934778,AAPL,256.69,2025-10-17,10,217.5,CALL,39.85,39.0,39.9,2,46,0.5991,0.9584,0.0035,-0.1386,0.0378,0.0565,1.1802,39.19,0.66,c7fb530539d5,2025-10-06
2025-10-06,2025-10-06 18:30:56.935117,AAPL,256.69,2025-10-17,10,220.0,CALL,37.1,37.0,37.45,355,13488,0.5322,0.9648,0.0034,-0.1138,0.033,0.0576,1.1668,36.69,0.41,4b4de81f12ca,2025-10-06
2025-10-06,2025-10-06 18:30:56.935453,AAPL,256.69,2025-10-17,10,222.5,CALL,35.29,34.3,34.95,2,15,0.5415,0.9509,0.0044,-0.1428,0.0432,0.0573,1.1537,34.19,1.1,f20edff543ba,2025-10-06
2025-10-06,2025-10-06 18:30:56.935798,AAPL,256.69,2025-10-17,10,225.0,CALL,32.17,32.0,32.25,138,13700,0.4736,0.9587,0.0044,-0.1154,0.0376,0.0586,1.1408,31.69,0.48,9792b0108096,2025-10-06
2025-10-06,2025-10-06 18:30:56.936136,AAPL,256.69,2025-10-17,10,227.5,CALL,29.95,29.2,30.8,3,133,0.5828,0.9053,0.0068,-0.2336,0.0716,0.0553,1.1283,29.19,0.76,a47864458e35,2025-10-06
2025-10-06,2025-10-06 18:30:56.936478,AAPL,256.69,2025-10-17,10,230.0,CALL,27.47,27.1,27.3,351,20779,0.4185,0.9492,0.0059,-0.1195,0.0444,0.0593,1.116,26.69,0.78,afa14a5f522d,2025-10-06
2025-10-06,2025-10-06 18:30:56.936815,AAPL,256.69,2025-10-17,10,232.5,CALL,24.68,24.1,24.9,24,52,0.4011,0.9385,0.0071,-0.1301,0.0516,0.0592,1.104,24.19,0.49,4861c8073c3c,2025-10-06
2025-10-06,2025-10-06 18:30:56.937151,AAPL,256.69,2025-10-17,10,235.0,CALL,22.63,22.15,22.4,552,17759,0.3679,0.9332,0.0083,-0.1279,0.055,0.0595,1.0923,21.69,0.94,6c8185dcb485,2025-10-06
2025-10-06,2025-10-06 18:30:56.937462,AAPL,256.69,2025-10-17,10,237.5,CALL,19.74,19.15,20.0,9,212,0.3469,0.9197,0.0101,-0.1365,0.0633,0.0592,1.0808,19.19,0.55,b1aee4e65899,2025-10-06
2025-10-06,2025-10-06 18:30:56.937764,AAPL,256.69,2025-10-17,10,240.0,CALL,17.62,17.35,17.6,1010,27697,0.3232,0.9043,0.0124,-0.1432,0.0722,0.0588,1.0695,16.69,0.93,dcb8eaf5f93b,2025-10-06
2025-10-06,2025-10-06 18:30:56.938061,AAPL,256.69,2025-10-17,10,242.5,CALL,15.05,15.0,15.25,24,332,0.3023,0.8823,0.0154,-0.1528,0.0839,0.0579,1.0585,14.19,0.86,9e2f0655d893,2025-10-06
2025-10-06,2025-10-06 18:30:56.938365,AAPL,256.69,2025-10-17,10,245.0,CALL,13.26,12.8,13.0,434,17014,0.2861,0.8494,0.0192,-0.1674,0.0993,0.0562,1.0477,11.69,1.57,f91ecac9fe3f,2025-10-06
2025-10-06,2025-10-06 18:30:56.938669,AAPL,256.69,2025-10-17,10,247.5,CALL,10.9,10.65,10.85,374,2572,0.2719,0.8051,0.0239,-0.1833,0.1171,0.0537,1.0371,9.19,1.71,64b5a5d2097d,2025-10-06
2025-10-06,2025-10-06 18:30:56.938979,AAPL,256.69,2025-10-17,10,250.0,CALL,8.8,8.65,8.8,4147,32964,0.2576,0.7485,0.0291,-0.1971,0.1355,0.0503,1.0268,6.69,2.11,41f7ec833f91,2025-10-06
2025-10-06,2025-10-06 18:30:56.939285,AAPL,256.69,2025-10-17,10,252.5,CALL,6.95,6.85,6.95,943,2620,0.2471,0.6747,0.0343,-0.2095,0.153,0.0456,1.0166,4.19,2.76,5f91c783fae3,2025-10-06
2025-10-06,2025-10-06 18:30:56.939590,AAPL,256.69,2025-10-17,10,255.0,CALL,5.3,5.25,5.35,15049,20665,0.2407,0.5858,0.0381,-0.2171,0.1656,0.0398,1.0066,1.69,3.61,3b5abc0af5b7,2025-10-06
2025-10-06,2025-10-06 18:30:56.939888,AAPL,256.69,2025-10-17,10,257.5,CALL,3.9,3.9,3.95,16196,9232,0.2335,0.4879,0.0402,-0.2128,0.1694,0.0333,0.9969,0.0,3.9,9b8f745e98f7,2025-10-06
2025-10-06,2025-10-06 18:30:56.940196,AAPL,256.69,2025-10-17,10,260.0,CALL,2.82,2.79,2.9,17517,30014,0.2332,0.3895,0.0387,-0.202,0.163,0.0267,0.9873,0.0,2.82,d75875e7c269,2025-10-06
2025-10-06,2025-10-06 18:30:56.940495,AAPL,256.69,2025-10-17,10,262.5,CALL,1.96,1.94,1.98,4416,9393,0.2274,0.2936,0.0356,-0.1754,0.1463,0.0202,0.9779,0.0,1.96,6c7391eab04e,2025-10-06
2025-10-06,2025-10-06 18:30:56.940795,AAPL,256.69,2025-10-17,10,265.0,CALL,1.34,1.32,1.36,13489,16243,0.2277,0.2136,0.0301,-0.1474,0.1237,0.0147,0.9686,0.0,1.34,fcc3a9958741,2025-10-06
2025-10-06,2025-10-06 18:30:56.941098,AAPL,256.69,2025-10-17,10,267.5,CALL,0.9,0.89,0.91,2876,3179,0.2283,0.1491,0.0239,-0.1173,0.0987,0.0103,0.9596,0.0,0.9,4893d82598e1,2025-10-06
2025-10-06,2025-10-06 18:30:56.941404,AAPL,256.69,2025-10-17,10,270.0,CALL,0.6,0.6,0.61,8261,21894,0.231,0.1019,0.0181,-0.0904,0.0756,0.007,0.9507,0.0,0.6,96a4df72b4ed,2025-10-06
2025-10-06,2025-10-06 18:30:56.941705,AAPL,256.69,2025-10-17,10,272.5,CALL,0.41,0.4,0.42,780,829,0.2363,0.0699,0.0134,-0.0695,0.057,0.0048,0.942,0.0,0.41,83c6b75175a6,2025-10-06
2025-10-06,2025-10-06 18:30:56.942009,AAPL,256.69,2025-10-17,10,275.0,CALL,0.28,0.27,0.29,1646,13591,0.242,0.0475,0.0096,-0.0524,0.0421,0.0033,0.9334,0.0,0.28,7df601674717,2025-10-06
2025-10-06,2025-10-06 18:30:56.942312,AAPL,256.69,2025-10-17,10,280.0,CALL,0.15,0.14,0.15,1085,11961,0.2568,0.0231,0.005,-0.0305,0.0232,0.0016,0.9167,0.0,0.15,4d8962ed54f4,2025-10-06
2025-10-06,2025-10-06 18:30:56.942614,AAPL,256.69,2025-10-17,10,285.0,CALL,0.08,0.07,0.08,282,3442,0.2715,0.0114,0.0026,-0.0175,0.0127,0.0008,0.9007,0.0,0.08,7a867d642472,2025-10-06
2025-10-06,2025-10-06 18:30:56.942918,AAPL,256.69,2025-10-17,10,290.0,CALL,0.05,0.04,0.05,365,4036,0.291,0.0065,0.0015,-0.0115,0.0078,0.0005,0.8851,0.0,0.05,79587e661095,2025-10-06
2025-10-06,2025-10-06 18:30:56.943219,AAPL,256.69,2025-10-17,10,295.0,CALL,0.02,0.02,0.03,271,4281,0.3066,0.0036,0.0008,-0.0071,0.0045,0.0002,0.8701,0.0,0.02,6a313752f51a,2025-10-06
2025-10-06,2025-10-06 18:30:56.943494,AAPL,256.69,2025-10-17,10,300.0,CALL,0.02,0.01,0.02,687,12996,0.3242,0.0021,0.0005,-0.0047,0.0029,0.0001,0.8556,0.0,0.02,59c62d040eaa,2025-10-06
2025-10-06,2025-10-06 18:30:56.943773,AAPL,256.69,2025-10-17,10,305.0,CALL,0.02,0.0,0.02,5,636,0.3555,0.002,0.0004,-0.0048,0.0027,0.0001,0.8416,0.0,0.02,b51026c38587,2025-10-06
2025-10-06,2025-10-06 18:30:56.944054,AAPL,256.69,2025-10-17,10,310.0,CALL,0.01,0.0,0.01,41,1768,0.3594,0.0009,0.0002,-0.0024,0.0013,0.0001,0.828,0.0,0.01,26cc31a1c80d,2025-10-06
2025-10-06,2025-10-06 18:30:56.944333,AAPL,256.69,2025-10-17,10,315.0,CALL,0.01,0.0,0.01,13,626,0.3828,0.0007,0.0002,-0.0021,0.0011,0.0001,0.8149,0.0,0.01,365ab33c1263,2025-10-06
2025-10-06,2025-10-06 18:30:56.944614,AAPL,256.69,2025-10-17,10,320.0,CALL,0.01,0.0,0.01,2,1571,0.4141,0.0008,0.0002,-0.0024,0.0011,0.0001,0.8022,0.0,0.01,c69640354ffd,2025-10-06
2025-10-06,2025-10-06 18:30:56.944895,AAPL,256.69,2025-10-17,10,325.0,CALL,0.01,0.0,0.01,3,642,0.4375,0.0007,0.0001,-0.0022,0.001,0.0,0.7898,0.0,0.01,34919480bc57,2025-10-06
2025-10-06,2025-10-06 18:30:56.945179,AAPL,256.69,2025-10-17,10,330.0,CALL,0.01,0.0,0.01,11,885,0.4609,0.0006,0.0001,-0.0021,0.0009,0.0,0.7778,0.0,0.01,9861cb722bb3,2025-10-06
2025-10-06,2025-10-06 18:30:56.945468,AAPL,256.69,2025-10-17,10,335.0,CALL,0.01,0.0,0.01,20,82,0.4922,0.0007,0.0001,-0.0024,0.001,0.0,0.7662,0.0,0.01,9c0017169c84,2025-10-06
2025-10-06,2025-10-06 18:30:56.945748,AAPL,256.69,2025-10-17,10,340.0,CALL,0.01,0.0,0.01,35,153,0.5156,0.0006,0.0001,-0.0023,0.0009,0.0,0.755,0.0,0.01,867e0e0535d2,2025-10-06
2025-10-06,2025-10-06 18:30:56.946030,AAPL,256.69,2025-10-17,10,345.0,CALL,0.01,0.0,0.01,1,391,0.5156,0.0003,0.0001,-0.0013,0.0005,0.0,0.744,0.0,0.01,a6dcd5549ed7,2025-10-06
2025-10-06,2025-10-06 18:30:56.946319,AAPL,256.69,2025-10-17,10,350.0,CALL,0.01,0.0,0.0,150,450,0.25,0.0,0.0,-0.0,0.0,0.0,0.7334,0.0,0.01,e9d1aae104d3,2025-10-06
2025-10-06,2025-10-06 18:30:56.946598,AAPL,256.69,2025-10-17,10,355.0,CALL,0.01,0.0,0.01,25,225,0.5469,0.0002,0.0,-0.0009,0.0003,0.0,0.7231,0.0,0.01,93dce602dd02,2025-10-06
2025-10-06,2025-10-06 18:30:56.946879,AAPL,256.69,2025-10-17,10,360.0,CALL,0.01,0.0,0.01,1,1497,0.5781,0.0003,0.0,-0.0012,0.0004,0.0,0.713,0.0,0.01,ba3688c218a1,2025-10-06
2025-10-06,2025-10-06 18:30:56.947160,AAPL,256.69,2025-10-17,10,370.0,CALL,0.01,0.0,0.01,16,2844,0.625,0.0003,0.0,-0.0013,0.0004,0.0,0.6938,0.0,0.01,aac810e8f9e2,2025-10-06
2025-10-06,2025-10-06 18:30:56.947534,AAPL,256.69,2025-10-17,10,90.0,PUT,0.01,0.0,0.01,6,955,1.75,-0.0001,0.0,-0.0012,0.0001,-0.0,2.8521,0.0,0.01,0e578f8ebcd2,2025-10-06
2025-10-06,2025-10-06 18:30:56.947819,AAPL,256.69,2025-10-17,10,95.0,PUT,0.01,0.0,0.01,1,1135,1.625,-0.0001,0.0,-0.0009,0.0001,-0.0,2.702,0.0,0.01,7f6f581b39b4,2025-10-06
2025-10-06,2025-10-06 18:30:56.948103,AAPL,256.69,2025-10-17,10,100.0,PUT,0.01,0.0,0.01,3,860,1.5625,-0.0001,0.0,-0.001,0.0001,-0.0,2.5669,0.0,0.01,5f4822044369,2025-10-06
2025-10-06,2025-10-06 18:30:56.948388,AAPL,256.69,2025-10-17,10,105.0,PUT,0.02,0.0,0.01,1,292,1.5,-0.0001,0.0,-0.0012,0.0002,-0.0,2.4447,0.0,0.02,a2553b788541,2025-10-06
2025-10-06,2025-10-06 18:30:56.948673,AAPL,256.69,2025-10-17,10,110.0,PUT,0.01,0.0,0.01,5,615,1.4063,-0.0001,0.0,-0.001,0.0001,-0.0,2.3335,0.0,0.01,a4c7cf82ca6e,2025-10-06
2025-10-06,2025-10-06 18:30:56.948955,AAPL,256.69,2025-10-17,10,115.0,PUT,0.01,0.0,0.01,20,595,1.3438,-0.0001,0.0,-0.0011,0.0002,-0.0,2.2321,0.0,0.01,b0cd82c56dce,2025-10-06
2025-10-06,2025-10-06 18:30:56.949230,AAPL,256.69,2025-10-17,10,120.0,PUT,0.01,0.0,0.01,1,5856,1.25,-0.0001,0.0,-0.0008,0.0001,-0.0,2.1391,0.0,0.01,fc98981269a2,2025-10-06
2025-10-06,2025-10-06 18:30:56.949493,AAPL,256.69,2025-10-17,10,125.0,PUT,0.01,0.0,0.01,40,1704,1.1875,-0.0001,0.0,-0.0008,0.0001,-0.0,2.0535,0.0,0.01,e6fe2022dcd5,2025-10-06
2025-10-06,2025-10-06 18:30:56.949756,AAPL,256.69,2025-10-17,10,130.0,PUT,0.01,0.0,0.01,77,1185,1.125,-0.0001,0.0,-0.0008,0.0001,-0.0,1.9745,0.0,0.01,1f0763d38d5a,2025-10-06
2025-10-06,2025-10-06 18:30:56.950016,AAPL,256.69,2025-10-17,10,135.0,PUT,0.02,0.0,0.01,1,1455,1.0938,-0.0001,0.0,-0.0012,0.0002,-0.0,1.9014,0.0,0.02,c409132e7f17,2025-10-06
2025-10-06,2025-10-06 18:30:56.950276,AAPL,256.69,2025-10-17,10,140.0,PUT,0.01,0.0,0.01,3,2450,1.0313,-0.0001,0.0,-0.0011,0.0002,-0.0,1.8335,0.0,0.01,083dd2713fd0,2025-10-06
2025-10-06,2025-10-06 18:30:56.950538,AAPL,256.69,2025-10-17,10,145.0,PUT,0.02,0.0,0.01,159,4240,0.9688,-0.0001,0.0,-0.001,0.0002,-0.0,1.7703,0.0,0.02,2ba559017f23,2025-10-06
2025-10-06,2025-10-06 18:30:56.950799,AAPL,256.69,2025-10-17,10,150.0,PUT,0.01,0.0,0.01,9,11351,0.9063,-0.0001,0.0,-0.0009,0.0002,-0.0,1.7113,0.0,0.01,428618d30521,2025-10-06
2025-10-06,2025-10-06 18:30:56.951059,AAPL,256.69,2025-10-17,10,155.0,PUT,0.02,0.0,0.01,105,3080,0.8594,-0.0001,0.0,-0.001,0.0002,-0.0,1.6561,0.0,0.02,0601298ae158,2025-10-06
2025-10-06,2025-10-06 18:30:56.951321,AAPL,256.69,2025-10-17,10,160.0,PUT,0.01,0.0,0.02,27,14170,0.8594,-0.0003,0.0,-0.0022,0.0005,-0.0,1.6043,0.0,0.01,8e69f3eeaec5,2025-10-06
2025-10-06,2025-10-06 18:30:56.951581,AAPL,256.69,2025-10-17,10,165.0,PUT,0.02,0.0,0.02,5,6561,0.7969,-0.0003,0.0,-0.0019,0.0005,-0.0,1.5557,0.0,0.02,bf60d23133c3,2025-10-06
2025-10-06,2025-10-06 18:30:56.951839,AAPL,256.69,2025-10-17,10,170.0,PUT,0.02,0.01,0.02,5,7268,0.7813,-0.0006,0.0001,-0.0032,0.0008,-0.0,1.5099,0.0,0.02,f631f8fa2d00,2025-10-06
2025-10-06,2025-10-06 18:30:56.952101,AAPL,256.69,2025-10-17,10,175.0,PUT,0.02,0.01,0.03,50,5420,0.75,-0.0008,0.0001,-0.0043,0.0012,-0.0001,1.4668,0.0,0.02,c9f246656796,2025-10-06
2025-10-06,2025-10-06 18:30:56.952360,AAPL,256.69,2025-10-17,10,180.0,PUT,0.02,0.01,0.03,46,12067,0.6953,-0.0008,0.0001,-0.0041,0.0012,-0.0001,1.4261,0.0,0.02,19914570adf9,2025-10-06
2025-10-06,2025-10-06 18:30:56.952619,AAPL,256.69,2025-10-17,10,185.0,PUT,0.03,0.02,0.04,234,10075,0.6719,-0.0013,0.0001,-0.0061,0.0018,-0.0001,1.3875,0.0,0.03,2ccb7a01fb62,2025-10-06
2025-10-06,2025-10-06 18:30:56.952881,AAPL,256.69,2025-10-17,10,190.0,PUT,0.03,0.02,0.04,62,14029,0.625,-0.0015,0.0002,-0.0064,0.002,-0.0001,1.351,0.0,0.03,4318dc07d0ec,2025-10-06
2025-10-06,2025-10-06 18:30:56.953141,AAPL,256.69,2025-10-17,10,195.0,PUT,0.03,0.02,0.04,515,9798,0.5742,-0.0016,0.0002,-0.0062,0.0022,-0.0001,1.3164,0.0,0.03,a43e4524e7c6,2025-10-06
2025-10-06,2025-10-06 18:30:56.953399,AAPL,256.69,2025-10-17,10,200.0,PUT,0.03,0.03,0.05,86,16772,0.543,-0.0023,0.0003,-0.0082,0.003,-0.0002,1.2834,0.0,0.03,f945d449d95c,2025-10-06
2025-10-06,2025-10-06 18:30:56.953672,AAPL,256.69,2025-10-17,10,205.0,PUT,0.05,0.05,0.06,503,12069,0.5137,-0.0034,0.0005,-0.0112,0.0044,-0.0002,1.2521,0.0,0.05,b3560050e1ec,2025-10-06
2025-10-06,2025-10-06 18:30:56.953932,AAPL,256.69,2025-10-17,10,210.0,PUT,0.05,0.05,0.06,835,28770,0.4688,-0.0041,0.0006,-0.012,0.0052,-0.0003,1.2223,0.0,0.05,66dc144435b9,2025-10-06
2025-10-06,2025-10-06 18:30:56.954197,AAPL,256.69,2025-10-17,10,215.0,PUT,0.07,0.07,0.08,396,16852,0.4356,-0.006,0.0009,-0.0156,0.0072,-0.0004,1.1939,0.0,0.07,ac4687b31724,2025-10-06
2025-10-06,2025-10-06 18:30:56.954457,AAPL,256.69,2025-10-17,10,217.5,PUT,0.08,0.06,0.08,41,481,0.4102,-0.0063,0.001,-0.0154,0.0076,-0.0005,1.1802,0.0,0.08,fc1693424feb,2025-10-06
2025-10-06,2025-10-06 18:30:56.954722,AAPL,256.69,2025-10-17,10,220.0,PUT,0.08,0.08,0.09,165,20069,0.3926,-0.0077,0.0013,-0.0173,0.009,-0.0005,1.1668,0.0,0.08,1380aef85a7e,2025-10-06
2025-10-06,2025-10-06 18:30:56.954981,AAPL,256.69,2025-10-17,10,222.5,PUT,0.11,0.09,0.1,13,308,0.3731,-0.009,0.0015,-0.019,0.0103,-0.0006,1.1537,0.0,0.11,ea97006bd3ce,2025-10-06
2025-10-06,2025-10-06 18:30:56.955237,AAPL,256.69,2025-10-17,10,225.0,PUT,0.11,0.1,0.12,864,11579,0.3574,-0.0114,0.002,-0.0223,0.0127,-0.0008,1.1408,0.0,0.11,56391346fb4b,2025-10-06
2025-10-06,2025-10-06 18:30:56.955481,AAPL,256.69,2025-10-17,10,227.5,PUT,0.14,0.12,0.13,104,1307,0.3355,-0.0131,0.0024,-0.0235,0.0143,-0.0009,1.1283,0.0,0.14,0ab3e7714c04,2025-10-06
2025-10-06,2025-10-06 18:30:56.955729,AAPL,256.69,2025-10-17,10,230.0,PUT,0.16,0.15,0.16,1232,13145,0.3203,-0.017,0.0031,-0.0281,0.0179,-0.0012,1.116,0.0,0.16,e7e4c84742cf,2025-10-06
2025-10-06,2025-10-06 18:30:56.955977,AAPL,256.69,2025-10-17,10,232.5,PUT,0.21,0.18,0.2,74,1913,0.3057,-0.0224,0.0041,-0.0339,0.0227,-0.0016,1.104,0.0,0.21,be519109d925,2025-10-06
2025-10-06,2025-10-06 18:30:56.956227,AAPL,256.69,2025-10-17,10,235.0,PUT,0.26,0.24,0.25,536,10528,0.2905,-0.0297,0.0055,-0.0407,0.0287,-0.0021,1.0923,0.0,0.26,838fb753bb9d,2025-10-06
2025-10-06,2025-10-06 18:30:56.956471,AAPL,256.69,2025-10-17,10,237.5,PUT,0.31,0.31,0.33,327,1297,0.2778,-0.041,0.0074,-0.0506,0.0373,-0.0029,1.0808,0.0,0.31,796b40d422ac,2025-10-06
2025-10-06,2025-10-06 18:30:56.956714,AAPL,256.69,2025-10-17,10,240.0,PUT,0.42,0.43,0.45,1953,12764,0.2669,-0.058,0.0102,-0.0639,0.0493,-0.0042,1.0695,0.0,0.42,d6382f984b9b,2025-10-06
2025-10-06,2025-10-06 18:30:56.956962,AAPL,256.69,2025-10-17,10,242.5,PUT,0.6,0.59,0.62,565,4188,0.2564,-0.0822,0.0139,-0.08,0.0645,-0.0059,1.0585,0.0,0.6,676207140a6d,2025-10-06
2025-10-06,2025-10-06 18:30:56.957207,AAPL,256.69,2025-10-17,10,245.0,PUT,0.83,0.84,0.87,1678,6387,0.2474,-0.1173,0.0187,-0.0997,0.0836,-0.0084,1.0477,0.0,0.83,ae9c8483dd92,2025-10-06
2025-10-06,2025-10-06 18:30:56.957449,AAPL,256.69,2025-10-17,10,247.5,PUT,1.18,1.15,1.26,1383,5059,0.2422,-0.1685,0.0244,-0.124,0.1069,-0.0121,1.0371,0.0,1.18,9a572af3fae2,2025-10-06
2025-10-06,2025-10-06 18:30:56.957696,AAPL,256.69,2025-10-17,10,250.0,PUT,1.69,1.68,1.71,7792,11127,0.2316,-0.2296,0.0308,-0.1418,0.1289,-0.0165,1.0268,0.0,1.69,ebf2ff1ee240,2025-10-06
2025-10-06,2025-10-06 18:30:56.957939,AAPL,256.69,2025-10-17,10,252.5,PUT,2.37,2.3,2.48,2190,3411,0.2308,-0.3149,0.0362,-0.164,0.1509,-0.0227,1.0166,0.0,2.37,167e734526d2,2025-10-06
2025-10-06,2025-10-06 18:30:56.958185,AAPL,256.69,2025-10-17,10,255.0,PUT,3.23,3.2,3.3,4486,6494,0.221,-0.4081,0.0414,-0.1691,0.165,-0.0295,1.0066,0.0,3.23,4b5f304585b8,2025-10-06
2025-10-06,2025-10-06 18:30:56.958431,AAPL,256.69,2025-10-17,10,257.5,PUT,4.37,4.35,4.45,1725,3050,0.2168,-0.5142,0.0433,-0.1669,0.1694,-0.0372,0.9969,0.81,3.56,170fb1224c79,2025-10-06
2025-10-06,2025-10-06 18:30:56.958677,AAPL,256.69,2025-10-17,10,260.0,PUT,5.7,5.7,5.85,995,2541,0.2129,-0.6221,0.042,-0.1516,0.1615,-0.0452,0.9873,3.31,2.39,c727fc13ea02,2025-10-06
2025-10-06,2025-10-06 18:30:56.958925,AAPL,256.69,2025-10-17,10,262.5,PUT,7.45,7.4,7.5,184,192,0.2094,-0.7234,0.0376,-0.1251,0.1422,-0.0528,0.9779,5.81,1.64,68574bafe046,2025-10-06
2025-10-06,2025-10-06 18:30:56.959177,AAPL,256.69,2025-10-17,10,265.0,PUT,9.1,9.3,9.45,94,426,0.2117,-0.8042,0.0307,-0.0977,0.1174,-0.059,0.9686,8.31,0.79,4cb0954fe153,2025-10-06
2025-10-06,2025-10-06 18:30:56.959422,AAPL,256.69,2025-10-17,10,267.5,PUT,11.6,11.3,11.55,93,90,0.2131,-0.8679,0.0236,-0.068,0.0909,-0.0641,0.9596,10.81,0.79,9f9a9dce480f,2025-10-06
2025-10-06,2025-10-06 18:30:56.959668,AAPL,256.69,2025-10-17,10,270.0,PUT,13.36,13.55,13.75,92,181,0.2114,-0.918,0.0169,-0.0373,0.0644,-0.0682,0.9507,13.31,0.05,9fc638450368,2025-10-06
2025-10-06,2025-10-06 18:30:56.959918,AAPL,256.69,2025-10-17,10,272.5,PUT,16.5,15.75,16.35,4,2,0.252,-0.9166,0.0143,-0.0511,0.0652,-0.0688,0.942,15.81,0.69,7031d61da3fc,2025-10-06
2025-10-06,2025-10-06 18:30:56.960166,AAPL,256.69,2025-10-17,10,275.0,PUT,17.5,17.95,19.0,1,101,0.2983,-0.9108,0.0127,-0.0712,0.0685,-0.0691,0.9334,18.31,0.0,c7982fcfe45d,2025-10-06
2025-10-06,2025-10-06 18:30:56.960408,AAPL,256.69,2025-10-17,10,280.0,PUT,23.65,23.1,23.55,5,7,0.2798,-0.9662,0.0063,-0.0113,0.0319,-0.0743,0.9167,23.31,0.34,e7a8facede19,2025-10-06
2025-10-06,2025-10-06 18:30:56.960651,AAPL,256.69,2025-10-17,10,285.0,PUT,27.05,28.05,28.55,6,0,0.3247,-0.9711,0.0048,-0.0113,0.0281,-0.076,0.9007,28.31,0.0,610d83505f4b,2025-10-06
2025-10-06,2025-10-06 18:30:56.960901,AAPL,256.69,2025-10-17,10,290.0,PUT,31.75,33.1,33.55,3,3,0.3677,-0.9747,0.0038,-0.0112,0.0251,-0.0776,0.8851,33.31,0.0,f5e308c82739,2025-10-06
2025-10-06,2025-10-06 18:30:56.961140,AAPL,256.69,2025-10-17,10,295.0,PUT,68.15,38.05,38.95,2,0,0.4944,-0.9499,0.0049,-0.0737,0.0439,-0.0773,0.8701,38.31,29.84,7eaacfe95156,2025-10-06
2025-10-06,2025-10-06 18:30:56.961376,AAPL,256.69,2025-10-17,10,300.0,PUT,44.1,43.1,43.9,3,0,0.5308,-0.957,0.0041,-0.0674,0.0388,-0.0792,0.8556,43.31,0.79,f4c5258101f8,2025-10-06
2025-10-06,2025-10-06 18:30:56.961614,AAPL,256.69,2025-10-17,10,305.0,PUT,48.05,48.05,48.95,2,0,0.5835,-0.9577,0.0036,-0.0755,0.0383,-0.0806,0.8416,48.31,0.0,d220c8257cc3,2025-10-06
2025-10-06,2025-10-06 18:30:56.961847,AAPL,256.69,2025-10-17,10,315.0,PUT,69.7,58.05,58.85,1,0,0.5195,-0.9899,0.0012,0.0088,0.0114,-0.0855,0.8149,58.31,11.39,0942341fe75c,2025-10-06
2025-10-06,2025-10-06 18:30:56.962083,AAPL,256.69,2025-10-17,10,320.0,PUT,65.4,63.0,63.95,1,0,0.5654,-0.9891,0.0012,0.0047,0.0122,-0.0868,0.8022,63.31,2.09,07924a4d8b43,2025-10-06
2025-10-06,2025-10-06 18:30:56.962316,AAPL,256.69,2025-10-17,10,330.0,PUT,98.75,95.7,96.25,0,0,2.4447,-0.6611,0.0035,-1.8683,0.1555,-0.0717,0.7778,73.31,25.44,dc103ac11be6,2025-10-06
2025-10-06,2025-10-06 18:30:56.962548,AAPL,256.69,2025-10-17,10,335.0,PUT,89.55,78.05,79.0,5,0,0.6885,-0.9884,0.001,-0.0036,0.0129,-0.0909,0.7662,78.31,11.24,df8bf88ae77d,2025-10-06
2025-10-06,2025-10-06 18:30:56.962782,AAPL,256.69,2025-10-17,10,355.0,PUT,157.02,0.0,0.0,0,0,0.0,-1.0,0.0,0.0437,0.0,-0.0971,0.7231,98.31,58.71,4a3300887ba7,2025-10-06
2025-10-06,2025-10-06 18:30:56.963018,AAPL,256.69,2025-10-17,10,360.0,PUT,162.01,0.0,0.0,0,0,0.0,-1.0,0.0,0.0443,0.0,-0.0985,0.713,103.31,58.7,5e28a1f7030e,2025-10-06
2025-10-06,2025-10-06 18:30:56.963250,AAPL,256.69,2025-10-17,10,370.0,PUT,159.95,141.9,142.5,0,0,3.2474,-0.6588,0.0027,-2.4935,0.1559,-0.0838,0.6938,113.31,46.64,a767ccf8c957,2025-10-06
2025-10-06,2025-10-06 18:30:57.081164,AAPL,256.69,2025-10-24,17,110.0,CALL,143.35,146.2,147.65,1,3,1.625,0.9953,0.0002,-0.0496,0.0076,0.0505,2.3335,146.69,0.0,7eef6a1c85c8,2025-10-06
2025-10-06,2025-10-06 18:30:57.081652,AAPL,256.69,2025-10-24,17,120.0,CALL,133.19,136.25,138.0,0,1,1.6035,0.9913,0.0003,-0.0764,0.0131,0.0546,2.1391,136.69,0.0,cab0f984ef99,2025-10-06
2025-10-06,2025-10-06 18:30:57.082139,AAPL,256.69,2025-10-24,17,125.0,CALL,133.49,131.25,132.4,3,3,1.3027,0.9966,0.0001,-0.0369,0.0057,0.0577,2.0535,131.69,1.8,560b6b82aefe,2025-10-06
2025-10-06,2025-10-06 18:30:57.082610,AAPL,256.69,2025-10-24,17,140.0,CALL,116.1,116.3,117.85,1,1,1.2822,0.9903,0.0004,-0.0712,0.0144,0.0638,1.8335,116.69,0.0,8e168f1810b9,2025-10-06
2025-10-06,2025-10-06 18:30:57.083089,AAPL,256.69,2025-10-24,17,160.0,CALL,94.18,96.45,97.95,0,1,1.0752,0.9847,0.0006,-0.0866,0.0213,0.0724,1.6043,96.69,0.0,c26a1f4c9733,2025-10-06
2025-10-06,2025-10-06 18:30:57.083567,AAPL,256.69,2025-10-24,17,165.0,CALL,90.95,91.5,92.45,1,2,0.9248,0.99,0.0005,-0.0603,0.0148,0.0754,1.5557,91.69,0.0,8d52b2e583ee,2025-10-06
2025-10-06,2025-10-06 18:30:57.084045,AAPL,256.69,2025-10-24,17,170.0,CALL,76.03,86.45,87.75,6,6,0.9199,0.9856,0.0007,-0.0753,0.0203,0.0772,1.5099,86.69,0.0,730123e96ddc,2025-10-06
2025-10-06,2025-10-06 18:30:57.084510,AAPL,256.69,2025-10-24,17,175.0,CALL,83.45,81.35,82.45,1,1,0.7793,0.9912,0.0006,-0.0515,0.0132,0.0802,1.4668,81.69,1.76,0c9ff3b8fef2,2025-10-06
2025-10-06,2025-10-06 18:30:57.084972,AAPL,256.69,2025-10-24,17,180.0,CALL,78.35,76.45,77.9,1,11,0.8315,0.9812,0.001,-0.0838,0.0255,0.0813,1.4261,76.69,1.66,872fab6ddc1d,2025-10-06
2025-10-06,2025-10-06 18:30:57.085443,AAPL,256.69,2025-10-24,17,185.0,CALL,69.8,71.85,72.3,1,2,0.7461,0.9833,0.001,-0.0726,0.023,0.0839,1.3875,71.69,0.0,98a6d64adc8b,2025-10-06
2025-10-06,2025-10-06 18:30:57.085924,AAPL,256.69,2025-10-24,17,190.0,CALL,67.62,66.55,67.5,1,18,0.6777,0.984,0.0011,-0.0671,0.0222,0.0863,1.351,66.69,0.93,f7b3a3297c10,2025-10-06
2025-10-06,2025-10-06 18:30:57.086328,AAPL,256.69,2025-10-24,17,195.0,CALL,63.2,61.4,62.9,1,8,0.6621,0.9778,0.0014,-0.0804,0.0293,0.0878,1.3164,61.69,1.51,0734b2cb4d88,2025-10-06
2025-10-06,2025-10-06 18:30:57.086723,AAPL,256.69,2025-10-24,17,200.0,CALL,57.95,56.55,57.55,10,66,0.5845,0.9802,0.0015,-0.0696,0.0266,0.0905,1.2834,56.69,1.26,19cb52d585f9,2025-10-06
2025-10-06,2025-10-06 18:30:57.087116,AAPL,256.69,2025-10-24,17,205.0,CALL,52.8,51.75,53.05,5,17,0.6091,0.9634,0.0024,-0.1035,0.0444,0.0907,1.2521,51.69,1.11,c2c79a4bb2aa,2025-10-06
2025-10-06,2025-10-06 18:30:57.087511,AAPL,256.69,2025-10-24,17,210.0,CALL,46.0,46.75,48.3,1,46,0.5754,0.955,0.003,-0.1132,0.0525,0.0919,1.2223,46.69,0.0,ef2721139dcd,2025-10-06
2025-10-06,2025-10-06 18:30:57.087911,AAPL,256.69,2025-10-24,17,215.0,CALL,43.14,41.7,42.5,1,122,0.5173,0.9517,0.0035,-0.1094,0.0555,0.0939,1.1939,41.69,1.45,cf441275e767,2025-10-06
2025-10-06,2025-10-06 18:30:57.088308,AAPL,256.69,2025-10-24,17,220.0,CALL,37.42,36.85,37.55,4,574,0.4702,0.9442,0.0043,-0.1114,0.0623,0.0953,1.1668,36.69,0.73,361b0e374e10,2025-10-06
2025-10-06,2025-10-06 18:30:57.088699,AAPL,256.69,2025-10-24,17,225.0,CALL,32.1,31.85,32.6,53,526,0.4221,0.9351,0.0054,-0.1126,0.0701,0.0965,1.1408,31.69,0.41,f3a8c278f3ed,2025-10-06
2025-10-06,2025-10-06 18:30:57.089096,AAPL,256.69,2025-10-24,17,230.0,CALL,27.65,27.45,27.7,156,1307,0.3779,0.9211,0.007,-0.1163,0.0815,0.0971,1.116,26.69,0.96,244260f6ad38,2025-10-06
2025-10-06,2025-10-06 18:30:57.089487,AAPL,256.69,2025-10-24,17,235.0,CALL,23.24,22.6,22.9,49,1872,0.3399,0.8978,0.0095,-0.1243,0.0988,0.0966,1.0923,21.69,1.55,c912af5a2903,2025-10-06
2025-10-06,2025-10-06 18:30:57.089879,AAPL,256.69,2025-10-24,17,240.0,CALL,18.22,18.0,18.2,110,2560,0.3032,0.8626,0.0131,-0.1336,0.1217,0.0946,1.0695,16.69,1.53,fe37fce7e397,2025-10-06
2025-10-06,2025-10-06 18:30:57.090271,AAPL,256.69,2025-10-24,17,245.0,CALL,13.56,13.6,13.85,132,2883,0.2791,0.7992,0.0182,-0.1512,0.1555,0.089,1.0477,11.69,1.87,41e3b7289c29,2025-10-06
2025-10-06,2025-10-06 18:30:57.090669,AAPL,256.69,2025-10-24,17,250.0,CALL,9.9,9.7,9.85,436,8376,0.2564,0.7064,0.0242,-0.165,0.1907,0.0798,1.0268,6.69,3.21,1ee5a059f4c3,2025-10-06
2025-10-06,2025-10-06 18:30:57.091058,AAPL,256.69,2025-10-24,17,255.0,CALL,6.5,6.4,6.5,1343,5022,0.2411,0.5766,0.0293,-0.1713,0.2169,0.0659,1.0066,1.69,4.81,5fa75cc92cd5,2025-10-06
2025-10-06,2025-10-06 18:30:57.091449,AAPL,256.69,2025-10-24,17,260.0,CALL,3.95,3.85,3.95,3727,15998,0.2316,0.4249,0.0305,-0.1608,0.2171,0.049,0.9873,0.0,3.95,7813c2457095,2025-10-06
2025-10-06,2025-10-06 18:30:57.091846,AAPL,256.69,2025-10-24,17,265.0,CALL,2.2,2.19,2.29,2235,5662,0.2304,0.2831,0.0265,-0.1357,0.1875,0.0328,0.9686,0.0,2.2,019b7f322d53,2025-10-06
2025-10-06,2025-10-06 18:30:57.092197,AAPL,256.69,2025-10-24,17,270.0,CALL,1.2,1.15,1.19,2352,8858,0.2271,0.1674,0.0199,-0.0979,0.1388,0.0195,0.9507,0.0,1.2,3169d5e6ae6a,2025-10-06
2025-10-06,2025-10-06 18:30:57.092534,AAPL,256.69,2025-10-24,17,275.0,CALL,0.65,0.6,0.62,380,5855,0.2302,0.0935,0.0131,-0.0655,0.0925,0.0109,0.9334,0.0,0.65,a4195a9c85f8,2025-10-06
2025-10-06,2025-10-06 18:30:57.092878,AAPL,256.69,2025-10-24,17,280.0,CALL,0.35,0.32,0.34,1273,2081,0.2383,0.0522,0.0081,-0.0431,0.0591,0.0061,0.9167,0.0,0.35,034600a76222,2025-10-06
2025-10-06,2025-10-06 18:30:57.093220,AAPL,256.69,2025-10-24,17,285.0,CALL,0.19,0.18,0.19,805,4652,0.2473,0.0291,0.0048,-0.0276,0.0368,0.0034,0.9007,0.0,0.19,a7f07b0283fc,2025-10-06
2025-10-06,2025-10-06 18:30:57.093559,AAPL,256.69,2025-10-24,17,290.0,CALL,0.12,0.11,0.12,289,4553,0.2607,0.0177,0.003,-0.0191,0.0242,0.0021,0.8851,0.0,0.12,0e4fa1888986,2025-10-06
2025-10-06,2025-10-06 18:30:57.093905,AAPL,256.69,2025-10-24,17,295.0,CALL,0.07,0.06,0.07,63,391,0.2695,0.01,0.0018,-0.012,0.0148,0.0012,0.8701,0.0,0.07,1715d2221a8d,2025-10-06
2025-10-06,2025-10-06 18:30:57.094244,AAPL,256.69,2025-10-24,17,300.0,CALL,0.04,0.03,0.05,59,1673,0.2852,0.0068,0.0012,-0.009,0.0105,0.0008,0.8556,0.0,0.04,333d28682750,2025-10-06
2025-10-06,2025-10-06 18:30:57.094587,AAPL,256.69,2025-10-24,17,305.0,CALL,0.02,0.02,0.03,46,147,0.293,0.0039,0.0007,-0.0056,0.0064,0.0005,0.8416,0.0,0.02,790b157f477a,2025-10-06
2025-10-06,2025-10-06 18:30:57.094929,AAPL,256.69,2025-10-24,17,310.0,CALL,0.01,0.01,0.02,115,28,0.3047,0.0025,0.0005,-0.004,0.0043,0.0003,0.828,0.0,0.01,abd759ac466e,2025-10-06
2025-10-06,2025-10-06 18:30:57.095267,AAPL,256.69,2025-10-24,17,315.0,CALL,0.02,0.0,0.02,1,111,0.3281,0.0024,0.0004,-0.004,0.0041,0.0003,0.8149,0.0,0.02,d76b5fd15c91,2025-10-06
2025-10-06,2025-10-06 18:30:57.095601,AAPL,256.69,2025-10-24,17,320.0,CALL,0.01,0.0,0.02,22,73,0.3516,0.0023,0.0004,-0.0041,0.0039,0.0003,0.8022,0.0,0.01,a2ab28fd8105,2025-10-06
2025-10-06,2025-10-06 18:30:57.095940,AAPL,256.69,2025-10-24,17,325.0,CALL,0.01,0.0,0.01,50,48,0.3516,0.0012,0.0002,-0.0023,0.0021,0.0001,0.7898,0.0,0.01,c599b9eb2c68,2025-10-06
2025-10-06,2025-10-06 18:30:57.096383,AAPL,256.69,2025-10-24,17,110.0,PUT,0.01,0.0,0.21,3,53,1.4727,-0.0023,0.0001,-0.0173,0.004,-0.0003,2.3335,0.0,0.01,3173f95748ab,2025-10-06
2025-10-06,2025-10-06 18:30:57.096733,AAPL,256.69,2025-10-24,17,130.0,PUT,0.01,0.0,0.01,50,3,0.9063,-0.0002,0.0,-0.0009,0.0004,-0.0,1.9745,0.0,0.01,97ea67bc0d3c,2025-10-06
2025-10-06,2025-10-06 18:30:57.097083,AAPL,256.69,2025-10-24,17,135.0,PUT,0.02,0.0,0.01,100,103,0.8594,-0.0002,0.0,-0.001,0.0004,-0.0,1.9014,0.0,0.02,1a221a66ea2c,2025-10-06
2025-10-06,2025-10-06 18:30:57.097429,AAPL,256.69,2025-10-24,17,140.0,PUT,0.01,0.0,0.02,1,226,0.8594,-0.0004,0.0,-0.0019,0.0007,-0.0,1.8335,0.0,0.01,f2dd10243c85,2025-10-06
2025-10-06,2025-10-06 18:30:57.097771,AAPL,256.69,2025-10-24,17,145.0,PUT,0.02,0.0,0.02,1,46,0.8125,-0.0004,0.0,-0.0019,0.0008,-0.0,1.7703,0.0,0.02,21f33c193d8f,2025-10-06
2025-10-06,2025-10-06 18:30:57.098090,AAPL,256.69,2025-10-24,17,150.0,PUT,0.01,0.0,0.02,75,73,0.7656,-0.0004,0.0,-0.0018,0.0008,-0.0001,1.7113,0.0,0.01,92e6ce989632,2025-10-06
2025-10-06,2025-10-06 18:30:57.098401,AAPL,256.69,2025-10-24,17,155.0,PUT,0.05,0.0,0.03,3,6,0.75,-0.0007,0.0001,-0.0028,0.0013,-0.0001,1.6561,0.0,0.05,54c6806bedf0,2025-10-06
2025-10-06,2025-10-06 18:30:57.098716,AAPL,256.69,2025-10-24,17,160.0,PUT,0.02,0.01,0.03,2,26,0.7188,-0.0008,0.0001,-0.0034,0.0016,-0.0001,1.6043,0.0,0.02,6e91939b6b23,2025-10-06
2025-10-06,2025-10-06 18:30:57.099021,AAPL,256.69,2025-10-24,17,165.0,PUT,0.02,0.01,0.03,11,16,0.6797,-0.001,0.0001,-0.0036,0.0018,-0.0001,1.5557,0.0,0.02,4f141002f091,2025-10-06
2025-10-06,2025-10-06 18:30:57.099329,AAPL,256.69,2025-10-24,17,170.0,PUT,0.04,0.01,0.04,200,56,0.6484,-0.0012,0.0001,-0.0042,0.0022,-0.0002,1.5099,0.0,0.04,faab7522d35c,2025-10-06
2025-10-06,2025-10-06 18:30:57.099633,AAPL,256.69,2025-10-24,17,175.0,PUT,0.03,0.02,0.04,2,76,0.6172,-0.0015,0.0001,-0.005,0.0028,-0.0002,1.4668,0.0,0.03,23099a97bbee,2025-10-06
2025-10-06,2025-10-06 18:30:57.099936,AAPL,256.69,2025-10-24,17,180.0,PUT,0.05,0.02,0.05,1,34,0.5859,-0.0019,0.0002,-0.0058,0.0034,-0.0002,1.4261,0.0,0.05,be3fa1f57707,2025-10-06
2025-10-06,2025-10-06 18:30:57.100244,AAPL,256.69,2025-10-24,17,185.0,PUT,0.04,0.03,0.05,1,556,0.5508,-0.0023,0.0002,-0.0064,0.004,-0.0003,1.3875,0.0,0.04,8550fecacd53,2025-10-06
2025-10-06,2025-10-06 18:30:57.100551,AAPL,256.69,2025-10-24,17,190.0,PUT,0.06,0.03,0.06,1,64,0.5176,-0.0028,0.0003,-0.0072,0.0048,-0.0003,1.351,0.0,0.06,53086fbe9307,2025-10-06
2025-10-06,2025-10-06 18:30:57.100860,AAPL,256.69,2025-10-24,17,195.0,PUT,0.06,0.04,0.07,2,175,0.502,-0.0045,0.0005,-0.0107,0.0073,-0.0006,1.3164,0.0,0.06,9f32268803b5,2025-10-06
2025-10-06,2025-10-06 18:30:57.101172,AAPL,256.69,2025-10-24,17,200.0,PUT,0.07,0.06,0.08,31,2586,0.4688,-0.0056,0.0006,-0.012,0.0088,-0.0007,1.2834,0.0,0.07,c3bde6453c53,2025-10-06
2025-10-06,2025-10-06 18:30:57.101477,AAPL,256.69,2025-10-24,17,205.0,PUT,0.09,0.07,0.09,13,2447,0.4336,-0.0067,0.0008,-0.0131,0.0104,-0.0008,1.2521,0.0,0.09,20ca5037f555,2025-10-06
2025-10-06,2025-10-06 18:30:57.101779,AAPL,256.69,2025-10-24,17,210.0,PUT,0.1,0.08,0.11,60,832,0.4033,-0.0088,0.0011,-0.0154,0.0132,-0.0011,1.2223,0.0,0.1,a1bb20002194,2025-10-06
2025-10-06,2025-10-06 18:30:57.102086,AAPL,256.69,2025-10-24,17,215.0,PUT,0.15,0.12,0.14,54,591,0.375,-0.012,0.0015,-0.0187,0.0173,-0.0015,1.1939,0.0,0.15,5ce8e9a725be,2025-10-06
2025-10-06,2025-10-06 18:30:57.102390,AAPL,256.69,2025-10-24,17,220.0,PUT,0.17,0.16,0.18,132,3450,0.3457,-0.0165,0.0021,-0.0226,0.0227,-0.002,1.1668,0.0,0.17,c0029aeeb61d,2025-10-06
2025-10-06,2025-10-06 18:30:57.102691,AAPL,256.69,2025-10-24,17,225.0,PUT,0.24,0.22,0.24,148,987,0.3184,-0.0237,0.0032,-0.0282,0.031,-0.0029,1.1408,0.0,0.24,22665cbdf4fe,2025-10-06
2025-10-06,2025-10-06 18:30:57.102995,AAPL,256.69,2025-10-24,17,230.0,PUT,0.34,0.33,0.34,296,2804,0.2927,-0.0357,0.0048,-0.0363,0.0435,-0.0044,1.116,0.0,0.34,919c50f613d3,2025-10-06
2025-10-06,2025-10-06 18:30:57.103302,AAPL,256.69,2025-10-24,17,235.0,PUT,0.53,0.51,0.53,366,2751,0.2717,-0.0582,0.0077,-0.0496,0.0644,-0.0071,1.0923,0.0,0.53,43374ce9e89b,2025-10-06
2025-10-06,2025-10-06 18:30:57.103607,AAPL,256.69,2025-10-24,17,240.0,PUT,0.85,0.84,0.88,328,1966,0.2544,-0.0985,0.0123,-0.0687,0.0962,-0.0121,1.0695,0.0,0.85,bc3cefb7d87a,2025-10-06
2025-10-06,2025-10-06 18:30:57.103900,AAPL,256.69,2025-10-24,17,245.0,PUT,1.45,1.45,1.49,3326,3858,0.239,-0.166,0.0188,-0.0917,0.1381,-0.0204,1.0477,0.0,1.45,715360bbc2cf,2025-10-06
2025-10-06,2025-10-06 18:30:57.104185,AAPL,256.69,2025-10-24,17,250.0,PUT,2.51,2.42,2.56,574,1558,0.2273,-0.2724,0.0264,-0.1141,0.184,-0.0336,1.0268,0.0,2.51,bced12e63578,2025-10-06
2025-10-06,2025-10-06 18:30:57.104471,AAPL,256.69,2025-10-24,17,255.0,PUT,4.17,4.15,4.25,959,2718,0.2169,-0.4171,0.0325,-0.1243,0.2162,-0.0516,1.0066,0.0,4.17,5c6df98ca666,2025-10-06
2025-10-06,2025-10-06 18:30:57.104754,AAPL,256.69,2025-10-24,17,260.0,PUT,6.52,6.65,6.75,513,657,0.2092,-0.585,0.0336,-0.1136,0.216,-0.0728,0.9873,3.31,3.21,b6984bf8cbd4,2025-10-06
2025-10-06,2025-10-06 18:30:57.105042,AAPL,256.69,2025-10-24,17,265.0,PUT,9.9,9.95,10.1,92,55,0.2046,-0.7428,0.0285,-0.0828,0.1787,-0.0932,0.9686,8.31,1.59,ec6e5fafb5d9,2025-10-06
2025-10-06,2025-10-06 18:30:57.105327,AAPL,256.69,2025-10-24,17,270.0,PUT,14.18,13.9,14.3,76,234,0.2134,-0.8483,0.0199,-0.0531,0.1301,-0.1078,0.9507,13.31,0.87,0ff6829375cb,2025-10-06
2025-10-06,2025-10-06 18:30:57.105610,AAPL,256.69,2025-10-24,17,275.0,PUT,17.74,18.3,18.9,3,104,0.2274,-0.9093,0.013,-0.0295,0.0905,-0.1172,0.9334,18.31,0.0,2e28c6f0a3eb,2025-10-06
2025-10-06,2025-10-06 18:30:57.105892,AAPL,256.69,2025-10-24,17,280.0,PUT,23.8,22.8,23.8,30,6,0.2586,-0.9322,0.0091,-0.0228,0.0726,-0.1222,0.9167,23.31,0.49,a3dda84ab89d,2025-10-06
2025-10-06,2025-10-06 18:30:57.106180,AAPL,256.69,2025-10-24,17,285.0,PUT,28.77,27.85,28.9,1,13,0.3106,-0.9327,0.0076,-0.0329,0.0722,-0.1246,0.9007,28.31,0.46,37018d675e4b,2025-10-06
2025-10-06,2025-10-06 18:30:57.106465,AAPL,256.69,2025-10-24,17,290.0,PUT,51.75,32.55,33.75,0,0,0.3281,-0.9513,0.0056,-0.0198,0.0559,-0.1291,0.8851,33.31,18.44,9049c3cfdadd,2025-10-06
2025-10-06,2025-10-06 18:30:57.106748,AAPL,256.69,2025-10-24,17,295.0,PUT,38.47,37.65,38.9,1,0,0.3862,-0.9454,0.0052,-0.035,0.0612,-0.1308,0.8701,38.31,0.16,44a68d5b0b5d,2025-10-06
2025-10-06,2025-10-06 18:30:57.107034,AAPL,256.69,2025-10-24,17,300.0,PUT,44.2,42.75,43.85,0,0,0.4143,-0.9531,0.0043,-0.0307,0.0543,-0.134,0.8556,43.31,0.89,562da2a0d9c2,2025-10-06
2025-10-06,2025-10-06 18:30:57.107325,AAPL,256.69,2025-10-24,17,325.0,PUT,97.87,67.75,68.85,0,0,0.575,-0.9658,0.0024,-0.032,0.042,-0.1472,0.7898,68.31,29.56,ffb986d54ca9,2025-10-06
2025-10-07,2025-10-07 18:37:15.333333,AAPL,256.48,2025-10-10,2,110.0,CALL,148.05,146.2,146.9,5,5,3.0703,0.9999,0.0,-0.0172,0.0,0.006,2.3316,146.48,1.57,952ac94c9724,2025-10-07
2025-10-07,2025-10-07 18:37:15.334605,AAPL,256.48,2025-10-10,2,120.0,CALL,136.1,136.25,137.3,0,7,3.3008,0.9994,0.0,-0.0485,0.0004,0.0066,2.1373,136.48,0.0,9e825773ad66,2025-10-07
2025-10-07,2025-10-07 18:37:15.335137,AAPL,256.48,2025-10-10,2,135.0,CALL,120.55,121.25,122.3,0,2,2.832,0.9992,0.0,-0.0522,0.0005,0.0074,1.8999,121.48,0.0,2015c9b1522b,2025-10-07
2025-10-07,2025-10-07 18:37:15.335626,AAPL,256.48,2025-10-10,2,140.0,CALL,116.35,116.2,117.3,1,4,2.6523,0.9993,0.0,-0.0489,0.0005,0.0077,1.832,116.48,0.0,888a7b299c79,2025-10-07
2025-10-07,2025-10-07 18:37:15.336207,AAPL,256.48,2025-10-10,2,150.0,CALL,108.04,106.05,107.3,1,0,2.2734,0.9995,0.0,-0.0388,0.0004,0.0082,1.7099,106.48,1.56,bebfb2a87de8,2025-10-07
2025-10-07,2025-10-07 18:37:15.336706,AAPL,256.48,2025-10-10,2,160.0,CALL,93.91,96.25,97.3,1,6,2.1484,0.9988,0.0001,-0.0587,0.0007,0.0087,1.603,96.48,0.0,fe9253fe1252,2025-10-07
2025-10-07,2025-10-07 18:37:15.337185,AAPL,256.48,2025-10-10,2,165.0,CALL,91.99,91.15,92.3,1,0,1.9688,0.999,0.0001,-0.0507,0.0006,0.009,1.5544,91.48,0.51,029e1dd3a3a6,2025-10-07
2025-10-07,2025-10-07 18:37:15.337660,AAPL,256.48,2025-10-10,2,170.0,CALL,87.87,86.1,87.3,2,3,1.8223,0.9991,0.0001,-0.0476,0.0006,0.0093,1.5087,86.48,1.39,63659c60ddce,2025-10-07
2025-10-07,2025-10-07 18:37:15.338140,AAPL,256.48,2025-10-10,2,175.0,CALL,83.05,81.1,82.15,2,4,1.6133,0.9994,0.0001,-0.0365,0.0004,0.0096,1.4656,81.48,1.57,aec4b4302ea8,2025-10-07
2025-10-07,2025-10-07 18:37:15.338605,AAPL,256.48,2025-10-10,2,180.0,CALL,76.57,76.3,77.35,2,44,1.709,0.9979,0.0002,-0.0756,0.0013,0.0098,1.4249,76.48,0.09,22f65675a89e,2025-10-07
2025-10-07,2025-10-07 18:37:15.339041,AAPL,256.48,2025-10-10,2,185.0,CALL,71.73,71.2,72.35,1,4,1.5547,0.9981,0.0002,-0.0669,0.0011,0.0101,1.3864,71.48,0.25,2f8329cc1a4c,2025-10-07
2025-10-07,2025-10-07 18:37:15.339434,AAPL,256.48,2025-10-10,2,190.0,CALL,67.43,66.3,67.35,1,26,1.4814,0.9974,0.0003,-0.0801,0.0015,0.0104,1.3499,66.48,0.95,3b2d7e5bb071,2025-10-07
2025-10-07,2025-10-07 18:37:15.339822,AAPL,256.48,2025-10-10,2,195.0,CALL,63.37,61.4,62.4,2,109,1.418,0.9962,0.0004,-0.1008,0.0022,0.0106,1.3153,61.48,1.89,c049a5d15b6e,2025-10-07
2025-10-07,2025-10-07 18:37:15.340218,AAPL,256.48,2025-10-10,2,200.0,CALL,56.1,56.2,57.1,22,209,1.1289,0.9987,0.0002,-0.0469,0.0008,0.0109,1.2824,56.48,0.0,b18552d98e5d,2025-10-07
2025-10-07,2025-10-07 18:37:15.340622,AAPL,256.48,2025-10-10,2,205.0,CALL,51.1,51.4,51.8,4,70,0.9805,0.9991,0.0002,-0.0392,0.0006,0.0112,1.2511,51.48,0.0,c86c0bc4e055,2025-10-07
2025-10-07,2025-10-07 18:37:15.341011,AAPL,256.48,2025-10-10,2,210.0,CALL,46.22,45.9,47.4,5,259,0.9336,0.9983,0.0003,-0.0499,0.001,0.0115,1.2213,46.48,0.0,20d0d5a3ca6b,2025-10-07
2025-10-07,2025-10-07 18:37:15.341399,AAPL,256.48,2025-10-10,2,215.0,CALL,41.48,41.45,41.95,40,299,0.873,0.9972,0.0005,-0.0625,0.0017,0.0117,1.1929,41.48,0.0,86138a8e3f71,2025-10-07
2025-10-07,2025-10-07 18:37:15.341798,AAPL,256.48,2025-10-10,2,217.5,CALL,39.43,38.95,39.5,6,109,0.8398,0.9964,0.0007,-0.0697,0.0021,0.0119,1.1792,38.98,0.45,9f5416b6417d,2025-10-07
2025-10-07,2025-10-07 18:37:15.342192,AAPL,256.48,2025-10-10,2,220.0,CALL,36.23,36.45,37.0,17,1226,0.791,0.996,0.0008,-0.0713,0.0022,0.012,1.1658,36.48,0.0,cb15cad93e16,2025-10-07
2025-10-07,2025-10-07 18:37:15.342582,AAPL,256.48,2025-10-10,2,222.5,CALL,33.73,33.9,34.25,29,319,0.6367,0.9988,0.0003,-0.0391,0.0007,0.0122,1.1527,33.98,0.0,5906a479ff72,2025-10-07
2025-10-07,2025-10-07 18:37:15.342983,AAPL,256.48,2025-10-10,2,225.0,CALL,31.11,31.45,32.45,20,908,0.7861,0.9888,0.002,-0.1371,0.0056,0.0122,1.1399,31.48,0.0,4a177e26a4f7,2025-10-07
2025-10-07,2025-10-07 18:37:15.343382,AAPL,256.48,2025-10-10,2,227.5,CALL,28.75,28.95,29.95,26,1389,0.7329,0.9875,0.0023,-0.1401,0.0061,0.0123,1.1274,28.98,0.0,9be2a90b1ffb,2025-10-07
2025-10-07,2025-10-07 18:37:15.343782,AAPL,256.48,2025-10-10,2,230.0,CALL,26.44,26.45,27.0,11,2613,0.5947,0.9938,0.0015,-0.0773,0.0033,0.0125,1.1151,26.48,0.0,7388004e0942,2025-10-07
2025-10-07,2025-10-07 18:37:15.344178,AAPL,256.48,2025-10-10,2,232.5,CALL,24.15,23.95,24.95,18,297,0.6255,0.9842,0.0033,-0.1459,0.0075,0.0125,1.1031,23.98,0.17,8ab364347ae4,2025-10-07
2025-10-07,2025-10-07 18:37:15.344566,AAPL,256.48,2025-10-10,2,235.0,CALL,21.29,21.45,22.1,96,2366,0.5161,0.9897,0.0028,-0.0957,0.0052,0.0127,1.0914,21.48,0.0,a9568e19cbe1,2025-10-07
2025-10-07,2025-10-07 18:37:15.344917,AAPL,256.48,2025-10-10,2,237.5,CALL,19.2,18.85,19.5,35,325,0.5303,0.9764,0.0055,-0.1686,0.0106,0.0127,1.0799,18.98,0.22,4b7f2b124bf2,2025-10-07
2025-10-07,2025-10-07 18:37:15.345274,AAPL,256.48,2025-10-10,2,240.0,CALL,16.6,16.5,16.9,117,2465,0.4502,0.9781,0.0061,-0.1404,0.0099,0.0128,1.0687,16.48,0.12,3fabe3e829b3,2025-10-07
2025-10-07,2025-10-07 18:37:15.345618,AAPL,256.48,2025-10-10,2,242.5,CALL,14.18,13.9,14.4,108,1853,0.3955,0.9737,0.0081,-0.1437,0.0116,0.0129,1.0576,13.98,0.2,3a6175ad7113,2025-10-07
2025-10-07,2025-10-07 18:37:15.345956,AAPL,256.48,2025-10-10,2,245.0,CALL,11.55,11.65,11.9,451,5131,0.3403,0.9671,0.0114,-0.1477,0.0139,0.013,1.0469,11.48,0.07,75bc865d4bed,2025-10-07
2025-10-07,2025-10-07 18:37:15.346296,AAPL,256.48,2025-10-10,2,247.5,CALL,9.2,9.25,9.5,337,5889,0.3023,0.9469,0.0189,-0.1841,0.0206,0.0128,1.0363,8.98,0.22,5387aa9d5c0d,2025-10-07
2025-10-07,2025-10-07 18:37:15.346637,AAPL,256.48,2025-10-10,2,250.0,CALL,7.09,7.0,7.2,2490,21964,0.271,0.9028,0.0334,-0.2487,0.0326,0.0123,1.0259,6.48,0.61,e25fc6bad970,2025-10-07
2025-10-07,2025-10-07 18:37:15.346981,AAPL,256.48,2025-10-10,2,252.5,CALL,5.0,4.95,5.1,1208,4655,0.249,0.8081,0.0577,-0.3477,0.0518,0.0111,1.0158,3.98,1.02,2ddd5930ea63,2025-10-07
2025-10-07,2025-10-07 18:37:15.347320,AAPL,256.48,2025-10-10,2,255.0,CALL,3.23,3.15,3.3,11542,8960,0.2332,0.6399,0.0845,-0.434,0.071,0.0088,1.0058,1.48,1.75,23bdc0760542,2025-10-07
2025-10-07,2025-10-07 18:37:15.347662,AAPL,256.48,2025-10-10,2,257.5,CALL,1.83,1.8,1.87,29804,12806,0.2185,0.4121,0.0938,-0.4166,0.0739,0.0057,0.996,0.0,1.83,3011aade4c89,2025-10-07
2025-10-07,2025-10-07 18:37:15.348007,AAPL,256.48,2025-10-10,2,260.0,CALL,0.93,0.93,0.95,50688,39970,0.2127,0.1998,0.0693,-0.2887,0.0531,0.0028,0.9865,0.0,0.93,ff888d87206d,2025-10-07
2025-10-07,2025-10-07 18:37:15.348353,AAPL,256.48,2025-10-10,2,262.5,CALL,0.44,0.43,0.44,23566,16022,0.2119,0.0728,0.0344,-0.1414,0.0263,0.001,0.9771,0.0,0.44,60cf7c5c65dc,2025-10-07
2025-10-07,2025-10-07 18:37:15.348690,AAPL,256.48,2025-10-10,2,265.0,CALL,0.2,0.2,0.21,11065,18404,0.2197,0.0235,0.0133,-0.0587,0.0105,0.0003,0.9678,0.0,0.2,3e91ee242b2a,2025-10-07
2025-10-07,2025-10-07 18:37:15.349024,AAPL,256.48,2025-10-10,2,267.5,CALL,0.09,0.09,0.1,5205,8794,0.2285,0.0069,0.0044,-0.021,0.0036,0.0001,0.9588,0.0,0.09,dd69eb536961,2025-10-07
2025-10-07,2025-10-07 18:37:15.349368,AAPL,256.48,2025-10-10,2,270.0,CALL,0.05,0.04,0.05,7443,20005,0.2402,0.0021,0.0014,-0.0076,0.0012,0.0,0.9499,0.0,0.05,8a644eb2e7d7,2025-10-07
2025-10-07,2025-10-07 18:37:15.349727,AAPL,256.48,2025-10-10,2,272.5,CALL,0.03,0.02,0.03,3703,9714,0.2578,0.0008,0.0006,-0.0034,0.0005,0.0,0.9412,0.0,0.03,337ce3881078,2025-10-07
2025-10-07,2025-10-07 18:37:15.350064,AAPL,256.48,2025-10-10,2,275.0,CALL,0.02,0.02,0.03,4866,11615,0.2891,0.0006,0.0004,-0.0029,0.0004,0.0,0.9327,0.0,0.02,feab38566d2e,2025-10-07
2025-10-07,2025-10-07 18:37:15.350403,AAPL,256.48,2025-10-10,2,277.5,CALL,0.02,0.01,0.02,651,893,0.3086,0.0003,0.0002,-0.0017,0.0002,0.0,0.9243,0.0,0.02,3f4ebd08d2c8,2025-10-07
2025-10-07,2025-10-07 18:37:15.350735,AAPL,256.48,2025-10-10,2,280.0,CALL,0.01,0.0,0.02,996,3614,0.3359,0.0002,0.0001,-0.0014,0.0002,0.0,0.916,0.0,0.01,6081e1879a19,2025-10-07
2025-10-07,2025-10-07 18:37:15.351034,AAPL,256.48,2025-10-10,2,282.5,CALL,0.01,0.0,0.01,592,840,0.3438,0.0001,0.0,-0.0005,0.0001,0.0,0.9079,0.0,0.01,146bd60abc8a,2025-10-07
2025-10-07,2025-10-07 18:37:15.351333,AAPL,256.48,2025-10-10,2,285.0,CALL,0.01,0.0,0.01,219,2607,0.3672,0.0001,0.0,-0.0004,0.0,0.0,0.8999,0.0,0.01,7eee7530dd11,2025-10-07
2025-10-07,2025-10-07 18:37:15.351637,AAPL,256.48,2025-10-10,2,287.5,CALL,0.01,0.0,0.01,2,1218,0.3984,0.0001,0.0,-0.0005,0.0,0.0,0.8921,0.0,0.01,8fa680105e8d,2025-10-07
2025-10-07,2025-10-07 18:37:15.351936,AAPL,256.48,2025-10-10,2,290.0,CALL,0.01,0.0,0.01,5,964,0.4219,0.0,0.0,-0.0004,0.0,0.0,0.8844,0.0,0.01,0d621264a24e,2025-10-07
2025-10-07,2025-10-07 18:37:15.352234,AAPL,256.48,2025-10-10,2,295.0,CALL,0.01,0.0,0.01,4,1342,0.4766,0.0,0.0,-0.0004,0.0,0.0,0.8694,0.0,0.01,b0c691fef5cd,2025-10-07
2025-10-07,2025-10-07 18:37:15.352529,AAPL,256.48,2025-10-10,2,300.0,CALL,0.01,0.0,0.01,16,1763,0.5,0.0,0.0,-0.0001,0.0,0.0,0.8549,0.0,0.01,3bd855d874e5,2025-10-07
2025-10-07,2025-10-07 18:37:15.352833,AAPL,256.48,2025-10-10,2,305.0,CALL,0.01,0.0,0.01,1,298,0.5469,0.0,0.0,-0.0001,0.0,0.0,0.8409,0.0,0.01,c2564954a3bc,2025-10-07
2025-10-07,2025-10-07 18:37:15.353131,AAPL,256.48,2025-10-10,2,310.0,CALL,0.01,0.0,0.01,300,750,0.5938,0.0,0.0,-0.0001,0.0,0.0,0.8274,0.0,0.01,4c55956939b4,2025-10-07
2025-10-07,2025-10-07 18:37:15.353428,AAPL,256.48,2025-10-10,2,315.0,CALL,0.03,0.0,0.01,0,63,0.625,0.0,0.0,-0.0001,0.0,0.0,0.8142,0.0,0.03,2a919cfe8bf0,2025-10-07
2025-10-07,2025-10-07 18:37:15.353729,AAPL,256.48,2025-10-10,2,320.0,CALL,0.02,0.0,0.01,0,189,0.6719,0.0,0.0,-0.0001,0.0,0.0,0.8015,0.0,0.02,cef6c3c65746,2025-10-07
2025-10-07,2025-10-07 18:37:15.354027,AAPL,256.48,2025-10-10,2,325.0,CALL,0.01,0.0,0.01,1,35,0.7188,0.0,0.0,-0.0001,0.0,0.0,0.7892,0.0,0.01,75b936a88ce6,2025-10-07
2025-10-07,2025-10-07 18:37:15.354576,AAPL,256.48,2025-10-10,2,120.0,PUT,0.01,0.0,0.01,4,38,2.1875,-0.0,0.0,-0.0,0.0,-0.0,2.1373,0.0,0.01,e49b7cee0bc3,2025-10-07
2025-10-07,2025-10-07 18:37:15.354883,AAPL,256.48,2025-10-10,2,125.0,PUT,0.01,0.0,0.01,1,2,2.0625,-0.0,0.0,-0.0,0.0,-0.0,2.0518,0.0,0.01,ddc3d2b906d6,2025-10-07
2025-10-07,2025-10-07 18:37:15.355202,AAPL,256.48,2025-10-10,2,135.0,PUT,0.01,0.0,0.01,80,103,1.875,-0.0,0.0,-0.0001,0.0,-0.0,1.8999,0.0,0.01,2a4a848ac222,2025-10-07
2025-10-07,2025-10-07 18:37:15.355518,AAPL,256.48,2025-10-10,2,140.0,PUT,0.01,0.0,0.01,0,110,1.75,-0.0,0.0,-0.0,0.0,-0.0,1.832,0.0,0.01,5b557a6a070f,2025-10-07
2025-10-07,2025-10-07 18:37:15.355831,AAPL,256.48,2025-10-10,2,145.0,PUT,0.02,0.0,0.01,0,15,1.6875,-0.0,0.0,-0.0001,0.0,-0.0,1.7688,0.0,0.02,f87dd0f95a24,2025-10-07
2025-10-07,2025-10-07 18:37:15.356134,AAPL,256.48,2025-10-10,2,150.0,PUT,0.01,0.0,0.01,1,7,1.5625,-0.0,0.0,-0.0,0.0,-0.0,1.7099,0.0,0.01,c547115fa29d,2025-10-07
2025-10-07,2025-10-07 18:37:15.356440,AAPL,256.48,2025-10-10,2,155.0,PUT,0.01,0.0,0.01,191,212,1.5,-0.0,0.0,-0.0001,0.0,-0.0,1.6547,0.0,0.01,7269334c358e,2025-10-07
2025-10-07,2025-10-07 18:37:15.356725,AAPL,256.48,2025-10-10,2,160.0,PUT,0.01,0.0,0.01,227,318,1.375,-0.0,0.0,-0.0,0.0,-0.0,1.603,0.0,0.01,5e8a84b2654a,2025-10-07
2025-10-07,2025-10-07 18:37:15.357007,AAPL,256.48,2025-10-10,2,165.0,PUT,0.02,0.0,0.01,1,299,1.3125,-0.0,0.0,-0.0001,0.0,-0.0,1.5544,0.0,0.02,0ae71d48f6af,2025-10-07
2025-10-07,2025-10-07 18:37:15.357292,AAPL,256.48,2025-10-10,2,170.0,PUT,0.01,0.0,0.01,3,278,1.2188,-0.0,0.0,-0.0001,0.0,-0.0,1.5087,0.0,0.01,85a7071c494d,2025-10-07
2025-10-07,2025-10-07 18:37:15.357569,AAPL,256.48,2025-10-10,2,175.0,PUT,0.02,0.0,0.01,109,211,1.1563,-0.0,0.0,-0.0001,0.0,-0.0,1.4656,0.0,0.02,36fcf90eb5c5,2025-10-07
2025-10-07,2025-10-07 18:37:15.357848,AAPL,256.48,2025-10-10,2,180.0,PUT,0.01,0.0,0.01,2,1364,1.0625,-0.0,0.0,-0.0001,0.0,-0.0,1.4249,0.0,0.01,d04e0fba43fc,2025-10-07
2025-10-07,2025-10-07 18:37:15.358129,AAPL,256.48,2025-10-10,2,185.0,PUT,0.01,0.0,0.01,1,1221,0.9844,-0.0,0.0,-0.0001,0.0,-0.0,1.3864,0.0,0.01,faa917da3300,2025-10-07
2025-10-07,2025-10-07 18:37:15.358407,AAPL,256.48,2025-10-10,2,190.0,PUT,0.01,0.0,0.01,1,840,0.9063,-0.0,0.0,-0.0001,0.0,-0.0,1.3499,0.0,0.01,10c3d21ec5b5,2025-10-07
2025-10-07,2025-10-07 18:37:15.358686,AAPL,256.48,2025-10-10,2,195.0,PUT,0.01,0.0,0.01,1,342,0.8438,-0.0,0.0,-0.0001,0.0,-0.0,1.3153,0.0,0.01,990592e3530d,2025-10-07
2025-10-07,2025-10-07 18:37:15.358966,AAPL,256.48,2025-10-10,2,200.0,PUT,0.01,0.0,0.01,6,1467,0.7656,-0.0,0.0,-0.0001,0.0,-0.0,1.2824,0.0,0.01,8b8cbdf24bca,2025-10-07
2025-10-07,2025-10-07 18:37:15.359243,AAPL,256.48,2025-10-10,2,205.0,PUT,0.01,0.0,0.01,3,3615,0.6875,-0.0,0.0,-0.0001,0.0,-0.0,1.2511,0.0,0.01,4e7e313599c4,2025-10-07
2025-10-07,2025-10-07 18:37:15.359611,AAPL,256.48,2025-10-10,2,210.0,PUT,0.01,0.0,0.01,2,1379,0.625,-0.0,0.0,-0.0001,0.0,-0.0,1.2213,0.0,0.01,e98ac2794239,2025-10-07
2025-10-07,2025-10-07 18:37:15.360079,AAPL,256.48,2025-10-10,2,215.0,PUT,0.01,0.0,0.01,104,1158,0.5625,-0.0,0.0,-0.0001,0.0,-0.0,1.1929,0.0,0.01,86d70da43353,2025-10-07
2025-10-07,2025-10-07 18:37:15.360364,AAPL,256.48,2025-10-10,2,217.5,PUT,0.01,0.0,0.01,400,1121,0.5313,-0.0,0.0,-0.0001,0.0,-0.0,1.1792,0.0,0.01,35f294c072d7,2025-10-07
2025-10-07,2025-10-07 18:37:15.360650,AAPL,256.48,2025-10-10,2,220.0,PUT,0.01,0.0,0.02,292,6238,0.5234,-0.0,0.0,-0.0004,0.0,-0.0,1.1658,0.0,0.01,ef1fccc6f839,2025-10-07
2025-10-07,2025-10-07 18:37:15.360933,AAPL,256.48,2025-10-10,2,222.5,PUT,0.01,0.0,0.02,59,527,0.5234,-0.0001,0.0,-0.0011,0.0001,-0.0,1.1527,0.0,0.01,17746c2bda15,2025-10-07
2025-10-07,2025-10-07 18:37:15.361213,AAPL,256.48,2025-10-10,2,225.0,PUT,0.01,0.01,0.02,72,2701,0.4883,-0.0001,0.0001,-0.0012,0.0001,-0.0,1.1399,0.0,0.01,eb1696ddf8e9,2025-10-07
2025-10-07,2025-10-07 18:37:15.361498,AAPL,256.48,2025-10-10,2,227.5,PUT,0.02,0.01,0.02,47,435,0.4492,-0.0001,0.0001,-0.0012,0.0001,-0.0,1.1274,0.0,0.02,3eda02f859de,2025-10-07
2025-10-07,2025-10-07 18:37:15.361778,AAPL,256.48,2025-10-10,2,230.0,PUT,0.02,0.02,0.03,88,2874,0.4336,-0.0003,0.0001,-0.0024,0.0002,-0.0,1.1151,0.0,0.02,89dcc62ebb23,2025-10-07
2025-10-07,2025-10-07 18:37:15.362057,AAPL,256.48,2025-10-10,2,232.5,PUT,0.03,0.02,0.03,62,2168,0.3945,-0.0004,0.0002,-0.0024,0.0002,-0.0,1.1031,0.0,0.03,75c2e6ada382,2025-10-07
2025-10-07,2025-10-07 18:37:15.362346,AAPL,256.48,2025-10-10,2,235.0,PUT,0.04,0.03,0.04,503,3597,0.3711,-0.0007,0.0003,-0.0041,0.0004,-0.0,1.0914,0.0,0.04,102be20074fc,2025-10-07
2025-10-07,2025-10-07 18:37:15.362626,AAPL,256.48,2025-10-10,2,237.5,PUT,0.04,0.04,0.05,713,1976,0.3418,-0.0011,0.0006,-0.0059,0.0007,-0.0,1.0799,0.0,0.04,975074cdc8ed,2025-10-07
2025-10-07,2025-10-07 18:37:15.362884,AAPL,256.48,2025-10-10,2,240.0,PUT,0.06,0.06,0.07,1523,4754,0.3174,-0.0022,0.0011,-0.0103,0.0013,-0.0,1.0687,0.0,0.06,7ede93a5cf78,2025-10-07
2025-10-07,2025-10-07 18:37:15.363143,AAPL,256.48,2025-10-10,2,242.5,PUT,0.09,0.09,0.1,4179,5353,0.292,-0.0045,0.0024,-0.0179,0.0025,-0.0001,1.0576,0.0,0.09,1ff7d0a1cd25,2025-10-07
2025-10-07,2025-10-07 18:37:15.363407,AAPL,256.48,2025-10-10,2,245.0,PUT,0.15,0.15,0.16,5526,7202,0.271,-0.0106,0.0054,-0.0357,0.0053,-0.0001,1.0469,0.0,0.15,d2458dd06435,2025-10-07
2025-10-07,2025-10-07 18:37:15.363665,AAPL,256.48,2025-10-10,2,247.5,PUT,0.25,0.25,0.27,3424,7362,0.2517,-0.0265,0.0128,-0.0724,0.0116,-0.0004,1.0363,0.0,0.25,5b6dfa9f7967,2025-10-07
2025-10-07,2025-10-07 18:37:15.363930,AAPL,256.48,2025-10-10,2,250.0,PUT,0.47,0.45,0.48,14699,14615,0.2349,-0.0675,0.0293,-0.1434,0.0248,-0.001,1.0259,0.0,0.47,5b618f146305,2025-10-07
2025-10-07,2025-10-07 18:37:15.364196,AAPL,256.48,2025-10-10,2,252.5,PUT,0.88,0.85,0.88,10138,7137,0.2214,-0.1642,0.0589,-0.2549,0.047,-0.0023,1.0158,0.0,0.88,f608eac52078,2025-10-07
2025-10-07,2025-10-07 18:37:15.364455,AAPL,256.48,2025-10-10,2,255.0,PUT,1.58,1.54,1.63,22195,11465,0.2149,-0.3493,0.0907,-0.3663,0.0703,-0.005,1.0058,0.0,1.58,e52d2400da9d,2025-10-07
2025-10-07,2025-10-07 18:37:15.364716,AAPL,256.48,2025-10-10,2,257.5,PUT,2.7,2.67,2.79,7529,4872,0.209,-0.5921,0.0979,-0.3662,0.0737,-0.0084,0.996,1.02,1.68,30bfd184261b,2025-10-07
2025-10-07,2025-10-07 18:37:15.364982,AAPL,256.48,2025-10-10,2,260.0,PUT,4.34,4.25,4.4,668,2317,0.2048,-0.8092,0.0699,-0.2384,0.0516,-0.0116,0.9865,3.52,0.82,eb4cfe46f118,2025-10-07
2025-10-07,2025-10-07 18:37:15.365241,AAPL,256.48,2025-10-10,2,262.5,PUT,6.8,6.25,6.5,509,1815,0.2183,-0.9211,0.0355,-0.1225,0.0279,-0.0133,0.9771,6.02,0.78,9f1c921ec4be,2025-10-07
2025-10-07,2025-10-07 18:37:15.365506,AAPL,256.48,2025-10-10,2,265.0,PUT,8.5,8.55,8.8,297,1012,0.2363,-0.9675,0.0162,-0.0499,0.0138,-0.0141,0.9678,8.52,0.0,bea115b366a0,2025-10-07
2025-10-07,2025-10-07 18:37:15.365768,AAPL,256.48,2025-10-10,2,267.5,PUT,11.13,10.9,11.2,64,84,0.2578,-0.9854,0.0075,-0.0127,0.007,-0.0145,0.9588,11.02,0.11,465022bd55e1,2025-10-07
2025-10-07,2025-10-07 18:37:15.366034,AAPL,256.48,2025-10-10,2,270.0,PUT,13.6,13.0,13.75,8,215,0.3174,-0.9848,0.0064,-0.025,0.0073,-0.0146,0.9499,13.52,0.08,4cc52f45ae8d,2025-10-07
2025-10-07,2025-10-07 18:37:15.366292,AAPL,256.48,2025-10-10,2,272.5,PUT,15.9,15.7,16.6,2,7,0.4492,-0.9639,0.0093,-0.1365,0.015,-0.0144,0.9412,16.02,0.0,98eac975c7e8,2025-10-07
2025-10-07,2025-10-07 18:37:15.366551,AAPL,256.48,2025-10-10,2,275.0,PUT,18.55,18.0,18.75,17,27,0.4033,-0.9896,0.0036,-0.0192,0.0052,-0.0149,0.9327,18.52,0.03,6cbc11f15e0c,2025-10-07
2025-10-07,2025-10-07 18:37:15.366814,AAPL,256.48,2025-10-10,2,280.0,PUT,23.16,23.1,23.95,1,2,0.5508,-0.9832,0.004,-0.0749,0.0079,-0.0151,0.916,23.52,0.0,c0fc193cd99c,2025-10-07
2025-10-07,2025-10-07 18:37:15.367073,AAPL,256.48,2025-10-10,2,290.0,PUT,36.46,33.3,34.1,2,0,0.6094,-0.9965,0.0009,0.0051,0.002,-0.0158,0.8844,33.52,2.94,57b347e69bcf,2025-10-07
2025-10-07,2025-10-07 18:37:15.367332,AAPL,256.48,2025-10-10,2,295.0,PUT,42.75,38.0,39.1,2,0,0.5352,-0.9998,0.0001,0.0342,0.0002,-0.0162,0.8694,38.52,4.23,5da81440a7ed,2025-10-07
2025-10-07,2025-10-07 18:37:15.367599,AAPL,256.48,2025-10-10,2,300.0,PUT,43.0,43.3,43.75,5,5,0.5,-1.0,0.0,0.0368,0.0,-0.0164,0.8549,43.52,0.0,f3e7b8d50980,2025-10-07
2025-10-07,2025-10-07 18:37:15.367859,AAPL,256.48,2025-10-10,2,310.0,PUT,55.7,53.1,54.1,3,0,0.7813,-0.9994,0.0001,0.0305,0.0004,-0.017,0.8274,53.52,2.18,c72167be98dc,2025-10-07
2025-10-07,2025-10-07 18:37:15.368120,AAPL,256.48,2025-10-10,2,315.0,PUT,57.95,58.1,59.1,1,0,0.8379,-0.9995,0.0001,0.0315,0.0004,-0.0172,0.8142,58.52,0.0,9c92abb3c8c3,2025-10-07
2025-10-07,2025-10-07 18:37:15.368384,AAPL,256.48,2025-10-10,2,320.0,PUT,63.05,63.3,64.1,6,0,0.9951,-0.9985,0.0003,0.0161,0.0009,-0.0175,0.8015,63.52,0.0,bba3f3f307f6,2025-10-07
2025-10-07,2025-10-07 18:37:15.465477,AAPL,256.48,2025-10-17,9,90.0,CALL,165.75,166.25,166.85,2,23,2.2656,0.9991,0.0,-0.0264,0.0012,0.0221,2.8498,166.48,0.0,51a81ed06229,2025-10-07
2025-10-07,2025-10-07 18:37:15.465865,AAPL,256.48,2025-10-17,9,95.0,CALL,160.4,161.3,162.0,0,2,2.3789,0.9978,0.0001,-0.0484,0.0028,0.0232,2.6998,161.48,0.0,cd11f59d4830,2025-10-07
2025-10-07,2025-10-07 18:37:15.466226,AAPL,256.48,2025-10-17,9,100.0,CALL,146.12,155.8,157.05,5,20,2.6729,0.993,0.0002,-0.1288,0.0079,0.0241,2.5648,156.48,0.0,fdce4c6c410e,2025-10-07
2025-10-07,2025-10-07 18:37:15.466771,AAPL,256.48,2025-10-17,9,105.0,CALL,110.26,122.4,124.25,2,14,0.0,1.0,0.0,-0.0129,0.0,0.0259,2.4427,151.48,0.0,1472ee1d37a9,2025-10-07
2025-10-07,2025-10-07 18:37:15.467123,AAPL,256.48,2025-10-17,9,110.0,CALL,121.0,146.1,147.45,345,462,2.1992,0.9957,0.0001,-0.0756,0.0051,0.0268,2.3316,146.48,0.0,13a6f75db849,2025-10-07
2025-10-07,2025-10-07 18:37:15.467473,AAPL,256.48,2025-10-17,9,115.0,CALL,112.7,129.8,132.05,1,99,0.0,1.0,0.0,-0.0142,0.0,0.0283,2.2303,141.48,0.0,0d1841f4d343,2025-10-07
2025-10-07,2025-10-07 18:37:15.467795,AAPL,256.48,2025-10-17,9,120.0,CALL,91.56,107.8,109.05,1,67,0.0,1.0,0.0,-0.0148,0.0,0.0296,2.1373,136.48,0.0,faaf163f3252,2025-10-07
2025-10-07,2025-10-07 18:37:15.468726,AAPL,256.48,2025-10-17,9,125.0,CALL,114.66,131.1,131.95,3,19,1.5156,0.9992,0.0,-0.025,0.0011,0.0307,2.0518,131.48,0.0,44037398b811,2025-10-07
2025-10-07,2025-10-07 18:37:15.469108,AAPL,256.48,2025-10-17,9,130.0,CALL,124.4,126.3,127.05,10,164,1.7012,0.9963,0.0002,-0.0576,0.0044,0.0318,1.9729,126.48,0.0,3ec373055b00,2025-10-07
2025-10-07,2025-10-07 18:37:15.469454,AAPL,256.48,2025-10-17,9,135.0,CALL,122.28,120.7,122.45,1,73,1.4766,0.9981,0.0001,-0.0369,0.0025,0.0331,1.8999,121.48,0.8,16cafacf157a,2025-10-07
2025-10-07,2025-10-07 18:37:15.469784,AAPL,256.48,2025-10-17,9,140.0,CALL,117.6,116.35,117.55,1,82,1.7363,0.9909,0.0004,-0.1124,0.0099,0.0338,1.832,116.48,1.12,d7f64d77efd1,2025-10-07
2025-10-07,2025-10-07 18:37:15.470119,AAPL,256.48,2025-10-17,9,145.0,CALL,111.29,111.15,112.55,3,178,1.5859,0.9922,0.0003,-0.0935,0.0086,0.0352,1.7688,111.48,0.0,cb2be17e4b3b,2025-10-07
2025-10-07,2025-10-07 18:37:15.470437,AAPL,256.48,2025-10-17,9,150.0,CALL,108.65,106.45,107.1,3,718,1.4522,0.9933,0.0003,-0.0794,0.0076,0.0365,1.7099,106.48,2.17,07325b02ca65,2025-10-07
2025-10-07,2025-10-07 18:37:15.470750,AAPL,256.48,2025-10-17,9,155.0,CALL,102.35,100.85,102.4,2,176,1.2461,0.9963,0.0002,-0.0498,0.0045,0.0379,1.6547,101.48,0.87,c40d5e1d8325,2025-10-07
2025-10-07,2025-10-07 18:37:15.471066,AAPL,256.48,2025-10-17,9,160.0,CALL,97.5,95.8,97.55,1,299,1.2217,0.9948,0.0003,-0.0605,0.006,0.0391,1.603,96.48,1.02,f972f067f890,2025-10-07
2025-10-07,2025-10-07 18:37:15.471382,AAPL,256.48,2025-10-17,9,165.0,CALL,91.25,91.25,92.6,2,234,1.3008,0.9883,0.0006,-0.1088,0.0123,0.0398,1.5544,91.48,0.0,d765faec2130,2025-10-07
2025-10-07,2025-10-07 18:37:15.471698,AAPL,256.48,2025-10-17,9,170.0,CALL,87.4,86.2,87.6,17,650,1.2119,0.9882,0.0006,-0.1043,0.0124,0.0411,1.5087,86.48,0.92,59e51758c3f8,2025-10-07
2025-10-07,2025-10-07 18:37:15.472023,AAPL,256.48,2025-10-17,9,175.0,CALL,82.38,81.35,82.5,2,1033,1.1484,0.9867,0.0007,-0.1091,0.0138,0.0422,1.4656,81.48,0.9,3a4cca297bd7,2025-10-07
2025-10-07,2025-10-07 18:37:15.472340,AAPL,256.48,2025-10-17,9,180.0,CALL,76.73,76.5,77.4,6,1746,1.085,0.985,0.0009,-0.1136,0.0153,0.0433,1.4249,76.48,0.25,90b29b554430,2025-10-07
2025-10-07,2025-10-07 18:37:15.472655,AAPL,256.48,2025-10-17,9,185.0,CALL,71.92,71.0,72.1,3,651,0.7695,0.9972,0.0003,-0.0374,0.0034,0.0454,1.3864,71.48,0.44,1c85a8480c76,2025-10-07
2025-10-07,2025-10-07 18:37:15.472964,AAPL,256.48,2025-10-17,9,190.0,CALL,67.27,66.55,67.55,27,1396,0.9746,0.9795,0.0013,-0.1304,0.0199,0.0454,1.3499,66.48,0.79,4ad0d4980f59,2025-10-07
2025-10-07,2025-10-07 18:37:15.473270,AAPL,256.48,2025-10-17,9,195.0,CALL,61.28,61.5,61.95,7,1881,0.7822,0.9893,0.0009,-0.0731,0.0114,0.0473,1.3153,61.48,0.0,6ebd1640aa86,2025-10-07
2025-10-07,2025-10-07 18:37:15.473557,AAPL,256.48,2025-10-17,9,200.0,CALL,56.69,56.55,57.25,25,2960,0.7871,0.9814,0.0014,-0.1042,0.0183,0.048,1.2824,56.48,0.21,38804f77a00f,2025-10-07
2025-10-07,2025-10-07 18:37:15.473844,AAPL,256.48,2025-10-17,9,205.0,CALL,51.23,51.6,52.0,10,7393,0.687,0.9839,0.0015,-0.0867,0.0162,0.0494,1.2511,51.48,0.0,fb98dcedb506,2025-10-07
2025-10-07,2025-10-07 18:37:15.474139,AAPL,256.48,2025-10-17,9,210.0,CALL,46.5,46.6,47.4,12,20262,0.6831,0.9731,0.0023,-0.12,0.025,0.0499,1.2213,46.48,0.02,6985a1b5474c,2025-10-07
2025-10-07,2025-10-07 18:37:15.474427,AAPL,256.48,2025-10-17,9,215.0,CALL,41.93,41.7,42.2,205,13089,0.604,0.9725,0.0026,-0.1111,0.0255,0.0512,1.1929,41.48,0.45,4b738164a1e3,2025-10-07
2025-10-07,2025-10-07 18:37:15.474712,AAPL,256.48,2025-10-17,9,217.5,CALL,39.62,39.05,39.6,2,47,0.5381,0.9776,0.0025,-0.0902,0.0215,0.0521,1.1792,38.98,0.64,c7fb530539d5,2025-10-07
2025-10-07,2025-10-07 18:37:15.475009,AAPL,256.48,2025-10-17,9,220.0,CALL,36.8,36.45,37.3,91,13428,0.5205,0.9733,0.0029,-0.0982,0.0249,0.0524,1.1658,36.48,0.32,4b4de81f12ca,2025-10-07
2025-10-07,2025-10-07 18:37:15.475298,AAPL,256.48,2025-10-17,9,222.5,CALL,34.1,34.1,34.75,27,16,0.501,0.9686,0.0035,-0.1057,0.0285,0.0528,1.1527,33.98,0.12,f20edff543ba,2025-10-07
2025-10-07,2025-10-07 18:37:15.475584,AAPL,256.48,2025-10-17,9,225.0,CALL,31.62,31.7,32.15,98,13643,0.5129,0.9535,0.0047,-0.1379,0.0392,0.0524,1.1399,31.48,0.14,9792b0108096,2025-10-07
2025-10-07,2025-10-07 18:37:15.475876,AAPL,256.48,2025-10-17,9,227.5,CALL,29.23,28.6,29.9,5,134,0.5178,0.9369,0.0059,-0.1696,0.0499,0.0519,1.1274,28.98,0.25,a47864458e35,2025-10-07
2025-10-07,2025-10-07 18:37:15.476163,AAPL,256.48,2025-10-17,9,230.0,CALL,27.0,26.8,27.15,312,20559,0.4446,0.9465,0.0061,-0.1349,0.0438,0.0532,1.1151,26.48,0.52,afa14a5f522d,2025-10-07
2025-10-07,2025-10-07 18:37:15.476446,AAPL,256.48,2025-10-17,9,232.5,CALL,24.47,24.15,24.9,4,75,0.4458,0.9269,0.0077,-0.1647,0.0559,0.0525,1.1031,23.98,0.49,4861c8073c3c,2025-10-07
2025-10-07,2025-10-07 18:37:15.476736,AAPL,256.48,2025-10-17,9,235.0,CALL,21.89,21.9,22.25,474,17533,0.3899,0.9302,0.0085,-0.1435,0.054,0.0533,1.0914,21.48,0.41,6c8185dcb485,2025-10-07
2025-10-07,2025-10-07 18:37:15.477023,AAPL,256.48,2025-10-17,9,237.5,CALL,19.09,19.4,19.8,11,213,0.3608,0.92,0.0102,-0.1467,0.0599,0.0533,1.0799,18.98,0.11,b1aee4e65899,2025-10-07
2025-10-07,2025-10-07 18:37:15.477317,AAPL,256.48,2025-10-17,9,240.0,CALL,17.15,17.1,17.3,510,27662,0.3247,0.9114,0.0123,-0.1433,0.0646,0.0534,1.0687,16.48,0.67,dcb8eaf5f93b,2025-10-07
2025-10-07,2025-10-07 18:37:15.477606,AAPL,256.48,2025-10-17,9,242.5,CALL,14.55,14.65,14.95,93,343,0.3037,0.8892,0.0155,-0.1547,0.0761,0.0526,1.0576,13.98,0.57,9e2f0655d893,2025-10-07
2025-10-07,2025-10-07 18:37:15.477893,AAPL,256.48,2025-10-17,9,245.0,CALL,12.53,12.45,12.6,1761,16841,0.2788,0.8628,0.0195,-0.1627,0.0884,0.0515,1.0469,11.48,1.05,f91ecac9fe3f,2025-10-07
2025-10-07,2025-10-07 18:37:15.478177,AAPL,256.48,2025-10-17,9,247.5,CALL,10.4,10.25,10.45,99,2664,0.266,0.8161,0.0248,-0.1828,0.1071,0.0491,1.0363,8.98,1.42,64b5a5d2097d,2025-10-07
2025-10-07,2025-10-07 18:37:15.478470,AAPL,256.48,2025-10-17,9,250.0,CALL,8.3,8.0,8.4,512,32340,0.2523,0.7561,0.0309,-0.2,0.1263,0.0458,1.0259,6.48,1.82,41f7ec833f91,2025-10-07
2025-10-07,2025-10-07 18:37:15.478752,AAPL,256.48,2025-10-17,9,252.5,CALL,6.55,6.4,6.55,709,2437,0.2422,0.677,0.0368,-0.2152,0.1446,0.0412,1.0158,3.98,2.57,5f91c783fae3,2025-10-07
2025-10-07,2025-10-07 18:37:15.479034,AAPL,256.48,2025-10-17,9,255.0,CALL,4.8,4.8,4.9,3512,21265,0.2324,0.5821,0.0417,-0.2209,0.1573,0.0357,1.0058,1.48,3.32,3b5abc0af5b7,2025-10-07
2025-10-07,2025-10-07 18:37:15.479308,AAPL,256.48,2025-10-17,9,257.5,CALL,3.47,3.4,3.5,11402,11650,0.2241,0.4746,0.0441,-0.2143,0.1603,0.0292,0.996,0.0,3.47,9b8f745e98f7,2025-10-07
2025-10-07,2025-10-07 18:37:15.479575,AAPL,256.48,2025-10-17,9,260.0,CALL,2.4,2.37,2.45,11490,31064,0.2217,0.3661,0.0421,-0.1979,0.1515,0.0226,0.9865,0.0,2.4,d75875e7c269,2025-10-07
2025-10-07,2025-10-07 18:37:15.479837,AAPL,256.48,2025-10-17,9,262.5,CALL,1.58,1.57,1.66,7906,10981,0.2206,0.2675,0.037,-0.1707,0.1325,0.0166,0.9771,0.0,1.58,6c7391eab04e,2025-10-07
2025-10-07,2025-10-07 18:37:15.480098,AAPL,256.48,2025-10-17,9,265.0,CALL,1.02,1.03,1.05,4233,18186,0.2173,0.1819,0.0302,-0.1341,0.1064,0.0113,0.9678,0.0,1.02,fcc3a9958741,2025-10-07
2025-10-07,2025-10-07 18:37:15.480363,AAPL,256.48,2025-10-17,9,267.5,CALL,0.69,0.66,0.7,1048,3459,0.2216,0.1231,0.0228,-0.1048,0.082,0.0076,0.9588,0.0,0.69,4893d82598e1,2025-10-07
2025-10-07,2025-10-07 18:37:15.480627,AAPL,256.48,2025-10-17,9,270.0,CALL,0.44,0.43,0.45,5659,21409,0.2246,0.0797,0.0164,-0.077,0.0597,0.005,0.9499,0.0,0.44,96a4df72b4ed,2025-10-07
2025-10-07,2025-10-07 18:37:15.480889,AAPL,256.48,2025-10-17,9,272.5,CALL,0.29,0.28,0.3,251,1199,0.2305,0.052,0.0115,-0.0565,0.0429,0.0032,0.9412,0.0,0.29,83c6b75175a6,2025-10-07
2025-10-07,2025-10-07 18:37:15.481154,AAPL,256.48,2025-10-17,9,275.0,CALL,0.2,0.19,0.2,1433,14380,0.2363,0.0336,0.0079,-0.0406,0.0301,0.0021,0.9327,0.0,0.2,7df601674717,2025-10-07
2025-10-07,2025-10-07 18:37:15.481420,AAPL,256.48,2025-10-17,9,280.0,CALL,0.09,0.09,0.1,546,12204,0.2529,0.0153,0.0038,-0.0223,0.0155,0.001,0.916,0.0,0.09,4d8962ed54f4,2025-10-07
2025-10-07,2025-10-07 18:37:15.481687,AAPL,256.48,2025-10-17,9,285.0,CALL,0.06,0.05,0.06,81,3505,0.2734,0.008,0.002,-0.0137,0.0088,0.0005,0.8999,0.0,0.06,7a867d642472,2025-10-07
2025-10-07,2025-10-07 18:37:15.481949,AAPL,256.48,2025-10-17,9,290.0,CALL,0.04,0.02,0.04,2325,4178,0.2969,0.0048,0.0012,-0.0095,0.0056,0.0003,0.8844,0.0,0.04,79587e661095,2025-10-07
2025-10-07,2025-10-07 18:37:15.482218,AAPL,256.48,2025-10-17,9,295.0,CALL,0.01,0.01,0.02,340,4266,0.3086,0.0023,0.0006,-0.0049,0.0028,0.0001,0.8694,0.0,0.01,6a313752f51a,2025-10-07
2025-10-07,2025-10-07 18:37:15.482482,AAPL,256.48,2025-10-17,9,300.0,CALL,0.02,0.01,0.02,604,13287,0.3399,0.0019,0.0004,-0.0047,0.0025,0.0001,0.8549,0.0,0.02,59c62d040eaa,2025-10-07
2025-10-07,2025-10-07 18:37:15.482748,AAPL,256.48,2025-10-17,9,305.0,CALL,0.02,0.0,0.02,3,640,0.3711,0.0017,0.0004,-0.0046,0.0022,0.0001,0.8409,0.0,0.02,b51026c38587,2025-10-07
2025-10-07,2025-10-07 18:37:15.483017,AAPL,256.48,2025-10-17,9,310.0,CALL,0.01,0.0,0.01,19,1800,0.375,0.0008,0.0002,-0.0022,0.0011,0.0,0.8274,0.0,0.01,26cc31a1c80d,2025-10-07
2025-10-07,2025-10-07 18:37:15.483279,AAPL,256.48,2025-10-17,9,315.0,CALL,0.01,0.0,0.01,4,628,0.4063,0.0008,0.0002,-0.0024,0.001,0.0,0.8142,0.0,0.01,365ab33c1263,2025-10-07
2025-10-07,2025-10-07 18:37:15.483541,AAPL,256.48,2025-10-17,9,320.0,CALL,0.01,0.0,0.01,2,1573,0.4297,0.0006,0.0001,-0.0021,0.0009,0.0,0.8015,0.0,0.01,c69640354ffd,2025-10-07
2025-10-07,2025-10-07 18:37:15.483806,AAPL,256.48,2025-10-17,9,325.0,CALL,0.01,0.0,0.01,3,642,0.4609,0.0006,0.0001,-0.0023,0.0009,0.0,0.7892,0.0,0.01,34919480bc57,2025-10-07
2025-10-07,2025-10-07 18:37:15.484071,AAPL,256.48,2025-10-17,9,330.0,CALL,0.01,0.0,0.01,11,885,0.4844,0.0006,0.0001,-0.0021,0.0008,0.0,0.7772,0.0,0.01,9861cb722bb3,2025-10-07
2025-10-07,2025-10-07 18:37:15.484333,AAPL,256.48,2025-10-17,9,335.0,CALL,0.01,0.0,0.01,20,82,0.5156,0.0006,0.0001,-0.0024,0.0008,0.0,0.7656,0.0,0.01,9c0017169c84,2025-10-07
2025-10-07,2025-10-07 18:37:15.484604,AAPL,256.48,2025-10-17,9,340.0,CALL,0.01,0.0,0.01,35,153,0.5156,0.0003,0.0001,-0.0013,0.0005,0.0,0.7544,0.0,0.01,867e0e0535d2,2025-10-07
2025-10-07,2025-10-07 18:37:15.484872,AAPL,256.48,2025-10-17,9,345.0,CALL,0.01,0.0,0.01,1,391,0.5313,0.0002,0.0,-0.001,0.0004,0.0,0.7434,0.0,0.01,a6dcd5549ed7,2025-10-07
2025-10-07,2025-10-07 18:37:15.485136,AAPL,256.48,2025-10-17,9,350.0,CALL,0.01,0.0,0.0,150,450,0.25,0.0,0.0,-0.0,0.0,0.0,0.7328,0.0,0.01,e9d1aae104d3,2025-10-07
2025-10-07,2025-10-07 18:37:15.485389,AAPL,256.48,2025-10-17,9,355.0,CALL,0.01,0.0,0.01,25,225,0.5781,0.0002,0.0,-0.001,0.0003,0.0,0.7225,0.0,0.01,93dce602dd02,2025-10-07
2025-10-07,2025-10-07 18:37:15.485640,AAPL,256.48,2025-10-17,9,360.0,CALL,0.01,0.0,0.01,1,1497,0.5938,0.0002,0.0,-0.0009,0.0003,0.0,0.7124,0.0,0.01,ba3688c218a1,2025-10-07
2025-10-07,2025-10-07 18:37:15.485887,AAPL,256.48,2025-10-17,9,370.0,CALL,0.01,0.0,0.01,16,2844,0.6406,0.0002,0.0,-0.0009,0.0003,0.0,0.6932,0.0,0.01,aac810e8f9e2,2025-10-07
2025-10-07,2025-10-07 18:37:15.486313,AAPL,256.48,2025-10-17,9,90.0,PUT,0.01,0.0,0.01,6,955,1.8125,-0.0001,0.0,-0.0011,0.0001,-0.0,2.8498,0.0,0.01,0e578f8ebcd2,2025-10-07
2025-10-07,2025-10-07 18:37:15.486577,AAPL,256.48,2025-10-17,9,95.0,PUT,0.01,0.0,0.01,1,1135,1.6875,-0.0001,0.0,-0.0008,0.0001,-0.0,2.6998,0.0,0.01,7f6f581b39b4,2025-10-07
2025-10-07,2025-10-07 18:37:15.486835,AAPL,256.48,2025-10-17,9,100.0,PUT,0.01,0.0,0.01,3,860,1.625,-0.0001,0.0,-0.001,0.0001,-0.0,2.5648,0.0,0.01,5f4822044369,2025-10-07
2025-10-07,2025-10-07 18:37:15.487086,AAPL,256.48,2025-10-17,9,105.0,PUT,0.02,0.0,0.01,1,292,1.5625,-0.0001,0.0,-0.0012,0.0001,-0.0,2.4427,0.0,0.02,a2553b788541,2025-10-07
2025-10-07,2025-10-07 18:37:15.487338,AAPL,256.48,2025-10-17,9,110.0,PUT,0.01,0.0,0.01,5,615,1.4688,-0.0001,0.0,-0.001,0.0001,-0.0,2.3316,0.0,0.01,a4c7cf82ca6e,2025-10-07
2025-10-07,2025-10-07 18:37:15.487591,AAPL,256.48,2025-10-17,9,115.0,PUT,0.01,0.0,0.01,20,595,1.375,-0.0001,0.0,-0.0008,0.0001,-0.0,2.2303,0.0,0.01,b0cd82c56dce,2025-10-07
2025-10-07,2025-10-07 18:37:15.487840,AAPL,256.48,2025-10-17,9,120.0,PUT,0.01,0.0,0.01,1,5856,1.3125,-0.0001,0.0,-0.0009,0.0001,-0.0,2.1373,0.0,0.01,fc98981269a2,2025-10-07
2025-10-07,2025-10-07 18:37:15.488091,AAPL,256.48,2025-10-17,9,125.0,PUT,0.01,0.0,0.01,40,1704,1.25,-0.0001,0.0,-0.0009,0.0001,-0.0,2.0518,0.0,0.01,e6fe2022dcd5,2025-10-07
2025-10-07,2025-10-07 18:37:15.488344,AAPL,256.48,2025-10-17,9,130.0,PUT,0.01,0.0,0.01,77,1185,1.1875,-0.0001,0.0,-0.001,0.0001,-0.0,1.9729,0.0,0.01,1f0763d38d5a,2025-10-07
2025-10-07,2025-10-07 18:37:15.488595,AAPL,256.48,2025-10-17,9,135.0,PUT,0.02,0.0,0.01,1,1456,1.125,-0.0001,0.0,-0.001,0.0002,-0.0,1.8999,0.0,0.02,c409132e7f17,2025-10-07
2025-10-07,2025-10-07 18:37:15.488845,AAPL,256.48,2025-10-17,9,140.0,PUT,0.01,0.0,0.01,3,2452,1.0625,-0.0001,0.0,-0.0009,0.0002,-0.0,1.832,0.0,0.01,083dd2713fd0,2025-10-07
2025-10-07,2025-10-07 18:37:15.489093,AAPL,256.48,2025-10-17,9,145.0,PUT,0.02,0.0,0.01,159,4240,1.0,-0.0001,0.0,-0.0009,0.0002,-0.0,1.7688,0.0,0.02,2ba559017f23,2025-10-07
2025-10-07,2025-10-07 18:37:15.489348,AAPL,256.48,2025-10-17,9,150.0,PUT,0.01,0.0,0.01,35,11358,0.9375,-0.0001,0.0,-0.0008,0.0002,-0.0,1.7099,0.0,0.01,428618d30521,2025-10-07
2025-10-07,2025-10-07 18:37:15.489598,AAPL,256.48,2025-10-17,9,155.0,PUT,0.02,0.0,0.01,105,3080,0.9063,-0.0001,0.0,-0.0012,0.0002,-0.0,1.6547,0.0,0.02,0601298ae158,2025-10-07
2025-10-07,2025-10-07 18:37:15.489846,AAPL,256.48,2025-10-17,9,160.0,PUT,0.01,0.0,0.01,25,14170,0.8438,-0.0001,0.0,-0.001,0.0002,-0.0,1.603,0.0,0.01,8e69f3eeaec5,2025-10-07
2025-10-07,2025-10-07 18:37:15.490099,AAPL,256.48,2025-10-17,9,165.0,PUT,0.01,0.0,0.01,20,6556,0.7813,-0.0001,0.0,-0.0008,0.0002,-0.0,1.5544,0.0,0.01,bf60d23133c3,2025-10-07
2025-10-07,2025-10-07 18:37:15.490350,AAPL,256.48,2025-10-17,9,170.0,PUT,0.01,0.01,0.02,136,7268,0.8125,-0.0005,0.0001,-0.0032,0.0007,-0.0,1.5087,0.0,0.01,f631f8fa2d00,2025-10-07
2025-10-07,2025-10-07 18:37:15.490603,AAPL,256.48,2025-10-17,9,175.0,PUT,0.02,0.01,0.02,50,5444,0.7578,-0.0005,0.0001,-0.0031,0.0007,-0.0,1.4656,0.0,0.02,c9f246656796,2025-10-07
2025-10-07,2025-10-07 18:37:15.490849,AAPL,256.48,2025-10-17,9,180.0,PUT,0.01,0.01,0.02,47,12064,0.7031,-0.0005,0.0001,-0.003,0.0008,-0.0,1.4249,0.0,0.01,19914570adf9,2025-10-07
2025-10-07,2025-10-07 18:37:15.491086,AAPL,256.48,2025-10-17,9,185.0,PUT,0.03,0.01,0.03,24,10097,0.6719,-0.0008,0.0001,-0.004,0.0011,-0.0001,1.3864,0.0,0.03,2ccb7a01fb62,2025-10-07
2025-10-07,2025-10-07 18:37:15.491328,AAPL,256.48,2025-10-17,9,190.0,PUT,0.04,0.02,0.03,21,13993,0.6367,-0.0011,0.0001,-0.0052,0.0015,-0.0001,1.3499,0.0,0.04,4318dc07d0ec,2025-10-07
2025-10-07,2025-10-07 18:37:15.491566,AAPL,256.48,2025-10-17,9,195.0,PUT,0.03,0.02,0.04,8,9823,0.5977,-0.0014,0.0002,-0.0063,0.0019,-0.0001,1.3153,0.0,0.03,a43e4524e7c6,2025-10-07
2025-10-07,2025-10-07 18:37:15.491806,AAPL,256.48,2025-10-17,9,200.0,PUT,0.03,0.02,0.04,32,16775,0.5469,-0.0016,0.0002,-0.0062,0.0021,-0.0001,1.2824,0.0,0.03,f945d449d95c,2025-10-07
2025-10-07,2025-10-07 18:37:15.492044,AAPL,256.48,2025-10-17,9,205.0,PUT,0.05,0.04,0.05,176,11693,0.5215,-0.0026,0.0004,-0.0094,0.0033,-0.0002,1.2511,0.0,0.05,b3560050e1ec,2025-10-07
2025-10-07,2025-10-07 18:37:15.492283,AAPL,256.48,2025-10-17,9,210.0,PUT,0.05,0.05,0.06,50,28556,0.4883,-0.0039,0.0006,-0.0125,0.0047,-0.0003,1.2213,0.0,0.05,66dc144435b9,2025-10-07
2025-10-07,2025-10-07 18:37:15.492525,AAPL,256.48,2025-10-17,9,215.0,PUT,0.07,0.05,0.07,92,17032,0.4453,-0.005,0.0008,-0.0143,0.0059,-0.0003,1.1929,0.0,0.07,ac4687b31724,2025-10-07
2025-10-07,2025-10-07 18:37:15.492761,AAPL,256.48,2025-10-17,9,217.5,PUT,0.07,0.06,0.08,107,481,0.4277,-0.0061,0.001,-0.0164,0.007,-0.0004,1.1792,0.0,0.07,fc1693424feb,2025-10-07
2025-10-07,2025-10-07 18:37:15.493002,AAPL,256.48,2025-10-17,9,220.0,PUT,0.07,0.07,0.08,475,20041,0.4014,-0.0065,0.0011,-0.0162,0.0074,-0.0004,1.1658,0.0,0.07,1380aef85a7e,2025-10-07
2025-10-07,2025-10-07 18:37:15.493240,AAPL,256.48,2025-10-17,9,222.5,PUT,0.1,0.08,0.1,305,316,0.3877,-0.0086,0.0015,-0.0199,0.0094,-0.0006,1.1527,0.0,0.1,ea97006bd3ce,2025-10-07
2025-10-07,2025-10-07 18:37:15.493478,AAPL,256.48,2025-10-17,9,225.0,PUT,0.1,0.09,0.11,391,11171,0.3662,-0.01,0.0018,-0.0216,0.0108,-0.0006,1.1399,0.0,0.1,56391346fb4b,2025-10-07
2025-10-07,2025-10-07 18:37:15.493725,AAPL,256.48,2025-10-17,9,227.5,PUT,0.14,0.11,0.13,31,1337,0.3486,-0.0126,0.0023,-0.025,0.0131,-0.0008,1.1274,0.0,0.14,0ab3e7714c04,2025-10-07
2025-10-07,2025-10-07 18:37:15.493962,AAPL,256.48,2025-10-17,9,230.0,PUT,0.15,0.14,0.15,1323,13164,0.3291,-0.0155,0.0029,-0.0283,0.0157,-0.001,1.1151,0.0,0.15,e7e4c84742cf,2025-10-07
2025-10-07,2025-10-07 18:37:15.494202,AAPL,256.48,2025-10-17,9,232.5,PUT,0.19,0.17,0.19,159,1896,0.314,-0.0208,0.004,-0.0344,0.0201,-0.0013,1.1031,0.0,0.19,be519109d925,2025-10-07
2025-10-07,2025-10-07 18:37:15.494443,AAPL,256.48,2025-10-17,9,235.0,PUT,0.24,0.21,0.23,1422,10451,0.2959,-0.0268,0.0052,-0.0402,0.025,-0.0017,1.0914,0.0,0.24,838fb753bb9d,2025-10-07
2025-10-07,2025-10-07 18:37:15.494681,AAPL,256.48,2025-10-17,9,237.5,PUT,0.31,0.28,0.3,370,1348,0.2817,-0.0371,0.0071,-0.0499,0.0327,-0.0024,1.0799,0.0,0.31,796b40d422ac,2025-10-07
2025-10-07,2025-10-07 18:37:15.494921,AAPL,256.48,2025-10-17,9,240.0,PUT,0.39,0.37,0.39,2023,13097,0.2666,-0.0512,0.0098,-0.061,0.0423,-0.0033,1.0687,0.0,0.39,d6382f984b9b,2025-10-07
2025-10-07,2025-10-07 18:37:15.495158,AAPL,256.48,2025-10-17,9,242.5,PUT,0.53,0.51,0.55,1818,4414,0.2564,-0.0749,0.0137,-0.0787,0.057,-0.0048,1.0576,0.0,0.53,676207140a6d,2025-10-07
2025-10-07,2025-10-07 18:37:15.495399,AAPL,256.48,2025-10-17,9,245.0,PUT,0.8,0.73,0.76,922,6439,0.2444,-0.1072,0.0188,-0.0975,0.0744,-0.0069,1.0469,0.0,0.8,ae9c8483dd92,2025-10-07
2025-10-07,2025-10-07 18:37:15.495638,AAPL,256.48,2025-10-17,9,247.5,PUT,1.07,1.05,1.08,1035,5534,0.2347,-0.155,0.0252,-0.1201,0.096,-0.01,1.0363,0.0,1.07,9a572af3fae2,2025-10-07
2025-10-07,2025-10-07 18:37:15.495877,AAPL,256.48,2025-10-17,9,250.0,PUT,1.52,1.49,1.59,9769,11597,0.2297,-0.2242,0.0323,-0.1466,0.1205,-0.0145,1.0259,0.0,1.52,ebf2ff1ee240,2025-10-07
2025-10-07,2025-10-07 18:37:15.496116,AAPL,256.48,2025-10-17,9,252.5,PUT,2.15,2.12,2.21,1256,3807,0.2201,-0.3079,0.0397,-0.1633,0.1417,-0.0199,1.0158,0.0,2.15,167e734526d2,2025-10-07
2025-10-07,2025-10-07 18:37:15.496356,AAPL,256.48,2025-10-17,9,255.0,PUT,3.0,2.94,3.05,3648,6466,0.2114,-0.4113,0.0457,-0.1707,0.1567,-0.0266,1.0058,0.0,3.0,4b5f304585b8,2025-10-07
2025-10-07,2025-10-07 18:37:15.496592,AAPL,256.48,2025-10-17,9,257.5,PUT,4.2,4.1,4.2,975,3359,0.2061,-0.5288,0.0479,-0.1663,0.1603,-0.0344,0.996,1.02,3.18,170fb1224c79,2025-10-07
2025-10-07,2025-10-07 18:37:15.496824,AAPL,256.48,2025-10-17,9,260.0,PUT,5.7,5.15,5.7,443,2546,0.2056,-0.645,0.045,-0.1502,0.1499,-0.0421,0.9865,3.52,2.18,c727fc13ea02,2025-10-07
2025-10-07,2025-10-07 18:37:15.497055,AAPL,256.48,2025-10-17,9,262.5,PUT,7.45,7.15,7.4,63,213,0.2015,-0.7524,0.0389,-0.1179,0.1273,-0.0493,0.9771,6.02,1.43,68574bafe046,2025-10-07
2025-10-07,2025-10-07 18:37:15.497282,AAPL,256.48,2025-10-17,9,265.0,PUT,9.2,9.2,9.4,1005,422,0.2033,-0.8348,0.0304,-0.0855,0.1001,-0.055,0.9678,8.52,0.68,4cb0954fe153,2025-10-07
2025-10-07,2025-10-07 18:37:15.497506,AAPL,256.48,2025-10-17,9,267.5,PUT,11.8,11.25,11.6,10,127,0.2092,-0.8907,0.0222,-0.0581,0.0754,-0.0591,0.9588,11.02,0.78,9f9a9dce480f,2025-10-07
2025-10-07,2025-10-07 18:37:15.497730,AAPL,256.48,2025-10-17,9,270.0,PUT,13.9,13.65,13.9,1016,180,0.2153,-0.9292,0.0156,-0.0343,0.0546,-0.0621,0.9499,13.52,0.38,9fc638450368,2025-10-07
2025-10-07,2025-10-07 18:37:15.497956,AAPL,256.48,2025-10-17,9,272.5,PUT,17.04,15.9,16.45,49,2,0.251,-0.9318,0.013,-0.0424,0.053,-0.0629,0.9412,16.02,1.02,7031d61da3fc,2025-10-07
2025-10-07,2025-10-07 18:37:15.498185,AAPL,256.48,2025-10-17,9,275.0,PUT,18.91,18.3,18.9,3,102,0.271,-0.9442,0.0103,-0.0361,0.0453,-0.0643,0.9327,18.52,0.39,c7982fcfe45d,2025-10-07
2025-10-07,2025-10-07 18:37:15.498416,AAPL,256.48,2025-10-17,9,280.0,PUT,23.65,23.15,23.85,5,7,0.314,-0.9584,0.007,-0.0293,0.0358,-0.0664,0.916,23.52,0.13,e7a8facede19,2025-10-07
2025-10-07,2025-10-07 18:37:15.498641,AAPL,256.48,2025-10-17,9,285.0,PUT,27.05,28.05,28.9,6,0,0.3731,-0.9601,0.0057,-0.0379,0.0346,-0.0677,0.8999,28.52,0.0,610d83505f4b,2025-10-07
2025-10-07,2025-10-07 18:37:15.498872,AAPL,256.48,2025-10-17,9,290.0,PUT,31.75,33.3,33.9,3,3,0.4209,-0.9647,0.0046,-0.0386,0.0313,-0.0693,0.8844,33.52,0.0,f5e308c82739,2025-10-07
2025-10-07,2025-10-07 18:37:15.499100,AAPL,256.48,2025-10-17,9,295.0,PUT,68.15,38.1,38.8,2,0,0.4414,-0.9755,0.0032,-0.0212,0.0232,-0.0711,0.8694,38.52,29.63,7eaacfe95156,2025-10-07
2025-10-07,2025-10-07 18:37:15.499326,AAPL,256.48,2025-10-17,9,300.0,PUT,44.1,43.0,43.9,3,0,0.5107,-0.9713,0.0032,-0.0389,0.0264,-0.0721,0.8549,43.52,0.58,f4c5258101f8,2025-10-07
2025-10-07,2025-10-07 18:37:15.499556,AAPL,256.48,2025-10-17,9,305.0,PUT,48.05,48.3,48.85,2,0,0.54,-0.9766,0.0025,-0.03,0.0223,-0.0737,0.8409,48.52,0.0,d220c8257cc3,2025-10-07
2025-10-07,2025-10-07 18:37:15.499790,AAPL,256.48,2025-10-17,9,315.0,PUT,69.7,58.05,59.15,1,0,0.5059,-0.9944,0.0008,0.0204,0.0065,-0.0772,0.8142,58.52,11.18,0942341fe75c,2025-10-07
2025-10-07,2025-10-07 18:37:15.500017,AAPL,256.48,2025-10-17,9,320.0,PUT,65.4,62.95,63.85,1,0,0.6592,-0.981,0.0017,-0.0295,0.0187,-0.0777,0.8015,63.52,1.88,07924a4d8b43,2025-10-07
2025-10-07,2025-10-07 18:37:15.500246,AAPL,256.48,2025-10-17,9,330.0,PUT,98.75,95.7,96.25,0,0,2.5454,-0.6657,0.0036,-2.0409,0.1466,-0.0647,0.7772,73.52,25.23,dc103ac11be6,2025-10-07
2025-10-07,2025-10-07 18:37:15.500474,AAPL,256.48,2025-10-17,9,335.0,PUT,89.55,78.05,79.05,5,0,0.5703,-0.9983,0.0002,0.0341,0.0022,-0.0824,0.7656,78.52,11.03,df8bf88ae77d,2025-10-07
2025-10-07,2025-10-07 18:37:15.500702,AAPL,256.48,2025-10-17,9,355.0,PUT,157.02,0.0,0.0,0,0,0.0,-1.0,0.0,0.0437,0.0,-0.0874,0.7225,98.52,58.5,4a3300887ba7,2025-10-07
2025-10-07,2025-10-07 18:37:15.500933,AAPL,256.48,2025-10-17,9,360.0,PUT,162.01,0.0,0.0,0,0,0.0,-1.0,0.0,0.0443,0.0,-0.0887,0.7124,103.52,58.49,5e28a1f7030e,2025-10-07
2025-10-07,2025-10-07 18:37:15.501162,AAPL,256.48,2025-10-17,9,370.0,PUT,159.95,141.9,142.5,0,0,3.384,-0.6634,0.0027,-2.7257,0.147,-0.0756,0.6932,113.52,46.43,a767ccf8c957,2025-10-07
2025-10-07,2025-10-07 18:37:15.856111,AAPL,256.48,2025-10-24,16,110.0,CALL,143.35,146.2,147.4,1,3,1.7393,0.994,0.0002,-0.0629,0.0091,0.0474,2.3316,146.48,0.0,7eef6a1c85c8,2025-10-07
2025-10-07,2025-10-07 18:37:15.856729,AAPL,256.48,2025-10-24,16,120.0,CALL,133.19,136.2,137.2,0,1,1.4961,0.9952,0.0002,-0.0498,0.0075,0.0519,2.1373,136.48,0.0,cab0f984ef99,2025-10-07
2025-10-07,2025-10-07 18:37:15.857278,AAPL,256.48,2025-10-24,16,125.0,CALL,133.49,131.25,132.35,3,3,1.4961,0.993,0.0002,-0.064,0.0105,0.0538,2.0518,131.48,2.01,560b6b82aefe,2025-10-07
2025-10-07,2025-10-07 18:37:15.857817,AAPL,256.48,2025-10-24,16,140.0,CALL,116.1,116.25,117.55,1,1,1.334,0.9897,0.0004,-0.0782,0.0147,0.06,1.832,116.48,0.0,8e168f1810b9,2025-10-07
2025-10-07,2025-10-07 18:37:15.858564,AAPL,256.48,2025-10-24,16,160.0,CALL,94.18,96.25,97.35,0,1,1.0244,0.9897,0.0005,-0.0662,0.0146,0.0688,1.603,96.48,0.0,c26a1f4c9733,2025-10-07
2025-10-07,2025-10-07 18:37:15.859143,AAPL,256.48,2025-10-24,16,165.0,CALL,90.95,91.5,92.5,1,2,1.0435,0.9837,0.0007,-0.0909,0.0218,0.0702,1.5544,91.48,0.0,8d52b2e583ee,2025-10-07
2025-10-07,2025-10-07 18:37:15.860266,AAPL,256.48,2025-10-24,16,170.0,CALL,76.03,86.35,87.55,6,6,0.9653,0.984,0.0008,-0.0851,0.0214,0.0724,1.5087,86.48,0.0,730123e96ddc,2025-10-07
2025-10-07,2025-10-07 18:37:15.860835,AAPL,256.48,2025-10-24,16,175.0,CALL,83.45,81.1,82.75,1,1,0.8975,0.9838,0.0008,-0.082,0.0218,0.0746,1.4656,81.48,1.97,0c9ff3b8fef2,2025-10-07
2025-10-07,2025-10-07 18:37:15.861447,AAPL,256.48,2025-10-24,16,180.0,CALL,78.35,76.2,77.65,1,12,0.8403,0.9826,0.001,-0.0821,0.023,0.0767,1.4249,76.48,1.87,872fab6ddc1d,2025-10-07
2025-10-07,2025-10-07 18:37:15.862017,AAPL,256.48,2025-10-24,16,185.0,CALL,69.8,71.2,72.3,1,2,0.7227,0.9877,0.0008,-0.061,0.0171,0.0795,1.3864,71.48,0.0,98a6d64adc8b,2025-10-07
2025-10-07,2025-10-07 18:37:15.862512,AAPL,256.48,2025-10-24,16,190.0,CALL,67.62,66.6,67.35,1,17,0.7427,0.9783,0.0013,-0.0873,0.0279,0.0805,1.3499,66.48,1.14,f7b3a3297c10,2025-10-07
2025-10-07,2025-10-07 18:37:15.863021,AAPL,256.48,2025-10-24,16,195.0,CALL,63.2,61.25,62.45,1,9,0.6533,0.9815,0.0013,-0.073,0.0243,0.0831,1.3153,61.48,1.72,0734b2cb4d88,2025-10-07
2025-10-07,2025-10-07 18:37:15.863507,AAPL,256.48,2025-10-24,16,200.0,CALL,57.17,56.65,57.45,1,76,0.6514,0.9717,0.0019,-0.0945,0.0348,0.0841,1.2824,56.48,0.69,19cb52d585f9,2025-10-07
2025-10-07,2025-10-07 18:37:15.863984,AAPL,256.48,2025-10-24,16,205.0,CALL,52.8,51.35,52.9,5,22,0.6118,0.9663,0.0023,-0.1011,0.0403,0.0857,1.2511,51.48,1.32,c2c79a4bb2aa,2025-10-07
2025-10-07,2025-10-07 18:37:15.864472,AAPL,256.48,2025-10-24,16,210.0,CALL,46.6,46.3,47.9,2,45,0.553,0.9642,0.0026,-0.0977,0.0423,0.0877,1.2213,46.48,0.12,ef2721139dcd,2025-10-07
2025-10-07,2025-10-07 18:37:15.864959,AAPL,256.48,2025-10-24,16,215.0,CALL,41.45,41.15,42.75,32,122,0.5903,0.9338,0.0041,-0.1516,0.069,0.0862,1.1929,41.48,0.0,cf441275e767,2025-10-07
2025-10-07,2025-10-07 18:37:15.865638,AAPL,256.48,2025-10-24,16,220.0,CALL,37.18,36.85,37.75,1,574,0.5308,0.927,0.0049,-0.1481,0.0744,0.0876,1.1658,36.48,0.7,361b0e374e10,2025-10-07
2025-10-07,2025-10-07 18:37:15.866177,AAPL,256.48,2025-10-24,16,225.0,CALL,32.15,31.35,33.0,10,527,0.4961,0.9085,0.0062,-0.1615,0.0883,0.0876,1.1399,31.48,0.67,f3a8c278f3ed,2025-10-07
2025-10-07,2025-10-07 18:37:15.866860,AAPL,256.48,2025-10-24,16,230.0,CALL,27.44,27.1,27.45,8,1418,0.3821,0.9232,0.007,-0.1182,0.0774,0.0917,1.1151,26.48,0.96,244260f6ad38,2025-10-07
2025-10-07,2025-10-07 18:37:15.867607,AAPL,256.48,2025-10-24,16,235.0,CALL,22.43,22.3,22.7,25,1879,0.3478,0.897,0.0096,-0.1302,0.0963,0.0908,1.0914,21.48,0.95,c912af5a2903,2025-10-07
2025-10-07,2025-10-07 18:37:15.868219,AAPL,256.48,2025-10-24,16,240.0,CALL,17.9,17.7,17.9,33,2579,0.3025,0.8668,0.0132,-0.1344,0.1155,0.0895,1.0687,16.48,1.42,fe37fce7e397,2025-10-07
2025-10-07,2025-10-07 18:37:15.868792,AAPL,256.48,2025-10-24,16,245.0,CALL,13.35,13.25,13.5,170,2806,0.2756,0.8041,0.0187,-0.1516,0.1484,0.0844,1.0469,11.48,1.87,41e3b7289c29,2025-10-07
2025-10-07,2025-10-07 18:37:15.869363,AAPL,256.48,2025-10-24,16,250.0,CALL,9.4,9.3,9.45,140,8364,0.2507,0.7093,0.0255,-0.1655,0.184,0.0756,1.0259,6.48,2.92,1ee5a059f4c3,2025-10-07
2025-10-07,2025-10-07 18:37:15.869916,AAPL,256.48,2025-10-24,16,255.0,CALL,6.0,5.95,6.1,757,5347,0.2351,0.5723,0.0311,-0.1722,0.2107,0.0617,1.0058,1.48,4.52,5fa75cc92cd5,2025-10-07
2025-10-07,2025-10-07 18:37:15.870455,AAPL,256.48,2025-10-24,16,260.0,CALL,3.46,3.45,3.55,3748,17220,0.2238,0.4108,0.0324,-0.1586,0.2089,0.0447,0.9865,0.0,3.46,7813c2457095,2025-10-07
2025-10-07,2025-10-07 18:37:15.870927,AAPL,256.48,2025-10-24,16,265.0,CALL,1.84,1.84,1.92,3716,6093,0.2201,0.26,0.0274,-0.1278,0.1742,0.0284,0.9678,0.0,1.84,019b7f322d53,2025-10-07
2025-10-07,2025-10-07 18:37:15.871398,AAPL,256.48,2025-10-24,16,270.0,CALL,0.93,0.92,0.95,1401,9943,0.2185,0.1453,0.0194,-0.0882,0.1226,0.016,0.9499,0.0,0.93,3169d5e6ae6a,2025-10-07
2025-10-07,2025-10-07 18:37:15.871865,AAPL,256.48,2025-10-24,16,275.0,CALL,0.47,0.46,0.48,1003,5936,0.2236,0.0773,0.0121,-0.0568,0.0778,0.0085,0.9327,0.0,0.47,a4195a9c85f8,2025-10-07
2025-10-07,2025-10-07 18:37:15.872325,AAPL,256.48,2025-10-24,16,280.0,CALL,0.26,0.24,0.26,1473,2545,0.2337,0.0419,0.0071,-0.0364,0.0481,0.0046,0.916,0.0,0.26,034600a76222,2025-10-07
2025-10-07,2025-10-07 18:37:15.872793,AAPL,256.48,2025-10-24,16,285.0,CALL,0.13,0.13,0.14,124,5397,0.2432,0.0224,0.0041,-0.0224,0.0286,0.0025,0.8999,0.0,0.13,a7f07b0283fc,2025-10-07
2025-10-07,2025-10-07 18:37:15.873257,AAPL,256.48,2025-10-24,16,290.0,CALL,0.08,0.07,0.09,186,4486,0.2578,0.0135,0.0025,-0.0154,0.0186,0.0015,0.8844,0.0,0.08,0e4fa1888986,2025-10-07
2025-10-07,2025-10-07 18:37:15.873725,AAPL,256.48,2025-10-24,16,295.0,CALL,0.06,0.04,0.06,50,399,0.2734,0.0086,0.0016,-0.011,0.0126,0.001,0.8694,0.0,0.06,1715d2221a8d,2025-10-07
2025-10-07,2025-10-07 18:37:15.874187,AAPL,256.48,2025-10-24,16,300.0,CALL,0.04,0.03,0.1,227,1683,0.3223,0.0119,0.0018,-0.0172,0.0167,0.0013,0.8549,0.0,0.04,333d28682750,2025-10-07
2025-10-07,2025-10-07 18:37:15.874658,AAPL,256.48,2025-10-24,16,305.0,CALL,0.02,0.02,0.03,1,113,0.3027,0.0038,0.0007,-0.0058,0.0061,0.0004,0.8409,0.0,0.02,790b157f477a,2025-10-07
2025-10-07,2025-10-07 18:37:15.875122,AAPL,256.48,2025-10-24,16,310.0,CALL,0.02,0.01,0.02,18,130,0.3145,0.0024,0.0004,-0.0041,0.0041,0.0003,0.8274,0.0,0.02,abd759ac466e,2025-10-07
2025-10-07,2025-10-07 18:37:15.875586,AAPL,256.48,2025-10-24,16,315.0,CALL,0.02,0.0,0.02,1,111,0.3379,0.0022,0.0004,-0.0041,0.0038,0.0002,0.8142,0.0,0.02,d76b5fd15c91,2025-10-07
2025-10-07,2025-10-07 18:37:15.876042,AAPL,256.48,2025-10-24,16,320.0,CALL,0.01,0.0,0.02,22,95,0.3594,0.002,0.0003,-0.0039,0.0034,0.0002,0.8015,0.0,0.01,a2ab28fd8105,2025-10-07
2025-10-07,2025-10-07 18:37:15.876480,AAPL,256.48,2025-10-24,16,325.0,CALL,0.01,0.0,0.01,1,98,0.3594,0.001,0.0002,-0.0021,0.0018,0.0001,0.7892,0.0,0.01,c599b9eb2c68,2025-10-07
2025-10-07,2025-10-07 18:37:15.877052,AAPL,256.48,2025-10-24,16,110.0,PUT,0.01,0.0,0.21,3,53,1.5117,-0.0023,0.0001,-0.0179,0.0038,-0.0003,2.3316,0.0,0.01,3173f95748ab,2025-10-07
2025-10-07,2025-10-07 18:37:15.877444,AAPL,256.48,2025-10-24,16,130.0,PUT,0.01,0.0,0.01,50,53,0.9375,-0.0002,0.0,-0.0011,0.0004,-0.0,1.9729,0.0,0.01,97ea67bc0d3c,2025-10-07
2025-10-07,2025-10-07 18:37:15.877844,AAPL,256.48,2025-10-24,16,135.0,PUT,0.02,0.0,0.06,100,103,1.0234,-0.0009,0.0001,-0.0054,0.0017,-0.0001,1.8999,0.0,0.02,1a221a66ea2c,2025-10-07
2025-10-07,2025-10-07 18:37:15.878160,AAPL,256.48,2025-10-24,16,140.0,PUT,0.01,0.0,0.23,201,226,1.1211,-0.0034,0.0002,-0.0192,0.0055,-0.0004,1.832,0.0,0.01,f2dd10243c85,2025-10-07
2025-10-07,2025-10-07 18:37:15.878524,AAPL,256.48,2025-10-24,16,145.0,PUT,0.02,0.0,0.06,1,46,0.918,-0.0011,0.0001,-0.0054,0.0019,-0.0001,1.7688,0.0,0.02,21f33c193d8f,2025-10-07
2025-10-07,2025-10-07 18:37:15.878916,AAPL,256.48,2025-10-24,16,150.0,PUT,0.01,0.0,0.02,75,73,0.7813,-0.0004,0.0,-0.0018,0.0007,-0.0,1.7099,0.0,0.01,92e6ce989632,2025-10-07
2025-10-07,2025-10-07 18:37:15.879310,AAPL,256.48,2025-10-24,16,155.0,PUT,0.05,0.0,0.08,3,6,0.8398,-0.0015,0.0001,-0.0069,0.0027,-0.0002,1.6547,0.0,0.05,54c6806bedf0,2025-10-07
2025-10-07,2025-10-07 18:37:15.879665,AAPL,256.48,2025-10-24,16,160.0,PUT,0.02,0.0,0.03,6,27,0.7188,-0.0006,0.0001,-0.0026,0.0012,-0.0001,1.603,0.0,0.02,6e91939b6b23,2025-10-07
2025-10-07,2025-10-07 18:37:15.879964,AAPL,256.48,2025-10-24,16,165.0,PUT,0.02,0.0,0.02,25,19,0.6563,-0.0005,0.0,-0.0019,0.0009,-0.0001,1.5544,0.0,0.02,4f141002f091,2025-10-07
2025-10-07,2025-10-07 18:37:15.880309,AAPL,256.48,2025-10-24,16,170.0,PUT,0.03,0.0,0.03,9,214,0.6328,-0.0007,0.0001,-0.0026,0.0013,-0.0001,1.5087,0.0,0.03,faab7522d35c,2025-10-07
2025-10-07,2025-10-07 18:37:15.880668,AAPL,256.48,2025-10-24,16,175.0,PUT,0.02,0.01,0.1,7,77,0.6758,-0.0027,0.0002,-0.0092,0.0044,-0.0003,1.4656,0.0,0.02,23099a97bbee,2025-10-07
2025-10-07,2025-10-07 18:37:15.880964,AAPL,256.48,2025-10-24,16,180.0,PUT,0.05,0.01,0.03,1,34,0.5703,-0.0012,0.0001,-0.0037,0.0021,-0.0001,1.4249,0.0,0.05,be3fa1f57707,2025-10-07
2025-10-07,2025-10-07 18:37:15.881285,AAPL,256.48,2025-10-24,16,185.0,PUT,0.04,0.02,0.04,1,556,0.5508,-0.0018,0.0002,-0.0053,0.0031,-0.0002,1.3864,0.0,0.04,8550fecacd53,2025-10-07
2025-10-07,2025-10-07 18:37:15.881591,AAPL,256.48,2025-10-24,16,190.0,PUT,0.06,0.02,0.05,1,64,0.5156,-0.0022,0.0002,-0.0059,0.0037,-0.0003,1.3499,0.0,0.06,53086fbe9307,2025-10-07
2025-10-07,2025-10-07 18:37:15.881888,AAPL,256.48,2025-10-24,16,195.0,PUT,0.05,0.03,0.05,2,175,0.4941,-0.0033,0.0004,-0.0081,0.0053,-0.0004,1.3153,0.0,0.05,9f32268803b5,2025-10-07
2025-10-07,2025-10-07 18:37:15.882197,AAPL,256.48,2025-10-24,16,200.0,PUT,0.07,0.05,0.06,31,2581,0.4629,-0.0042,0.0005,-0.0095,0.0067,-0.0005,1.2824,0.0,0.07,c3bde6453c53,2025-10-07
2025-10-07,2025-10-07 18:37:15.882533,AAPL,256.48,2025-10-24,16,205.0,PUT,0.08,0.07,0.08,25,2440,0.4375,-0.006,0.0007,-0.0123,0.0091,-0.0007,1.2511,0.0,0.08,20ca5037f555,2025-10-07
2025-10-07,2025-10-07 18:37:15.882864,AAPL,256.48,2025-10-24,16,210.0,PUT,0.08,0.08,0.09,39,860,0.4023,-0.0074,0.0009,-0.0135,0.0109,-0.0009,1.2213,0.0,0.08,a1bb20002194,2025-10-07
2025-10-07,2025-10-07 18:37:15.883198,AAPL,256.48,2025-10-24,16,215.0,PUT,0.12,0.1,0.12,21,584,0.375,-0.0104,0.0014,-0.017,0.0148,-0.0012,1.1929,0.0,0.12,5ce8e9a725be,2025-10-07
2025-10-07,2025-10-07 18:37:15.883534,AAPL,256.48,2025-10-24,16,220.0,PUT,0.15,0.14,0.16,147,3503,0.3472,-0.0148,0.002,-0.0214,0.0202,-0.0017,1.1658,0.0,0.15,c0029aeeb61d,2025-10-07
2025-10-07,2025-10-07 18:37:15.883868,AAPL,256.48,2025-10-24,16,225.0,PUT,0.23,0.2,0.22,106,1020,0.3203,-0.0219,0.003,-0.0274,0.0281,-0.0025,1.1399,0.0,0.23,22665cbdf4fe,2025-10-07
2025-10-07,2025-10-07 18:37:15.884208,AAPL,256.48,2025-10-24,16,230.0,PUT,0.33,0.31,0.32,124,2675,0.2954,-0.034,0.0048,-0.0363,0.0405,-0.0039,1.1151,0.0,0.33,919c50f613d3,2025-10-07
2025-10-07,2025-10-07 18:37:15.884547,AAPL,256.48,2025-10-24,16,235.0,PUT,0.51,0.47,0.49,317,2768,0.2722,-0.0551,0.0076,-0.0491,0.0598,-0.0063,1.0914,0.0,0.51,43374ce9e89b,2025-10-07
2025-10-07,2025-10-07 18:37:15.884884,AAPL,256.48,2025-10-24,16,240.0,PUT,0.77,0.76,0.8,264,2093,0.252,-0.093,0.0123,-0.0673,0.0893,-0.0107,1.0687,0.0,0.77,bc3cefb7d87a,2025-10-07
2025-10-07,2025-10-07 18:37:15.885228,AAPL,256.48,2025-10-24,16,245.0,PUT,1.35,1.32,1.36,1151,4597,0.2344,-0.1592,0.0193,-0.0902,0.1302,-0.0184,1.0469,0.0,1.35,715360bbc2cf,2025-10-07
2025-10-07,2025-10-07 18:37:15.885575,AAPL,256.48,2025-10-24,16,250.0,PUT,2.4,2.32,2.41,444,1706,0.2227,-0.2695,0.0276,-0.1147,0.1774,-0.0312,1.0259,0.0,2.4,bced12e63578,2025-10-07
2025-10-07,2025-10-07 18:37:15.885914,AAPL,256.48,2025-10-24,16,255.0,PUT,4.0,3.95,4.05,711,2719,0.2098,-0.4213,0.0347,-0.124,0.21,-0.0489,1.0058,0.0,4.0,5c6df98ca666,2025-10-07
2025-10-07,2025-10-07 18:37:15.886255,AAPL,256.48,2025-10-24,16,260.0,PUT,6.6,6.4,6.55,53,731,0.2001,-0.6015,0.0359,-0.1098,0.2073,-0.0703,0.9865,3.52,3.08,b6984bf8cbd4,2025-10-07
2025-10-07,2025-10-07 18:37:15.886595,AAPL,256.48,2025-10-24,16,265.0,PUT,10.0,9.8,10.0,24,84,0.1957,-0.767,0.0291,-0.075,0.1642,-0.0904,0.9678,8.52,1.48,ec6e5fafb5d9,2025-10-07
2025-10-07,2025-10-07 18:37:15.886931,AAPL,256.48,2025-10-24,16,270.0,PUT,14.18,13.95,14.2,76,234,0.197,-0.8804,0.0189,-0.0365,0.1072,-0.1049,0.9499,13.52,0.66,0ff6829375cb,2025-10-07
2025-10-07,2025-10-07 18:37:15.887270,AAPL,256.48,2025-10-24,16,275.0,PUT,18.95,18.5,18.95,2,104,0.218,-0.928,0.0117,-0.0186,0.0736,-0.1124,0.9327,18.52,0.43,2e28c6f0a3eb,2025-10-07
2025-10-07,2025-10-07 18:37:15.887611,AAPL,256.48,2025-10-24,16,280.0,PUT,22.84,23.1,23.9,1,30,0.2529,-0.9444,0.0083,-0.0149,0.0602,-0.1164,0.916,23.52,0.0,a3dda84ab89d,2025-10-07
2025-10-07,2025-10-07 18:37:15.887946,AAPL,256.48,2025-10-24,16,285.0,PUT,28.77,28.2,28.9,1,0,0.2918,-0.9519,0.0064,-0.0154,0.0537,-0.1194,0.8999,28.52,0.25,37018d675e4b,2025-10-07
2025-10-07,2025-10-07 18:37:15.888269,AAPL,256.48,2025-10-24,16,290.0,PUT,51.75,33.05,33.9,0,0,0.3291,-0.9572,0.0051,-0.0159,0.0488,-0.1222,0.8844,33.52,18.23,9049c3cfdadd,2025-10-07
2025-10-07,2025-10-07 18:37:15.888575,AAPL,256.48,2025-10-24,16,295.0,PUT,38.47,38.1,39.2,1,0,0.4109,-0.9407,0.0054,-0.0469,0.0634,-0.1226,0.8694,38.52,0.0,44a68d5b0b5d,2025-10-07
2025-10-07,2025-10-07 18:37:15.888881,AAPL,256.48,2025-10-24,16,300.0,PUT,44.2,43.05,43.95,0,0,0.4087,-0.9613,0.0038,-0.0218,0.0451,-0.127,0.8549,43.52,0.68,562da2a0d9c2,2025-10-07
2025-10-07,2025-10-07 18:37:15.889181,AAPL,256.48,2025-10-24,16,325.0,PUT,97.87,68.05,68.9,0,0,0.5576,-0.9746,0.002,-0.0162,0.0318,-0.1394,0.7892,68.52,29.35,ffb986d54ca9,2025-10-07
2025-10-08,2025-10-08 18:30:48.673845,AAPL,258.06,2025-10-10,1,110.0,CALL,148.05,147.3,148.8,5,5,4.8672,0.9997,0.0,-0.0449,0.0001,0.003,2.346,148.06,0.0,952ac94c9724,2025-10-08
2025-10-08,2025-10-08 18:30:48.674629,AAPL,258.06,2025-10-10,1,120.0,CALL,138.0,137.95,138.8,10,7,3.8711,0.9999,0.0,-0.0204,0.0,0.0033,2.1505,138.06,0.0,9e825773ad66,2025-10-08
2025-10-08,2025-10-08 18:30:48.675149,AAPL,258.06,2025-10-10,1,135.0,CALL,120.55,122.9,123.8,0,2,3.2871,0.9999,0.0,-0.0219,0.0,0.0037,1.9116,123.06,0.0,2015c9b1522b,2025-10-08
2025-10-08,2025-10-08 18:30:48.675661,AAPL,258.06,2025-10-10,1,140.0,CALL,118.12,117.35,118.85,1,4,2.4688,1.0,0.0,-0.0173,0.0,0.0038,1.8433,118.06,0.06,888a7b299c79,2025-10-08
2025-10-08,2025-10-08 18:30:48.676146,AAPL,258.06,2025-10-10,1,150.0,CALL,108.0,107.5,108.8,2,0,2.4063,1.0,0.0,-0.0189,0.0,0.0041,1.7204,108.06,0.0,bebfb2a87de8,2025-10-08
2025-10-08,2025-10-08 18:30:48.676633,AAPL,258.06,2025-10-10,1,160.0,CALL,93.91,97.9,98.85,1,6,2.5313,0.9999,0.0,-0.0277,0.0001,0.0044,1.6129,98.06,0.0,fe9253fe1252,2025-10-08
2025-10-08,2025-10-08 18:30:48.677134,AAPL,258.06,2025-10-10,1,165.0,CALL,91.99,92.45,93.9,1,0,2.0781,1.0,0.0,-0.0213,0.0,0.0045,1.564,93.06,0.0,029e1dd3a3a6,2025-10-08
2025-10-08,2025-10-08 18:30:48.677620,AAPL,258.06,2025-10-10,1,170.0,CALL,87.87,87.45,88.8,2,3,1.8281,1.0,0.0,-0.0212,0.0,0.0047,1.518,88.06,0.0,63659c60ddce,2025-10-08
2025-10-08,2025-10-08 18:30:48.678102,AAPL,258.06,2025-10-10,1,175.0,CALL,83.16,82.9,83.9,1,4,2.1328,0.9998,0.0,-0.0326,0.0001,0.0048,1.4746,83.06,0.1,aec4b4302ea8,2025-10-08
2025-10-08,2025-10-08 18:30:48.678570,AAPL,258.06,2025-10-10,1,180.0,CALL,78.38,77.9,78.85,2,42,1.9727,0.9998,0.0,-0.0322,0.0001,0.0049,1.4337,78.06,0.32,22f65675a89e,2025-10-08
2025-10-08,2025-10-08 18:30:48.679050,AAPL,258.06,2025-10-10,1,185.0,CALL,73.45,72.4,73.9,3,4,1.5469,1.0,0.0,-0.0236,0.0,0.0051,1.3949,73.06,0.39,2f8329cc1a4c,2025-10-08
2025-10-08,2025-10-08 18:30:48.679468,AAPL,258.06,2025-10-10,1,190.0,CALL,67.43,67.4,68.85,1,26,1.3789,1.0,0.0,-0.0238,0.0,0.0052,1.3582,68.06,0.0,3b2d7e5bb071,2025-10-08
2025-10-08,2025-10-08 18:30:48.679862,AAPL,258.06,2025-10-10,1,195.0,CALL,63.37,63.0,63.7,2,109,1.5664,0.9997,0.0,-0.0346,0.0001,0.0053,1.3234,63.06,0.31,c049a5d15b6e,2025-10-08
2025-10-08,2025-10-08 18:30:48.680261,AAPL,258.06,2025-10-10,1,200.0,CALL,58.35,58.0,58.8,3,226,1.4824,0.9996,0.0001,-0.0405,0.0002,0.0055,1.2903,58.06,0.29,b18552d98e5d,2025-10-08
2025-10-08,2025-10-08 18:30:48.680657,AAPL,258.06,2025-10-10,1,205.0,CALL,53.37,52.7,53.85,4,69,1.2607,0.9998,0.0,-0.0321,0.0001,0.0056,1.2588,53.06,0.31,c86c0bc4e055,2025-10-08
2025-10-08,2025-10-08 18:30:48.681055,AAPL,258.06,2025-10-10,1,210.0,CALL,48.45,47.5,48.35,14,254,1.2041,0.9995,0.0001,-0.0397,0.0002,0.0057,1.2289,48.06,0.39,20d0d5a3ca6b,2025-10-08
2025-10-08,2025-10-08 18:30:48.681462,AAPL,258.06,2025-10-10,1,215.0,CALL,43.42,43.0,43.25,18,301,0.8711,1.0,0.0,-0.0272,0.0,0.0059,1.2003,43.06,0.36,86138a8e3f71,2025-10-08
2025-10-08,2025-10-08 18:30:48.681856,AAPL,258.06,2025-10-10,1,217.5,CALL,40.66,40.4,40.8,9,112,0.7734,1.0,0.0,-0.0271,0.0,0.006,1.1865,40.56,0.1,9f5416b6417d,2025-10-08
2025-10-08,2025-10-08 18:30:48.682254,AAPL,258.06,2025-10-10,1,220.0,CALL,38.55,37.95,38.3,478,1227,0.7734,1.0,0.0,-0.0279,0.0,0.006,1.173,38.06,0.49,cb15cad93e16,2025-10-08
2025-10-08,2025-10-08 18:30:48.682656,AAPL,258.06,2025-10-10,1,222.5,CALL,35.45,35.1,36.25,2,304,0.7852,0.9999,0.0001,-0.0303,0.0001,0.0061,1.1598,35.56,0.0,5906a479ff72,2025-10-08
2025-10-08,2025-10-08 18:30:48.683050,AAPL,258.06,2025-10-10,1,225.0,CALL,33.28,32.95,33.3,24,891,0.6758,1.0,0.0,-0.0287,0.0,0.0062,1.1469,33.06,0.22,4a177e26a4f7,2025-10-08
2025-10-08,2025-10-08 18:30:48.683448,AAPL,258.06,2025-10-10,1,227.5,CALL,30.49,30.45,30.8,7,1404,0.6289,0.9999,0.0,-0.0291,0.0,0.0062,1.1343,30.56,0.0,9be2a90b1ffb,2025-10-08
2025-10-08,2025-10-08 18:30:48.683846,AAPL,258.06,2025-10-10,1,230.0,CALL,28.55,28.0,28.3,232,2612,0.6074,0.9999,0.0001,-0.0305,0.0001,0.0063,1.122,28.06,0.49,7388004e0942,2025-10-08
2025-10-08,2025-10-08 18:30:48.684238,AAPL,258.06,2025-10-10,1,232.5,CALL,25.59,25.55,26.15,5,282,0.6836,0.9983,0.0006,-0.0533,0.0007,0.0064,1.1099,25.56,0.03,8ab364347ae4,2025-10-08
2025-10-08,2025-10-08 18:30:48.684630,AAPL,258.06,2025-10-10,1,235.0,CALL,23.29,23.1,23.25,94,2309,0.5293,0.9997,0.0002,-0.0334,0.0002,0.0064,1.0981,23.06,0.23,a9568e19cbe1,2025-10-08
2025-10-08,2025-10-08 18:30:48.685020,AAPL,258.06,2025-10-10,1,237.5,CALL,20.91,20.2,20.9,29,298,0.5884,0.9967,0.0013,-0.0689,0.0014,0.0065,1.0866,20.56,0.35,4b7f2b124bf2,2025-10-08
2025-10-08,2025-10-08 18:30:48.685377,AAPL,258.06,2025-10-10,1,240.0,CALL,18.18,18.0,18.35,194,2394,0.5107,0.9969,0.0014,-0.0624,0.0013,0.0066,1.0753,18.06,0.12,3fabe3e829b3,2025-10-08
2025-10-08,2025-10-08 18:30:48.685726,AAPL,258.06,2025-10-10,1,242.5,CALL,15.97,15.6,16.25,1576,1757,0.563,0.9834,0.0054,-0.1865,0.0056,0.0065,1.0642,15.56,0.41,3a6175ad7113,2025-10-08
2025-10-08,2025-10-08 18:30:48.686062,AAPL,258.06,2025-10-10,1,245.0,CALL,13.22,13.15,13.35,829,4975,0.3936,0.9944,0.003,-0.0724,0.0022,0.0067,1.0533,13.06,0.16,75bc865d4bed,2025-10-08
2025-10-08,2025-10-08 18:30:48.686403,AAPL,258.06,2025-10-10,1,247.5,CALL,10.95,10.65,10.9,347,5828,0.3467,0.9898,0.0058,-0.0938,0.0037,0.0067,1.0427,10.56,0.39,5387aa9d5c0d,2025-10-08
2025-10-08,2025-10-08 18:30:48.686743,AAPL,258.06,2025-10-10,1,250.0,CALL,8.45,8.25,8.45,2624,22243,0.2944,0.981,0.0117,-0.1224,0.0063,0.0067,1.0322,8.06,0.39,e25fc6bad970,2025-10-08
2025-10-08,2025-10-08 18:30:48.687083,AAPL,258.06,2025-10-10,1,252.5,CALL,6.0,5.9,6.1,1016,4627,0.2534,0.9513,0.0295,-0.2023,0.0136,0.0066,1.022,5.56,0.44,2ddd5930ea63,2025-10-08
2025-10-08,2025-10-08 18:30:48.687429,AAPL,258.06,2025-10-10,1,255.0,CALL,3.92,3.85,3.95,6934,10313,0.2232,0.8503,0.0773,-0.3776,0.0315,0.0059,1.012,3.06,0.86,23bdc0760542,2025-10-08
2025-10-08,2025-10-08 18:30:48.687770,AAPL,258.06,2025-10-10,1,257.5,CALL,2.18,2.18,2.24,26737,12952,0.2087,0.5853,0.1382,-0.568,0.0526,0.0041,1.0022,0.56,1.62,3011aade4c89,2025-10-08
2025-10-08,2025-10-08 18:30:48.688107,AAPL,258.06,2025-10-10,1,260.0,CALL,1.04,1.04,1.05,70218,32730,0.1987,0.2411,0.1161,-0.4259,0.0421,0.0017,0.9925,0.0,1.04,ff888d87206d,2025-10-08
2025-10-08,2025-10-08 18:30:48.688445,AAPL,258.06,2025-10-10,1,262.5,CALL,0.43,0.41,0.43,26257,21234,0.1983,0.0519,0.0397,-0.1439,0.0143,0.0004,0.9831,0.0,0.43,60cf7c5c65dc,2025-10-08
2025-10-08,2025-10-08 18:30:48.688789,AAPL,258.06,2025-10-10,1,265.0,CALL,0.17,0.16,0.17,23661,17880,0.2056,0.0072,0.0072,-0.0278,0.0027,0.0001,0.9738,0.0,0.17,3e91ee242b2a,2025-10-08
2025-10-08,2025-10-08 18:30:48.689127,AAPL,258.06,2025-10-10,1,267.5,CALL,0.07,0.07,0.08,5878,8775,0.2227,0.0011,0.0012,-0.0055,0.0005,0.0,0.9647,0.0,0.07,dd69eb536961,2025-10-08
2025-10-08,2025-10-08 18:30:48.689474,AAPL,258.06,2025-10-10,1,270.0,CALL,0.03,0.03,0.04,5599,22007,0.2402,0.0002,0.0002,-0.0011,0.0001,0.0,0.9558,0.0,0.03,8a644eb2e7d7,2025-10-08
2025-10-08,2025-10-08 18:30:48.689821,AAPL,258.06,2025-10-10,1,272.5,CALL,0.01,0.01,0.03,904,9172,0.2695,0.0001,0.0001,-0.0005,0.0,0.0,0.947,0.0,0.01,337ce3881078,2025-10-08
2025-10-08,2025-10-08 18:30:48.690176,AAPL,258.06,2025-10-10,1,275.0,CALL,0.02,0.01,0.02,815,11813,0.293,0.0,0.0,-0.0002,0.0,0.0,0.9384,0.0,0.02,feab38566d2e,2025-10-08
2025-10-08,2025-10-08 18:30:48.690512,AAPL,258.06,2025-10-10,1,277.5,CALL,0.01,0.01,0.02,869,1045,0.3281,0.0,0.0,-0.0001,0.0,0.0,0.9299,0.0,0.01,3f4ebd08d2c8,2025-10-08
2025-10-08,2025-10-08 18:30:48.690852,AAPL,258.06,2025-10-10,1,280.0,CALL,0.01,0.0,0.01,198,3792,0.3359,0.0,0.0,-0.0,0.0,0.0,0.9216,0.0,0.01,6081e1879a19,2025-10-08
2025-10-08,2025-10-08 18:30:48.691160,AAPL,258.06,2025-10-10,1,282.5,CALL,0.01,0.0,0.01,58,1061,0.3711,0.0,0.0,-0.0,0.0,0.0,0.9135,0.0,0.01,146bd60abc8a,2025-10-08
2025-10-08,2025-10-08 18:30:48.691461,AAPL,258.06,2025-10-10,1,285.0,CALL,0.01,0.0,0.01,101,2620,0.4063,0.0,0.0,-0.0,0.0,0.0,0.9055,0.0,0.01,7eee7530dd11,2025-10-08
2025-10-08,2025-10-08 18:30:48.691767,AAPL,258.06,2025-10-10,1,287.5,CALL,0.01,0.0,0.01,1,1220,0.4375,0.0,0.0,-0.0,0.0,0.0,0.8976,0.0,0.01,8fa680105e8d,2025-10-08
2025-10-08,2025-10-08 18:30:48.692073,AAPL,258.06,2025-10-10,1,290.0,CALL,0.01,0.0,0.01,4,964,0.4688,0.0,0.0,-0.0,0.0,0.0,0.8899,0.0,0.01,0d621264a24e,2025-10-08
2025-10-08,2025-10-08 18:30:48.692371,AAPL,258.06,2025-10-10,1,295.0,CALL,0.01,0.0,0.01,25,1342,0.5,0.0,0.0,-0.0,0.0,0.0,0.8748,0.0,0.01,b0c691fef5cd,2025-10-08
2025-10-08,2025-10-08 18:30:48.692685,AAPL,258.06,2025-10-10,1,300.0,CALL,0.01,0.0,0.01,1,1763,0.5469,0.0,0.0,-0.0,0.0,0.0,0.8602,0.0,0.01,3bd855d874e5,2025-10-08
2025-10-08,2025-10-08 18:30:48.692989,AAPL,258.06,2025-10-10,1,305.0,CALL,0.01,0.0,0.01,1,298,0.6094,0.0,0.0,-0.0,0.0,0.0,0.8461,0.0,0.01,c2564954a3bc,2025-10-08
2025-10-08,2025-10-08 18:30:48.693293,AAPL,258.06,2025-10-10,1,310.0,CALL,0.01,0.0,0.01,300,750,0.6563,0.0,0.0,-0.0,0.0,0.0,0.8325,0.0,0.01,4c55956939b4,2025-10-08
2025-10-08,2025-10-08 18:30:48.693602,AAPL,258.06,2025-10-10,1,315.0,CALL,0.03,0.0,0.01,0,63,0.7188,0.0,0.0,-0.0,0.0,0.0,0.8192,0.0,0.03,2a919cfe8bf0,2025-10-08
2025-10-08,2025-10-08 18:30:48.693909,AAPL,258.06,2025-10-10,1,320.0,CALL,0.02,0.0,0.01,0,189,0.75,0.0,0.0,-0.0,0.0,0.0,0.8064,0.0,0.02,cef6c3c65746,2025-10-08
2025-10-08,2025-10-08 18:30:48.694215,AAPL,258.06,2025-10-10,1,325.0,CALL,0.01,0.0,0.01,2,36,0.8125,0.0,0.0,-0.0,0.0,0.0,0.794,0.0,0.01,75b936a88ce6,2025-10-08
2025-10-08,2025-10-08 18:30:48.694674,AAPL,258.06,2025-10-10,1,120.0,PUT,0.01,0.0,0.01,4,38,2.5625,-0.0,0.0,-0.0,0.0,-0.0,2.1505,0.0,0.01,e49b7cee0bc3,2025-10-08
2025-10-08,2025-10-08 18:30:48.694980,AAPL,258.06,2025-10-10,1,125.0,PUT,0.01,0.0,0.01,1,2,2.4375,-0.0,0.0,-0.0,0.0,-0.0,2.0645,0.0,0.01,ddc3d2b906d6,2025-10-08
2025-10-08,2025-10-08 18:30:48.695287,AAPL,258.06,2025-10-10,1,135.0,PUT,0.01,0.0,0.01,80,103,2.1875,-0.0,0.0,-0.0,0.0,-0.0,1.9116,0.0,0.01,2a4a848ac222,2025-10-08
2025-10-08,2025-10-08 18:30:48.695602,AAPL,258.06,2025-10-10,1,140.0,PUT,0.01,0.0,0.01,0,110,2.0625,-0.0,0.0,-0.0,0.0,-0.0,1.8433,0.0,0.01,5b557a6a070f,2025-10-08
2025-10-08,2025-10-08 18:30:48.695904,AAPL,258.06,2025-10-10,1,145.0,PUT,0.02,0.0,0.01,0,15,1.9375,-0.0,0.0,-0.0,0.0,-0.0,1.7797,0.0,0.02,f87dd0f95a24,2025-10-08
2025-10-08,2025-10-08 18:30:48.696207,AAPL,258.06,2025-10-10,1,150.0,PUT,0.01,0.0,0.01,1,7,1.8125,-0.0,0.0,-0.0,0.0,-0.0,1.7204,0.0,0.01,c547115fa29d,2025-10-08
2025-10-08,2025-10-08 18:30:48.696510,AAPL,258.06,2025-10-10,1,155.0,PUT,0.01,0.0,0.01,191,212,1.75,-0.0,0.0,-0.0,0.0,-0.0,1.6649,0.0,0.01,7269334c358e,2025-10-08
2025-10-08,2025-10-08 18:30:48.696810,AAPL,258.06,2025-10-10,1,160.0,PUT,0.01,0.0,0.01,227,318,1.625,-0.0,0.0,-0.0,0.0,-0.0,1.6129,0.0,0.01,5e8a84b2654a,2025-10-08
2025-10-08,2025-10-08 18:30:48.697092,AAPL,258.06,2025-10-10,1,165.0,PUT,0.02,0.0,0.01,1,299,1.5313,-0.0,0.0,-0.0,0.0,-0.0,1.564,0.0,0.02,0ae71d48f6af,2025-10-08
2025-10-08,2025-10-08 18:30:48.697374,AAPL,258.06,2025-10-10,1,170.0,PUT,0.01,0.0,0.02,3,278,1.5313,-0.0,0.0,-0.0,0.0,-0.0,1.518,0.0,0.01,85a7071c494d,2025-10-08
2025-10-08,2025-10-08 18:30:48.697658,AAPL,258.06,2025-10-10,1,175.0,PUT,0.02,0.0,0.01,109,211,1.3438,-0.0,0.0,-0.0,0.0,-0.0,1.4746,0.0,0.02,36fcf90eb5c5,2025-10-08
2025-10-08,2025-10-08 18:30:48.697943,AAPL,258.06,2025-10-10,1,180.0,PUT,0.01,0.0,0.01,2,1364,1.25,-0.0,0.0,-0.0,0.0,-0.0,1.4337,0.0,0.01,d04e0fba43fc,2025-10-08
2025-10-08,2025-10-08 18:30:48.698229,AAPL,258.06,2025-10-10,1,185.0,PUT,0.01,0.0,0.01,1,1220,1.1563,-0.0,0.0,-0.0,0.0,-0.0,1.3949,0.0,0.01,faa917da3300,2025-10-08
2025-10-08,2025-10-08 18:30:48.698512,AAPL,258.06,2025-10-10,1,190.0,PUT,0.01,0.0,0.01,1,840,1.0625,-0.0,0.0,-0.0,0.0,-0.0,1.3582,0.0,0.01,10c3d21ec5b5,2025-10-08
2025-10-08,2025-10-08 18:30:48.698791,AAPL,258.06,2025-10-10,1,195.0,PUT,0.01,0.0,0.01,1,342,0.9844,-0.0,0.0,-0.0,0.0,-0.0,1.3234,0.0,0.01,990592e3530d,2025-10-08
2025-10-08,2025-10-08 18:30:48.699071,AAPL,258.06,2025-10-10,1,200.0,PUT,0.01,0.0,0.01,2,1461,0.9063,-0.0,0.0,-0.0,0.0,-0.0,1.2903,0.0,0.01,8b8cbdf24bca,2025-10-08
2025-10-08,2025-10-08 18:30:48.699353,AAPL,258.06,2025-10-10,1,205.0,PUT,0.01,0.0,0.01,3,3615,0.8125,-0.0,0.0,-0.0,0.0,-0.0,1.2588,0.0,0.01,4e7e313599c4,2025-10-08
2025-10-08,2025-10-08 18:30:48.699629,AAPL,258.06,2025-10-10,1,210.0,PUT,0.01,0.0,0.01,9,1377,0.75,-0.0,0.0,-0.0,0.0,-0.0,1.2289,0.0,0.01,e98ac2794239,2025-10-08
2025-10-08,2025-10-08 18:30:48.699909,AAPL,258.06,2025-10-10,1,215.0,PUT,0.01,0.0,0.01,2,1092,0.6563,-0.0,0.0,-0.0,0.0,-0.0,1.2003,0.0,0.01,86d70da43353,2025-10-08
2025-10-08,2025-10-08 18:30:48.700191,AAPL,258.06,2025-10-10,1,217.5,PUT,0.01,0.0,0.01,400,1054,0.625,-0.0,0.0,-0.0,0.0,-0.0,1.1865,0.0,0.01,35f294c072d7,2025-10-08
2025-10-08,2025-10-08 18:30:48.700469,AAPL,258.06,2025-10-10,1,220.0,PUT,0.01,0.0,0.01,21,6172,0.5938,-0.0,0.0,-0.0,0.0,-0.0,1.173,0.0,0.01,ef1fccc6f839,2025-10-08
2025-10-08,2025-10-08 18:30:48.700754,AAPL,258.06,2025-10-10,1,222.5,PUT,0.01,0.0,0.01,59,570,0.5469,-0.0,0.0,-0.0,0.0,-0.0,1.1598,0.0,0.01,17746c2bda15,2025-10-08
2025-10-08,2025-10-08 18:30:48.701037,AAPL,258.06,2025-10-10,1,225.0,PUT,0.01,0.0,0.15,265,2670,0.6895,-0.0001,0.0,-0.0013,0.0,-0.0,1.1469,0.0,0.01,eb1696ddf8e9,2025-10-08
2025-10-08,2025-10-08 18:30:48.701317,AAPL,258.06,2025-10-10,1,227.5,PUT,0.01,0.01,0.02,137,444,0.5234,-0.0,0.0,-0.0,0.0,-0.0,1.1343,0.0,0.01,3eda02f859de,2025-10-08
2025-10-08,2025-10-08 18:30:48.701593,AAPL,258.06,2025-10-10,1,230.0,PUT,0.01,0.01,0.02,70,2860,0.5,-0.0,0.0,-0.0001,0.0,-0.0,1.122,0.0,0.01,89dcc62ebb23,2025-10-08
2025-10-08,2025-10-08 18:30:48.701869,AAPL,258.06,2025-10-10,1,232.5,PUT,0.01,0.01,0.02,69,2165,0.4609,-0.0,0.0,-0.0001,0.0,-0.0,1.1099,0.0,0.01,75c2e6ada382,2025-10-08
2025-10-08,2025-10-08 18:30:48.702156,AAPL,258.06,2025-10-10,1,235.0,PUT,0.02,0.02,0.03,619,3693,0.4375,-0.0,0.0,-0.0003,0.0,-0.0,1.0981,0.0,0.02,102be20074fc,2025-10-08
2025-10-08,2025-10-08 18:30:48.702432,AAPL,258.06,2025-10-10,1,237.5,PUT,0.03,0.02,0.03,199,1970,0.3945,-0.0,0.0,-0.0003,0.0,-0.0,1.0866,0.0,0.03,975074cdc8ed,2025-10-08
2025-10-08,2025-10-08 18:30:48.702708,AAPL,258.06,2025-10-10,1,240.0,PUT,0.03,0.03,0.04,559,5215,0.3633,-0.0001,0.0001,-0.0006,0.0,-0.0,1.0753,0.0,0.03,7ede93a5cf78,2025-10-08
2025-10-08,2025-10-08 18:30:48.702968,AAPL,258.06,2025-10-10,1,242.5,PUT,0.04,0.04,0.05,541,7209,0.3281,-0.0001,0.0001,-0.0012,0.0001,-0.0,1.0642,0.0,0.04,1ff7d0a1cd25,2025-10-08
2025-10-08,2025-10-08 18:30:48.703233,AAPL,258.06,2025-10-10,1,245.0,PUT,0.06,0.06,0.07,1199,9182,0.2969,-0.0004,0.0004,-0.0028,0.0002,-0.0,1.0533,0.0,0.06,d2458dd06435,2025-10-08
2025-10-08,2025-10-08 18:30:48.703495,AAPL,258.06,2025-10-10,1,247.5,PUT,0.09,0.09,0.1,3643,8840,0.2647,-0.0012,0.0011,-0.0072,0.0005,-0.0,1.0427,0.0,0.09,5b6dfa9f7967,2025-10-08
2025-10-08,2025-10-08 18:30:48.703752,AAPL,258.06,2025-10-10,1,250.0,PUT,0.16,0.15,0.17,8328,14359,0.2373,-0.0051,0.0046,-0.0233,0.002,-0.0,1.0322,0.0,0.16,5b618f146305,2025-10-08
2025-10-08,2025-10-08 18:30:48.704014,AAPL,258.06,2025-10-10,1,252.5,PUT,0.33,0.31,0.33,6334,8576,0.2149,-0.0254,0.0204,-0.0851,0.008,-0.0002,1.022,0.0,0.33,f608eac52078,2025-10-08
2025-10-08,2025-10-08 18:30:48.704271,AAPL,258.06,2025-10-10,1,255.0,PUT,0.72,0.71,0.73,17182,10196,0.2022,-0.1263,0.0759,-0.279,0.028,-0.0009,1.012,0.0,0.72,e52d2400da9d,2025-10-08
2025-10-08,2025-10-08 18:30:48.704528,AAPL,258.06,2025-10-10,1,257.5,PUT,1.53,1.5,1.53,13766,4827,0.1926,-0.408,0.1492,-0.4921,0.0524,-0.0029,1.0022,0.0,1.53,30bfd184261b,2025-10-08
2025-10-08,2025-10-08 18:30:48.704787,AAPL,258.06,2025-10-10,1,260.0,PUT,2.86,2.81,2.92,4755,2332,0.1904,-0.7685,0.1185,-0.3672,0.0412,-0.0055,0.9925,1.94,0.92,eb4cfe46f118,2025-10-08
2025-10-08,2025-10-08 18:30:48.705046,AAPL,258.06,2025-10-10,1,262.5,PUT,4.9,4.65,4.9,715,2042,0.2034,-0.9436,0.0413,-0.1253,0.0153,-0.0068,0.9831,4.44,0.46,9f1c921ec4be,2025-10-08
2025-10-08,2025-10-08 18:30:48.705309,AAPL,258.06,2025-10-10,1,265.0,PUT,6.96,6.95,7.15,2508,927,0.2168,-0.9899,0.0092,-0.0071,0.0036,-0.0072,0.9738,6.94,0.02,bea115b366a0,2025-10-08
2025-10-08,2025-10-08 18:30:48.705568,AAPL,258.06,2025-10-10,1,267.5,PUT,9.75,9.35,9.8,34,73,0.312,-0.9855,0.0087,-0.0449,0.005,-0.0072,0.9647,9.44,0.31,465022bd55e1,2025-10-08
2025-10-08,2025-10-08 18:30:48.705832,AAPL,258.06,2025-10-10,1,270.0,PUT,11.8,11.9,12.15,49,191,0.3252,-0.9959,0.0028,0.0064,0.0016,-0.0074,0.9558,11.94,0.0,4cc52f45ae8d,2025-10-08
2025-10-08,2025-10-08 18:30:48.706096,AAPL,258.06,2025-10-10,1,272.5,PUT,14.6,14.25,14.9,8,7,0.4507,-0.989,0.0048,-0.0548,0.0039,-0.0074,0.947,14.44,0.16,98eac975c7e8,2025-10-08
2025-10-08,2025-10-08 18:30:48.706358,AAPL,258.06,2025-10-10,1,275.0,PUT,17.0,16.6,17.3,1,26,0.4766,-0.9943,0.0025,-0.0184,0.0022,-0.0075,0.9384,16.94,0.06,6cbc11f15e0c,2025-10-08
2025-10-08,2025-10-08 18:30:48.706622,AAPL,258.06,2025-10-10,1,280.0,PUT,23.16,21.7,22.45,1,1,0.625,-0.9933,0.0022,-0.0446,0.0025,-0.0076,0.9216,21.94,1.22,c0fc193cd99c,2025-10-08
2025-10-08,2025-10-08 18:30:48.706882,AAPL,258.06,2025-10-10,1,290.0,PUT,36.46,31.55,32.45,2,0,0.5723,-0.9999,0.0,0.0349,0.0,-0.0079,0.8899,31.94,4.52,57b347e69bcf,2025-10-08
2025-10-08,2025-10-08 18:30:48.707144,AAPL,258.06,2025-10-10,1,295.0,PUT,42.75,36.6,37.5,2,0,0.6992,-0.9999,0.0001,0.0338,0.0001,-0.0081,0.8748,36.94,5.81,5da81440a7ed,2025-10-08
2025-10-08,2025-10-08 18:30:48.707407,AAPL,258.06,2025-10-10,1,300.0,PUT,43.0,41.65,42.45,5,0,0.7734,-0.9999,0.0,0.0347,0.0001,-0.0082,0.8602,41.94,1.06,f3e7b8d50980,2025-10-08
2025-10-08,2025-10-08 18:30:48.707666,AAPL,258.06,2025-10-10,1,310.0,PUT,55.7,51.7,52.5,3,0,0.9629,-0.9998,0.0,0.0344,0.0001,-0.0085,0.8325,51.94,3.76,c72167be98dc,2025-10-08
2025-10-08,2025-10-08 18:30:48.707923,AAPL,258.06,2025-10-10,1,315.0,PUT,57.95,56.6,57.5,1,0,0.9805,-0.9999,0.0,0.0373,0.0,-0.0086,0.8192,56.94,1.01,9c92abb3c8c3,2025-10-08
2025-10-08,2025-10-08 18:30:48.708191,AAPL,258.06,2025-10-10,1,320.0,PUT,63.05,61.5,62.45,6,0,0.9141,-1.0,0.0,0.0393,0.0,-0.0088,0.8064,61.94,1.11,bba3f3f307f6,2025-10-08
2025-10-08,2025-10-08 18:30:48.875868,AAPL,258.06,2025-10-17,8,90.0,CALL,165.75,167.45,168.85,2,23,2.4531,0.999,0.0,-0.0311,0.0013,0.0196,2.8673,168.06,0.0,51a81ed06229,2025-10-08
2025-10-08,2025-10-08 18:30:48.876449,AAPL,258.06,2025-10-17,8,95.0,CALL,160.4,162.25,164.0,0,2,2.25,0.9992,0.0,-0.0258,0.001,0.0208,2.7164,163.06,0.0,cd11f59d4830,2025-10-08
2025-10-08,2025-10-08 18:30:48.877002,AAPL,258.06,2025-10-17,8,100.0,CALL,158.38,157.9,158.5,1,20,2.332,0.9983,0.0001,-0.0434,0.0021,0.0218,2.5806,158.06,0.32,fdce4c6c410e,2025-10-08
2025-10-08,2025-10-08 18:30:48.878054,AAPL,258.06,2025-10-17,8,105.0,CALL,110.26,122.4,124.25,2,14,0.0,1.0,0.0,-0.0129,0.0,0.023,2.4577,153.06,0.0,1472ee1d37a9,2025-10-08
2025-10-08,2025-10-08 18:30:48.878677,AAPL,258.06,2025-10-17,8,110.0,CALL,121.0,147.45,148.75,345,462,1.8438,0.9995,0.0,-0.0221,0.0007,0.0241,2.346,148.06,0.0,13a6f75db849,2025-10-08
2025-10-08,2025-10-08 18:30:48.879185,AAPL,258.06,2025-10-17,8,115.0,CALL,112.7,129.8,132.05,1,99,0.0,1.0,0.0,-0.0142,0.0,0.0252,2.244,143.06,0.0,0d1841f4d343,2025-10-08
2025-10-08,2025-10-08 18:30:48.879670,AAPL,258.06,2025-10-17,8,120.0,CALL,91.56,107.8,109.05,1,67,0.0,1.0,0.0,-0.0148,0.0,0.0263,2.1505,138.06,0.0,faaf163f3252,2025-10-08
2025-10-08,2025-10-08 18:30:48.880139,AAPL,258.06,2025-10-17,8,125.0,CALL,114.66,132.4,133.9,3,19,1.7227,0.9985,0.0001,-0.0351,0.0018,0.0273,2.0645,133.06,0.0,44037398b811,2025-10-08
2025-10-08,2025-10-08 18:30:48.880608,AAPL,258.06,2025-10-17,8,130.0,CALL,124.4,127.45,128.4,10,164,1.9385,0.9944,0.0002,-0.0899,0.0061,0.0281,1.9851,128.06,0.0,3ec373055b00,2025-10-08
2025-10-08,2025-10-08 18:30:48.881477,AAPL,258.06,2025-10-17,8,135.0,CALL,122.28,122.45,123.85,1,73,1.5547,0.9983,0.0001,-0.0366,0.0021,0.0295,1.9116,123.06,0.0,16cafacf157a,2025-10-08
2025-10-08,2025-10-08 18:30:48.881957,AAPL,258.06,2025-10-17,8,140.0,CALL,118.07,117.4,118.75,2,82,1.2344,0.9997,0.0,-0.0204,0.0004,0.0306,1.8433,118.06,0.01,d7f64d77efd1,2025-10-08
2025-10-08,2025-10-08 18:30:48.882418,AAPL,258.06,2025-10-17,8,145.0,CALL,113.42,112.9,113.35,5,177,1.3438,0.9987,0.0001,-0.0319,0.0017,0.0317,1.7797,113.06,0.36,cb2be17e4b3b,2025-10-08
2025-10-08,2025-10-08 18:30:48.882883,AAPL,258.06,2025-10-17,8,150.0,CALL,108.57,107.85,109.1,9,718,1.6182,0.9915,0.0004,-0.1071,0.0088,0.0323,1.7204,108.06,0.51,07325b02ca65,2025-10-08
2025-10-08,2025-10-08 18:30:48.883341,AAPL,258.06,2025-10-17,8,155.0,CALL,103.22,102.75,103.5,1,174,1.1992,0.9985,0.0001,-0.0331,0.0019,0.0338,1.6649,103.06,0.16,c40d5e1d8325,2025-10-08
2025-10-08,2025-10-08 18:30:48.883801,AAPL,258.06,2025-10-17,8,160.0,CALL,98.32,97.6,98.65,1,299,1.1328,0.9984,0.0001,-0.034,0.002,0.0349,1.6129,98.06,0.26,f972f067f890,2025-10-08
2025-10-08,2025-10-08 18:30:48.884247,AAPL,258.06,2025-10-17,8,165.0,CALL,91.25,92.4,93.8,2,234,1.0078,0.999,0.0001,-0.0287,0.0013,0.0361,1.564,93.06,0.0,d765faec2130,2025-10-08
2025-10-08,2025-10-08 18:30:48.884629,AAPL,258.06,2025-10-17,8,170.0,CALL,87.4,87.45,88.6,17,650,1.3418,0.9863,0.0007,-0.1328,0.0134,0.0364,1.518,88.06,0.0,59e51758c3f8,2025-10-08
2025-10-08,2025-10-08 18:30:48.885012,AAPL,258.06,2025-10-17,8,175.0,CALL,83.24,82.45,84.0,90,1034,1.0508,0.9951,0.0004,-0.0572,0.0055,0.038,1.4746,83.06,0.18,3a4cca297bd7,2025-10-08
2025-10-08,2025-10-08 18:30:48.885405,AAPL,258.06,2025-10-17,8,180.0,CALL,78.61,77.7,79.0,52,1749,1.0674,0.991,0.0006,-0.0839,0.0093,0.0389,1.4337,78.06,0.55,90b29b554430,2025-10-08
2025-10-08,2025-10-08 18:30:48.885797,AAPL,258.06,2025-10-17,8,185.0,CALL,71.92,72.4,73.45,3,653,1.044,0.9874,0.0008,-0.1038,0.0125,0.0398,1.3949,73.06,0.0,1c85a8480c76,2025-10-08
2025-10-08,2025-10-08 18:30:48.886196,AAPL,258.06,2025-10-17,8,190.0,CALL,68.55,67.8,68.5,16,1376,0.7852,0.9965,0.0003,-0.0428,0.004,0.0414,1.3582,68.06,0.49,4ad0d4980f59,2025-10-08
2025-10-08,2025-10-08 18:30:48.886591,AAPL,258.06,2025-10-17,8,195.0,CALL,63.12,63.2,63.65,33,1880,0.8906,0.986,0.001,-0.0993,0.0136,0.0419,1.3234,63.06,0.06,6ebd1640aa86,2025-10-08
2025-10-08,2025-10-08 18:30:48.886979,AAPL,258.06,2025-10-17,8,200.0,CALL,58.55,57.65,58.95,84,2943,0.7666,0.9896,0.0009,-0.0748,0.0105,0.0432,1.2903,58.06,0.49,38804f77a00f,2025-10-08
2025-10-08,2025-10-08 18:30:48.887371,AAPL,258.06,2025-10-17,8,205.0,CALL,53.65,52.95,53.45,27,7388,0.6475,0.993,0.0008,-0.055,0.0074,0.0445,1.2588,53.06,0.59,fb98dcedb506,2025-10-08
2025-10-08,2025-10-08 18:30:48.887759,AAPL,258.06,2025-10-17,8,210.0,CALL,48.7,48.15,48.5,39,20252,0.6494,0.9862,0.0014,-0.0802,0.0135,0.0452,1.2289,48.06,0.64,6985a1b5474c,2025-10-08
2025-10-08,2025-10-08 18:30:48.888148,AAPL,258.06,2025-10-17,8,215.0,CALL,43.36,43.15,43.55,31,13008,0.5952,0.9833,0.0018,-0.085,0.0159,0.0461,1.2003,43.06,0.3,4b738164a1e3,2025-10-08
2025-10-08,2025-10-08 18:30:48.888543,AAPL,258.06,2025-10-17,8,217.5,CALL,41.07,39.95,41.05,4,50,0.6221,0.9722,0.0027,-0.1209,0.0244,0.046,1.1865,40.56,0.51,c7fb530539d5,2025-10-08
2025-10-08,2025-10-08 18:30:48.888932,AAPL,258.06,2025-10-17,8,220.0,CALL,38.37,38.25,38.5,561,13386,0.5396,0.9798,0.0024,-0.0893,0.0186,0.047,1.173,38.06,0.31,4b4de81f12ca,2025-10-08
2025-10-08,2025-10-08 18:30:48.889318,AAPL,258.06,2025-10-17,8,222.5,CALL,35.27,35.05,36.2,1,40,0.5864,0.961,0.0038,-0.1443,0.0322,0.0464,1.1598,35.56,0.0,f20edff543ba,2025-10-08
2025-10-08,2025-10-08 18:30:48.889715,AAPL,258.06,2025-10-17,8,225.0,CALL,33.6,33.2,33.5,125,13584,0.5083,0.9694,0.0036,-0.1106,0.0264,0.0475,1.1469,33.06,0.54,9792b0108096,2025-10-08
2025-10-08,2025-10-08 18:30:48.890101,AAPL,258.06,2025-10-17,8,227.5,CALL,30.68,30.1,31.8,2,137,0.6099,0.9268,0.006,-0.228,0.0531,0.0455,1.1343,30.56,0.12,a47864458e35,2025-10-08
2025-10-08,2025-10-08 18:30:48.890455,AAPL,258.06,2025-10-17,8,230.0,CALL,28.5,28.35,28.55,1739,20527,0.4522,0.9615,0.0048,-0.1173,0.0319,0.0481,1.122,28.06,0.44,afa14a5f522d,2025-10-08
2025-10-08,2025-10-08 18:30:48.890793,AAPL,258.06,2025-10-17,8,232.5,CALL,25.86,25.25,26.6,27,78,0.5049,0.9259,0.0073,-0.1953,0.0536,0.0466,1.1099,25.56,0.3,4861c8073c3c,2025-10-08
2025-10-08,2025-10-08 18:30:48.891131,AAPL,258.06,2025-10-17,8,235.0,CALL,23.45,23.45,23.6,2157,17211,0.3931,0.951,0.0068,-0.1226,0.0388,0.0486,1.0981,23.06,0.39,6c8185dcb485,2025-10-08
2025-10-08,2025-10-08 18:30:48.891467,AAPL,258.06,2025-10-17,8,237.5,CALL,21.37,20.75,21.55,12,223,0.4216,0.9158,0.0096,-0.1821,0.0591,0.0471,1.0866,20.56,0.81,b1aee4e65899,2025-10-08
2025-10-08,2025-10-08 18:30:48.891804,AAPL,258.06,2025-10-17,8,240.0,CALL,18.7,18.55,18.7,1244,27523,0.3381,0.9324,0.0101,-0.1329,0.0499,0.0486,1.0753,18.06,0.64,dcb8eaf5f93b,2025-10-08
2025-10-08,2025-10-08 18:30:48.892142,AAPL,258.06,2025-10-17,8,242.5,CALL,16.09,15.95,16.35,19,410,0.3208,0.9121,0.013,-0.1492,0.0609,0.048,1.0642,15.56,0.53,9e2f0655d893,2025-10-08
2025-10-08,2025-10-08 18:30:48.892479,AAPL,258.06,2025-10-17,8,245.0,CALL,13.9,13.7,13.9,906,15655,0.288,0.8966,0.0163,-0.1504,0.0687,0.0477,1.0533,13.06,0.84,f91ecac9fe3f,2025-10-08
2025-10-08,2025-10-08 18:30:48.892809,AAPL,258.06,2025-10-17,8,247.5,CALL,11.8,11.4,11.6,306,2688,0.2678,0.864,0.0213,-0.1656,0.0834,0.0463,1.0427,10.56,1.24,64b5a5d2097d,2025-10-08
2025-10-08,2025-10-08 18:30:48.893139,AAPL,258.06,2025-10-17,8,250.0,CALL,9.4,9.3,9.4,1643,32310,0.25,0.8166,0.0278,-0.1833,0.1014,0.0442,1.0322,8.06,1.34,41f7ec833f91,2025-10-08
2025-10-08,2025-10-08 18:30:48.893481,AAPL,258.06,2025-10-17,8,252.5,CALL,7.35,7.3,7.4,880,2592,0.2387,0.746,0.0351,-0.2054,0.1224,0.0406,1.022,5.56,1.79,5f91c783fae3,2025-10-08
2025-10-08,2025-10-08 18:30:48.893817,AAPL,258.06,2025-10-17,8,255.0,CALL,5.6,5.5,5.6,3736,21485,0.229,0.6546,0.0421,-0.2217,0.1408,0.0358,1.012,3.06,2.54,3b5abc0af5b7,2025-10-08
2025-10-08,2025-10-08 18:30:48.894148,AAPL,258.06,2025-10-17,8,257.5,CALL,3.99,3.95,4.05,15007,16822,0.2211,0.5449,0.0469,-0.2261,0.1514,0.03,1.0022,0.56,3.43,9b8f745e98f7,2025-10-08
2025-10-08,2025-10-08 18:30:48.894483,AAPL,258.06,2025-10-17,8,260.0,CALL,2.75,2.76,2.8,24120,31800,0.2157,0.4256,0.0476,-0.2151,0.1498,0.0235,0.9925,0.0,2.75,d75875e7c269,2025-10-08
2025-10-08,2025-10-08 18:30:48.894814,AAPL,258.06,2025-10-17,8,262.5,CALL,1.88,1.85,1.89,3529,11994,0.2149,0.3123,0.0431,-0.1913,0.1352,0.0173,0.9831,0.0,1.88,6c7391eab04e,2025-10-08
2025-10-08,2025-10-08 18:30:48.895143,AAPL,258.06,2025-10-17,8,265.0,CALL,1.18,1.18,1.2,11923,18623,0.2127,0.2131,0.0358,-0.1542,0.111,0.0118,0.9738,0.0,1.18,fcc3a9958741,2025-10-08
2025-10-08,2025-10-08 18:30:48.895474,AAPL,258.06,2025-10-17,8,267.5,CALL,0.74,0.74,0.76,2860,3000,0.2146,0.1392,0.027,-0.118,0.0847,0.0077,0.9647,0.0,0.74,4893d82598e1,2025-10-08
2025-10-08,2025-10-08 18:30:48.895802,AAPL,258.06,2025-10-17,8,270.0,CALL,0.46,0.46,0.48,7918,21598,0.2183,0.088,0.0192,-0.086,0.061,0.0049,0.9558,0.0,0.46,96a4df72b4ed,2025-10-08
2025-10-08,2025-10-08 18:30:48.896134,AAPL,258.06,2025-10-17,8,272.5,CALL,0.3,0.29,0.3,636,1277,0.2224,0.054,0.0129,-0.0599,0.0419,0.003,0.947,0.0,0.3,83c6b75175a6,2025-10-08
2025-10-08,2025-10-08 18:30:48.896442,AAPL,258.06,2025-10-17,8,275.0,CALL,0.19,0.18,0.2,3390,15073,0.23,0.0343,0.0086,-0.0428,0.029,0.0019,0.9384,0.0,0.19,7df601674717,2025-10-08
2025-10-08,2025-10-08 18:30:48.896748,AAPL,258.06,2025-10-17,8,280.0,CALL,0.09,0.08,0.09,801,12360,0.2451,0.0138,0.0038,-0.0211,0.0135,0.0008,0.9216,0.0,0.09,4d8962ed54f4,2025-10-08
2025-10-08,2025-10-08 18:30:48.897043,AAPL,258.06,2025-10-17,8,285.0,CALL,0.04,0.04,0.05,188,3465,0.2656,0.0066,0.0018,-0.0119,0.007,0.0004,0.9055,0.0,0.04,7a867d642472,2025-10-08
2025-10-08,2025-10-08 18:30:48.897345,AAPL,258.06,2025-10-17,8,290.0,CALL,0.03,0.02,0.03,1030,5609,0.2871,0.0035,0.0009,-0.0072,0.004,0.0002,0.8899,0.0,0.03,79587e661095,2025-10-08
2025-10-08,2025-10-08 18:30:48.897648,AAPL,258.06,2025-10-17,8,295.0,CALL,0.02,0.01,0.02,102,4155,0.3086,0.002,0.0005,-0.0047,0.0024,0.0001,0.8748,0.0,0.02,6a313752f51a,2025-10-08
2025-10-08,2025-10-08 18:30:48.897946,AAPL,258.06,2025-10-17,8,300.0,CALL,0.02,0.0,0.02,1056,13324,0.3438,0.0018,0.0004,-0.0047,0.0022,0.0001,0.8602,0.0,0.02,59c62d040eaa,2025-10-08
2025-10-08,2025-10-08 18:30:48.898241,AAPL,258.06,2025-10-17,8,305.0,CALL,0.01,0.0,0.01,12,640,0.3516,0.0008,0.0002,-0.0023,0.001,0.0,0.8461,0.0,0.01,b51026c38587,2025-10-08
2025-10-08,2025-10-08 18:30:48.898543,AAPL,258.06,2025-10-17,8,310.0,CALL,0.01,0.0,0.01,400,1814,0.3828,0.0007,0.0002,-0.0023,0.0009,0.0,0.8325,0.0,0.01,26cc31a1c80d,2025-10-08
2025-10-08,2025-10-08 18:30:48.898841,AAPL,258.06,2025-10-17,8,315.0,CALL,0.01,0.0,0.01,16,629,0.4141,0.0007,0.0001,-0.0023,0.0009,0.0,0.8192,0.0,0.01,365ab33c1263,2025-10-08
2025-10-08,2025-10-08 18:30:48.899144,AAPL,258.06,2025-10-17,8,320.0,CALL,0.01,0.0,0.01,2,1573,0.4453,0.0007,0.0001,-0.0024,0.0009,0.0,0.8064,0.0,0.01,c69640354ffd,2025-10-08
2025-10-08,2025-10-08 18:30:48.899446,AAPL,258.06,2025-10-17,8,325.0,CALL,0.01,0.0,0.01,3,642,0.4688,0.0005,0.0001,-0.0021,0.0007,0.0,0.794,0.0,0.01,34919480bc57,2025-10-08
2025-10-08,2025-10-08 18:30:48.899748,AAPL,258.06,2025-10-17,8,330.0,CALL,0.01,0.0,0.01,11,885,0.5,0.0005,0.0001,-0.0023,0.0007,0.0,0.782,0.0,0.01,9861cb722bb3,2025-10-08
2025-10-08,2025-10-08 18:30:48.900050,AAPL,258.06,2025-10-17,8,335.0,CALL,0.01,0.0,0.01,20,82,0.5,0.0003,0.0,-0.0011,0.0004,0.0,0.7703,0.0,0.01,9c0017169c84,2025-10-08
2025-10-08,2025-10-08 18:30:48.900355,AAPL,258.06,2025-10-17,8,340.0,CALL,0.01,0.0,0.01,35,153,0.5156,0.0002,0.0,-0.0009,0.0003,0.0,0.759,0.0,0.01,867e0e0535d2,2025-10-08
2025-10-08,2025-10-08 18:30:48.900652,AAPL,258.06,2025-10-17,8,345.0,CALL,0.01,0.0,0.01,1,391,0.5469,0.0002,0.0,-0.001,0.0003,0.0,0.748,0.0,0.01,a6dcd5549ed7,2025-10-08
2025-10-08,2025-10-08 18:30:48.900950,AAPL,258.06,2025-10-17,8,350.0,CALL,0.01,0.0,0.0,150,450,0.5,0.0,0.0,-0.0001,0.0,0.0,0.7373,0.0,0.01,e9d1aae104d3,2025-10-08
2025-10-08,2025-10-08 18:30:48.901251,AAPL,258.06,2025-10-17,8,355.0,CALL,0.01,0.0,0.01,25,225,0.5938,0.0002,0.0,-0.001,0.0003,0.0,0.7269,0.0,0.01,93dce602dd02,2025-10-08
2025-10-08,2025-10-08 18:30:48.901549,AAPL,258.06,2025-10-17,8,360.0,CALL,0.01,0.0,0.01,1,1497,0.625,0.0002,0.0,-0.0011,0.0003,0.0,0.7168,0.0,0.01,ba3688c218a1,2025-10-08
2025-10-08,2025-10-08 18:30:48.901849,AAPL,258.06,2025-10-17,8,370.0,CALL,0.01,0.0,0.01,16,2844,0.6719,0.0002,0.0,-0.0011,0.0003,0.0,0.6975,0.0,0.01,aac810e8f9e2,2025-10-08
2025-10-08,2025-10-08 18:30:48.902249,AAPL,258.06,2025-10-17,8,90.0,PUT,0.01,0.0,0.01,6,955,1.875,-0.0,0.0,-0.0008,0.0001,-0.0,2.8673,0.0,0.01,0e578f8ebcd2,2025-10-08
2025-10-08,2025-10-08 18:30:48.902532,AAPL,258.06,2025-10-17,8,95.0,PUT,0.01,0.0,0.01,1,1135,1.8125,-0.0001,0.0,-0.001,0.0001,-0.0,2.7164,0.0,0.01,7f6f581b39b4,2025-10-08
2025-10-08,2025-10-08 18:30:48.902811,AAPL,258.06,2025-10-17,8,100.0,PUT,0.01,0.0,0.01,2,860,1.7188,-0.0001,0.0,-0.001,0.0001,-0.0,2.5806,0.0,0.01,5f4822044369,2025-10-08
2025-10-08,2025-10-08 18:30:48.903089,AAPL,258.06,2025-10-17,8,105.0,PUT,0.02,0.0,0.01,1,292,1.625,-0.0001,0.0,-0.0009,0.0001,-0.0,2.4577,0.0,0.02,a2553b788541,2025-10-08
2025-10-08,2025-10-08 18:30:48.903364,AAPL,258.06,2025-10-17,8,110.0,PUT,0.01,0.0,0.01,5,615,1.5625,-0.0001,0.0,-0.0011,0.0001,-0.0,2.346,0.0,0.01,a4c7cf82ca6e,2025-10-08
2025-10-08,2025-10-08 18:30:48.903643,AAPL,258.06,2025-10-17,8,115.0,PUT,0.01,0.0,0.01,20,595,1.4688,-0.0001,0.0,-0.0009,0.0001,-0.0,2.244,0.0,0.01,b0cd82c56dce,2025-10-08
2025-10-08,2025-10-08 18:30:48.903919,AAPL,258.06,2025-10-17,8,120.0,PUT,0.01,0.0,0.01,1,5856,1.4063,-0.0001,0.0,-0.001,0.0001,-0.0,2.1505,0.0,0.01,fc98981269a2,2025-10-08
2025-10-08,2025-10-08 18:30:48.904194,AAPL,258.06,2025-10-17,8,125.0,PUT,0.01,0.0,0.01,40,1704,1.3125,-0.0001,0.0,-0.0008,0.0001,-0.0,2.0645,0.0,0.01,e6fe2022dcd5,2025-10-08
2025-10-08,2025-10-08 18:30:48.904472,AAPL,258.06,2025-10-17,8,130.0,PUT,0.01,0.0,0.01,77,1185,1.25,-0.0001,0.0,-0.0009,0.0001,-0.0,1.9851,0.0,0.01,1f0763d38d5a,2025-10-08
2025-10-08,2025-10-08 18:30:48.904746,AAPL,258.06,2025-10-17,8,135.0,PUT,0.01,0.0,0.03,1,1456,1.2969,-0.0003,0.0,-0.0029,0.0004,-0.0,1.9116,0.0,0.01,c409132e7f17,2025-10-08
2025-10-08,2025-10-08 18:30:48.905025,AAPL,258.06,2025-10-17,8,140.0,PUT,0.01,0.0,0.01,3,2452,1.125,-0.0001,0.0,-0.0009,0.0001,-0.0,1.8433,0.0,0.01,083dd2713fd0,2025-10-08
2025-10-08,2025-10-08 18:30:48.905301,AAPL,258.06,2025-10-17,8,145.0,PUT,0.01,0.0,0.01,1,4240,1.0625,-0.0001,0.0,-0.0009,0.0001,-0.0,1.7797,0.0,0.01,2ba559017f23,2025-10-08
2025-10-08,2025-10-08 18:30:48.905577,AAPL,258.06,2025-10-17,8,150.0,PUT,0.01,0.0,0.01,2,11323,1.0,-0.0001,0.0,-0.0009,0.0001,-0.0,1.7204,0.0,0.01,428618d30521,2025-10-08
2025-10-08,2025-10-08 18:30:48.905858,AAPL,258.06,2025-10-17,8,155.0,PUT,0.02,0.0,0.01,105,3080,0.9375,-0.0001,0.0,-0.0008,0.0001,-0.0,1.6649,0.0,0.02,0601298ae158,2025-10-08
2025-10-08,2025-10-08 18:30:48.906137,AAPL,258.06,2025-10-17,8,160.0,PUT,0.01,0.0,0.01,25,14161,0.9063,-0.0001,0.0,-0.0012,0.0002,-0.0,1.6129,0.0,0.01,8e69f3eeaec5,2025-10-08
2025-10-08,2025-10-08 18:30:48.906414,AAPL,258.06,2025-10-17,8,165.0,PUT,0.01,0.0,0.01,261,6556,0.8438,-0.0001,0.0,-0.001,0.0002,-0.0,1.564,0.0,0.01,bf60d23133c3,2025-10-08
2025-10-08,2025-10-08 18:30:48.906688,AAPL,258.06,2025-10-17,8,170.0,PUT,0.01,0.0,0.01,238,7329,0.7813,-0.0001,0.0,-0.0009,0.0002,-0.0,1.518,0.0,0.01,f631f8fa2d00,2025-10-08
2025-10-08,2025-10-08 18:30:48.906963,AAPL,258.06,2025-10-17,8,175.0,PUT,0.01,0.0,0.02,325,5444,0.7813,-0.0003,0.0,-0.0021,0.0004,-0.0,1.4746,0.0,0.01,c9f246656796,2025-10-08
2025-10-08,2025-10-08 18:30:48.907244,AAPL,258.06,2025-10-17,8,180.0,PUT,0.02,0.01,0.03,141,12066,0.7734,-0.0007,0.0001,-0.0042,0.0009,-0.0,1.4337,0.0,0.02,19914570adf9,2025-10-08
2025-10-08,2025-10-08 18:30:48.907518,AAPL,258.06,2025-10-17,8,185.0,PUT,0.02,0.01,0.03,3,10077,0.7188,-0.0007,0.0001,-0.0042,0.0009,-0.0,1.3949,0.0,0.02,2ccb7a01fb62,2025-10-08
2025-10-08,2025-10-08 18:30:48.907793,AAPL,258.06,2025-10-17,8,190.0,PUT,0.02,0.01,0.03,63,13975,0.6641,-0.0008,0.0001,-0.0041,0.001,-0.0,1.3582,0.0,0.02,4318dc07d0ec,2025-10-08
2025-10-08,2025-10-08 18:30:48.908068,AAPL,258.06,2025-10-17,8,195.0,PUT,0.02,0.01,0.03,124,9824,0.6133,-0.0008,0.0001,-0.0042,0.0011,-0.0,1.3234,0.0,0.02,a43e4524e7c6,2025-10-08
2025-10-08,2025-10-08 18:30:48.908326,AAPL,258.06,2025-10-17,8,200.0,PUT,0.03,0.02,0.03,27,16763,0.5781,-0.0012,0.0002,-0.0055,0.0015,-0.0001,1.2903,0.0,0.03,f945d449d95c,2025-10-08
2025-10-08,2025-10-08 18:30:48.908585,AAPL,258.06,2025-10-17,8,205.0,PUT,0.03,0.03,0.04,65,11587,0.543,-0.0018,0.0003,-0.0073,0.0022,-0.0001,1.2588,0.0,0.03,b3560050e1ec,2025-10-08
2025-10-08,2025-10-08 18:30:48.908849,AAPL,258.06,2025-10-17,8,210.0,PUT,0.03,0.03,0.05,183,28545,0.5,-0.0023,0.0004,-0.0085,0.0027,-0.0001,1.2289,0.0,0.03,66dc144435b9,2025-10-08
2025-10-08,2025-10-08 18:30:48.909106,AAPL,258.06,2025-10-17,8,215.0,PUT,0.05,0.04,0.06,487,17018,0.4707,-0.0038,0.0006,-0.0126,0.0043,-0.0002,1.2003,0.0,0.05,ac4687b31724,2025-10-08
2025-10-08,2025-10-08 18:30:48.909377,AAPL,258.06,2025-10-17,8,217.5,PUT,0.06,0.05,0.06,241,588,0.4453,-0.0041,0.0007,-0.0128,0.0047,-0.0002,1.1865,0.0,0.06,fc1693424feb,2025-10-08
2025-10-08,2025-10-08 18:30:48.909634,AAPL,258.06,2025-10-17,8,220.0,PUT,0.07,0.05,0.07,433,20008,0.4277,-0.0051,0.0009,-0.0149,0.0057,-0.0003,1.173,0.0,0.07,1380aef85a7e,2025-10-08
2025-10-08,2025-10-08 18:30:48.909890,AAPL,258.06,2025-10-17,8,222.5,PUT,0.07,0.06,0.08,33,552,0.4082,-0.0062,0.0011,-0.0169,0.0067,-0.0004,1.1598,0.0,0.07,ea97006bd3ce,2025-10-08
2025-10-08,2025-10-08 18:30:48.910155,AAPL,258.06,2025-10-17,8,225.0,PUT,0.08,0.07,0.09,786,10979,0.3877,-0.0075,0.0014,-0.0188,0.0079,-0.0004,1.1469,0.0,0.08,56391346fb4b,2025-10-08
2025-10-08,2025-10-08 18:30:48.910414,AAPL,258.06,2025-10-17,8,227.5,PUT,0.1,0.08,0.1,272,1342,0.3662,-0.0089,0.0017,-0.0207,0.0092,-0.0005,1.1343,0.0,0.1,0ab3e7714c04,2025-10-08
2025-10-08,2025-10-08 18:30:48.910671,AAPL,258.06,2025-10-17,8,230.0,PUT,0.11,0.1,0.11,653,13767,0.3438,-0.0105,0.0021,-0.0226,0.0107,-0.0006,1.122,0.0,0.11,e7e4c84742cf,2025-10-08
2025-10-08,2025-10-08 18:30:48.910931,AAPL,258.06,2025-10-17,8,232.5,PUT,0.12,0.12,0.13,77,1997,0.3242,-0.0133,0.0028,-0.026,0.013,-0.0008,1.1099,0.0,0.12,be519109d925,2025-10-08
2025-10-08,2025-10-08 18:30:48.911192,AAPL,258.06,2025-10-17,8,235.0,PUT,0.15,0.14,0.16,2400,10359,0.3066,-0.0176,0.0037,-0.0312,0.0166,-0.001,1.0981,0.0,0.15,838fb753bb9d,2025-10-08
2025-10-08,2025-10-08 18:30:48.911455,AAPL,258.06,2025-10-17,8,237.5,PUT,0.19,0.18,0.2,93,1438,0.2896,-0.0238,0.0051,-0.038,0.0214,-0.0014,1.0866,0.0,0.19,796b40d422ac,2025-10-08
2025-10-08,2025-10-08 18:30:48.911712,AAPL,258.06,2025-10-17,8,240.0,PUT,0.25,0.24,0.25,1973,12335,0.2712,-0.0321,0.0069,-0.0455,0.0275,-0.0018,1.0753,0.0,0.25,d6382f984b9b,2025-10-08
2025-10-08,2025-10-08 18:30:48.911971,AAPL,258.06,2025-10-17,8,242.5,PUT,0.33,0.33,0.34,563,4764,0.2571,-0.0466,0.0099,-0.0583,0.0372,-0.0027,1.0642,0.0,0.33,676207140a6d,2025-10-08
2025-10-08,2025-10-08 18:30:48.912369,AAPL,258.06,2025-10-17,8,245.0,PUT,0.47,0.46,0.47,1105,6491,0.2432,-0.0684,0.0142,-0.0744,0.0504,-0.0039,1.0533,0.0,0.47,ae9c8483dd92,2025-10-08
2025-10-08,2025-10-08 18:30:48.912700,AAPL,258.06,2025-10-17,8,247.5,PUT,0.66,0.67,0.69,761,5922,0.2329,-0.1043,0.0203,-0.0973,0.0691,-0.006,1.0427,0.0,0.66,9a572af3fae2,2025-10-08
2025-10-08,2025-10-08 18:30:48.913004,AAPL,258.06,2025-10-17,8,250.0,PUT,0.99,0.99,1.02,4617,10217,0.2236,-0.1575,0.0282,-0.1235,0.092,-0.0091,1.0322,0.0,0.99,ebf2ff1ee240,2025-10-08
2025-10-08,2025-10-08 18:30:48.913663,AAPL,258.06,2025-10-17,8,252.5,PUT,1.48,1.35,1.5,2276,4098,0.2149,-0.2322,0.0372,-0.1491,0.1166,-0.0134,1.022,0.0,1.48,167e734526d2,2025-10-08
2025-10-08,2025-10-08 18:30:48.913989,AAPL,258.06,2025-10-17,8,255.0,PUT,2.19,2.15,2.24,4996,6628,0.2103,-0.3335,0.0453,-0.1718,0.1389,-0.0193,1.012,0.0,2.19,4b5f304585b8,2025-10-08
2025-10-08,2025-10-08 18:30:48.914248,AAPL,258.06,2025-10-17,8,257.5,PUT,3.17,3.1,3.2,2607,3359,0.204,-0.4524,0.0508,-0.1783,0.1513,-0.0262,1.0022,0.0,3.17,170fb1224c79,2025-10-08
2025-10-08,2025-10-08 18:30:48.914493,AAPL,258.06,2025-10-17,8,260.0,PUT,4.44,4.4,4.5,1373,2653,0.2013,-0.5806,0.0508,-0.1689,0.1493,-0.0337,0.9925,1.94,2.5,c727fc13ea02,2025-10-08
2025-10-08,2025-10-08 18:30:48.914742,AAPL,258.06,2025-10-17,8,262.5,PUT,5.97,5.95,6.1,122,229,0.1998,-0.7014,0.0454,-0.1425,0.1326,-0.0409,0.9831,4.44,1.53,68574bafe046,2025-10-08
2025-10-08,2025-10-08 18:30:48.914986,AAPL,258.06,2025-10-17,8,265.0,PUT,7.9,7.8,7.9,1970,1314,0.1939,-0.8095,0.0367,-0.0992,0.1039,-0.0474,0.9738,6.94,0.96,4cb0954fe153,2025-10-08
2025-10-08,2025-10-08 18:30:48.915236,AAPL,258.06,2025-10-17,8,267.5,PUT,10.11,9.8,10.1,7,131,0.2048,-0.8722,0.0267,-0.0733,0.0799,-0.0515,0.9647,9.44,0.67,9f9a9dce480f,2025-10-08
2025-10-08,2025-10-08 18:30:48.915480,AAPL,258.06,2025-10-17,8,270.0,PUT,12.25,12.15,12.3,3694,1146,0.2022,-0.9283,0.0177,-0.035,0.0522,-0.0551,0.9558,11.94,0.31,9fc638450368,2025-10-08
2025-10-08,2025-10-08 18:30:48.915728,AAPL,258.06,2025-10-17,8,272.5,PUT,14.68,14.25,14.8,4,46,0.2324,-0.9378,0.0138,-0.0364,0.0468,-0.0562,0.947,14.44,0.24,7031d61da3fc,2025-10-08
2025-10-08,2025-10-08 18:30:48.915975,AAPL,258.06,2025-10-17,8,275.0,PUT,16.84,16.7,17.4,4,102,0.2769,-0.934,0.0121,-0.053,0.049,-0.0565,0.9384,16.94,0.0,c7982fcfe45d,2025-10-08
2025-10-08,2025-10-08 18:30:48.916223,AAPL,258.06,2025-10-17,8,280.0,PUT,22.7,21.75,22.3,8,7,0.3164,-0.9552,0.0078,-0.0383,0.0361,-0.0588,0.9216,21.94,0.76,e7a8facede19,2025-10-08
2025-10-08,2025-10-08 18:30:48.916467,AAPL,258.06,2025-10-17,8,285.0,PUT,27.05,26.7,27.2,6,0,0.3457,-0.971,0.005,-0.0205,0.0253,-0.0608,0.9055,26.94,0.11,610d83505f4b,2025-10-08
2025-10-08,2025-10-08 18:30:48.916707,AAPL,258.06,2025-10-17,8,290.0,PUT,32.15,31.6,32.35,3,3,0.4297,-0.963,0.0049,-0.0483,0.0309,-0.0615,0.8899,31.94,0.21,f5e308c82739,2025-10-08
2025-10-08,2025-10-08 18:30:48.916953,AAPL,258.06,2025-10-17,8,295.0,PUT,68.15,36.6,37.45,2,0,0.5,-0.9605,0.0045,-0.0666,0.0326,-0.0624,0.8748,36.94,31.21,7eaacfe95156,2025-10-08
2025-10-08,2025-10-08 18:30:48.917196,AAPL,258.06,2025-10-17,8,300.0,PUT,44.1,41.6,42.2,3,0,0.4844,-0.9798,0.0026,-0.0201,0.0186,-0.0646,0.8602,41.94,2.16,f4c5258101f8,2025-10-08
2025-10-08,2025-10-08 18:30:48.917437,AAPL,258.06,2025-10-17,8,305.0,PUT,48.05,46.65,47.2,2,0,0.5273,-0.9816,0.0022,-0.0197,0.0172,-0.0658,0.8461,46.94,1.11,d220c8257cc3,2025-10-08
2025-10-08,2025-10-08 18:30:48.917684,AAPL,258.06,2025-10-17,8,315.0,PUT,69.7,56.7,57.35,1,0,0.5195,-0.9945,0.0008,0.019,0.006,-0.0687,0.8192,56.94,12.76,0942341fe75c,2025-10-08
2025-10-08,2025-10-08 18:30:48.917925,AAPL,258.06,2025-10-17,8,320.0,PUT,65.4,61.6,62.2,1,0,0.6494,-0.9853,0.0015,-0.0186,0.0142,-0.0693,0.8064,61.94,3.46,07924a4d8b43,2025-10-08
2025-10-08,2025-10-08 18:30:48.918172,AAPL,258.06,2025-10-17,8,330.0,PUT,98.75,95.7,96.25,0,0,2.7317,-0.6567,0.0035,-2.3667,0.1405,-0.0571,0.782,71.94,26.81,dc103ac11be6,2025-10-08
2025-10-08,2025-10-08 18:30:48.918413,AAPL,258.06,2025-10-17,8,335.0,PUT,89.55,76.65,77.4,5,0,0.6563,-0.9957,0.0005,0.0213,0.0048,-0.0731,0.7703,76.94,12.61,df8bf88ae77d,2025-10-08
2025-10-08,2025-10-08 18:30:48.918656,AAPL,258.06,2025-10-17,8,355.0,PUT,157.02,0.0,0.0,0,0,0.0,-1.0,0.0,0.0437,0.0,-0.0777,0.7269,96.94,60.08,4a3300887ba7,2025-10-08
2025-10-08,2025-10-08 18:30:48.918904,AAPL,258.06,2025-10-17,8,360.0,PUT,162.01,0.0,0.0,0,0,0.0,-1.0,0.0,0.0443,0.0,-0.0788,0.7168,101.94,60.07,5e28a1f7030e,2025-10-08
2025-10-08,2025-10-08 18:30:48.919144,AAPL,258.06,2025-10-17,8,370.0,PUT,159.95,141.9,142.5,0,0,3.6102,-0.6573,0.0027,-3.1306,0.1404,-0.0669,0.6975,111.94,48.01,a767ccf8c957,2025-10-08
2025-10-08,2025-10-08 18:30:49.014131,AAPL,258.06,2025-10-24,15,110.0,CALL,143.35,147.55,148.9,1,3,1.6504,0.9968,0.0001,-0.0417,0.0051,0.0447,2.346,148.06,0.0,7eef6a1c85c8,2025-10-08
2025-10-08,2025-10-08 18:30:49.014611,AAPL,258.06,2025-10-24,15,120.0,CALL,133.19,137.6,139.05,0,1,1.5879,0.9945,0.0002,-0.0579,0.0082,0.0486,2.1505,138.06,0.0,cab0f984ef99,2025-10-08
2025-10-08,2025-10-08 18:30:49.015083,AAPL,258.06,2025-10-24,15,125.0,CALL,133.49,132.65,133.8,3,3,1.4199,0.9962,0.0002,-0.0433,0.0059,0.0508,2.0645,133.06,0.43,560b6b82aefe,2025-10-08
2025-10-08,2025-10-08 18:30:49.015542,AAPL,258.06,2025-10-24,15,140.0,CALL,116.1,117.7,118.95,1,1,1.293,0.9933,0.0003,-0.0594,0.0098,0.0566,1.8433,118.06,0.0,8e168f1810b9,2025-10-08
2025-10-08,2025-10-08 18:30:49.016004,AAPL,258.06,2025-10-24,15,160.0,CALL,94.18,97.65,99.1,0,1,1.0635,0.9902,0.0005,-0.0679,0.0137,0.0645,1.6129,98.06,0.0,c26a1f4c9733,2025-10-08
2025-10-08,2025-10-08 18:30:49.016460,AAPL,258.06,2025-10-24,15,165.0,CALL,90.95,92.65,93.85,1,2,0.9316,0.9933,0.0004,-0.0506,0.0098,0.0669,1.564,93.06,0.0,8d52b2e583ee,2025-10-08
2025-10-08,2025-10-08 18:30:49.016915,AAPL,258.06,2025-10-24,15,170.0,CALL,76.03,87.8,89.05,6,6,0.9648,0.9875,0.0006,-0.075,0.0169,0.0683,1.518,88.06,0.0,730123e96ddc,2025-10-08
2025-10-08,2025-10-08 18:30:49.017340,AAPL,258.06,2025-10-24,15,175.0,CALL,83.68,82.65,84.1,2,1,0.8853,0.9882,0.0007,-0.0686,0.0161,0.0705,1.4746,83.06,0.62,0c9ff3b8fef2,2025-10-08
2025-10-08,2025-10-08 18:30:49.017731,AAPL,258.06,2025-10-24,15,180.0,CALL,78.67,77.85,79.05,2,12,0.8574,0.985,0.0008,-0.0783,0.0198,0.0721,1.4337,78.06,0.61,872fab6ddc1d,2025-10-08
2025-10-08,2025-10-08 18:30:49.018122,AAPL,258.06,2025-10-24,15,185.0,CALL,73.76,73.25,73.85,3,2,0.8325,0.9807,0.0011,-0.0904,0.0246,0.0737,1.3949,73.06,0.7,98a6d64adc8b,2025-10-08
2025-10-08,2025-10-08 18:30:49.018504,AAPL,258.06,2025-10-24,15,190.0,CALL,67.62,67.75,69.05,1,17,0.7285,0.9846,0.001,-0.0721,0.0203,0.0762,1.3582,68.06,0.0,f7b3a3297c10,2025-10-08
2025-10-08,2025-10-08 18:30:49.018899,AAPL,258.06,2025-10-24,15,195.0,CALL,63.5,62.75,63.9,1,9,0.6484,0.9865,0.001,-0.0627,0.0181,0.0785,1.3234,63.06,0.44,0734b2cb4d88,2025-10-08
2025-10-08,2025-10-08 18:30:49.019281,AAPL,258.06,2025-10-24,15,200.0,CALL,57.17,57.8,59.25,1,77,0.6577,0.9768,0.0016,-0.0867,0.0287,0.0795,1.2903,58.06,0.0,19cb52d585f9,2025-10-08
2025-10-08,2025-10-08 18:30:49.019670,AAPL,258.06,2025-10-24,15,205.0,CALL,53.55,52.8,54.1,5,22,0.5845,0.9782,0.0017,-0.0776,0.0273,0.0817,1.2588,53.06,0.49,c2c79a4bb2aa,2025-10-08
2025-10-08,2025-10-08 18:30:49.020054,AAPL,258.06,2025-10-24,15,210.0,CALL,48.85,47.8,48.85,2,45,0.613,0.9587,0.0028,-0.1191,0.0463,0.0815,1.2289,48.06,0.79,ef2721139dcd,2025-10-08
2025-10-08,2025-10-08 18:30:49.020450,AAPL,258.06,2025-10-24,15,215.0,CALL,41.45,42.85,43.95,32,151,0.5713,0.9505,0.0034,-0.1267,0.0535,0.0827,1.2003,43.06,0.0,cf441275e767,2025-10-08
2025-10-08,2025-10-08 18:30:49.020838,AAPL,258.06,2025-10-24,15,220.0,CALL,38.25,38.05,38.85,3,573,0.5,0.9498,0.004,-0.1156,0.0541,0.0847,1.173,38.06,0.19,361b0e374e10,2025-10-08
2025-10-08,2025-10-08 18:30:49.021219,AAPL,258.06,2025-10-24,15,225.0,CALL,33.77,33.5,33.95,8,530,0.4568,0.939,0.005,-0.1217,0.0631,0.0856,1.1469,33.06,0.71,f3a8c278f3ed,2025-10-08
2025-10-08,2025-10-08 18:30:49.021601,AAPL,258.06,2025-10-24,15,230.0,CALL,29.05,28.65,29.1,35,1419,0.4165,0.9233,0.0066,-0.1304,0.0753,0.0859,1.122,28.06,0.99,244260f6ad38,2025-10-08
2025-10-08,2025-10-08 18:30:49.021992,AAPL,258.06,2025-10-24,15,235.0,CALL,23.78,23.7,24.05,26,1875,0.3528,0.9147,0.0085,-0.1221,0.0816,0.087,1.0981,23.06,0.72,c912af5a2903,2025-10-08
2025-10-08,2025-10-08 18:30:49.022372,AAPL,258.06,2025-10-24,15,240.0,CALL,19.15,18.95,19.25,64,2557,0.311,0.8871,0.0118,-0.1297,0.1002,0.0861,1.0753,18.06,1.09,fe37fce7e397,2025-10-08
2025-10-08,2025-10-08 18:30:49.022756,AAPL,258.06,2025-10-24,15,245.0,CALL,14.6,14.45,14.65,130,2839,0.2764,0.8384,0.0169,-0.1429,0.1281,0.0828,1.0533,13.06,1.54,41e3b7289c29,2025-10-08
2025-10-08,2025-10-08 18:30:49.023135,AAPL,258.06,2025-10-24,15,250.0,CALL,10.41,10.3,10.4,336,8362,0.249,0.755,0.0241,-0.1592,0.1644,0.0758,1.0322,8.06,2.35,1ee5a059f4c3,2025-10-08
2025-10-08,2025-10-08 18:30:49.023467,AAPL,258.06,2025-10-24,15,255.0,CALL,6.8,6.7,6.8,934,5414,0.2321,0.6241,0.0313,-0.1726,0.1985,0.0634,1.012,3.06,3.74,5fa75cc92cd5,2025-10-08
2025-10-08,2025-10-08 18:30:49.023803,AAPL,258.06,2025-10-24,15,260.0,CALL,4.03,3.95,4.05,4005,17900,0.2224,0.4592,0.0341,-0.168,0.2076,0.0471,0.9925,0.0,4.03,7813c2457095,2025-10-08
2025-10-08,2025-10-08 18:30:49.024133,AAPL,258.06,2025-10-24,15,265.0,CALL,2.14,2.11,2.15,1806,7626,0.2155,0.2934,0.0305,-0.1384,0.1801,0.0303,0.9738,0.0,2.14,019b7f322d53,2025-10-08
2025-10-08,2025-10-08 18:30:49.024467,AAPL,258.06,2025-10-24,15,270.0,CALL,1.07,1.04,1.08,3412,10458,0.2157,0.166,0.0221,-0.0989,0.1304,0.0172,0.9558,0.0,1.07,3169d5e6ae6a,2025-10-08
2025-10-08,2025-10-08 18:30:49.025284,AAPL,258.06,2025-10-24,15,275.0,CALL,0.52,0.5,0.52,404,6400,0.219,0.0856,0.0137,-0.0624,0.0819,0.0089,0.9384,0.0,0.52,a4195a9c85f8,2025-10-08
2025-10-08,2025-10-08 18:30:49.025621,AAPL,258.06,2025-10-24,15,280.0,CALL,0.27,0.25,0.27,1275,3393,0.2285,0.0447,0.0079,-0.039,0.0493,0.0047,0.9216,0.0,0.27,034600a76222,2025-10-08
2025-10-08,2025-10-08 18:30:49.025961,AAPL,258.06,2025-10-24,15,285.0,CALL,0.13,0.13,0.15,106,5426,0.2402,0.024,0.0045,-0.0245,0.0296,0.0025,0.9055,0.0,0.13,a7f07b0283fc,2025-10-08
2025-10-08,2025-10-08 18:30:49.026298,AAPL,258.06,2025-10-24,15,290.0,CALL,0.08,0.07,0.09,408,4648,0.2539,0.0137,0.0026,-0.016,0.0183,0.0014,0.8899,0.0,0.08,0e4fa1888986,2025-10-08
2025-10-08,2025-10-08 18:30:49.026635,AAPL,258.06,2025-10-24,15,295.0,CALL,0.04,0.05,0.06,6,433,0.2705,0.0087,0.0017,-0.0114,0.0123,0.0009,0.8748,0.0,0.04,1715d2221a8d,2025-10-08
2025-10-08,2025-10-08 18:30:49.026980,AAPL,258.06,2025-10-24,15,300.0,CALL,0.04,0.03,0.04,40,1807,0.2852,0.0055,0.0011,-0.008,0.0082,0.0006,0.8602,0.0,0.04,333d28682750,2025-10-08
2025-10-08,2025-10-08 18:30:49.027323,AAPL,258.06,2025-10-24,15,305.0,CALL,0.03,0.01,0.02,4,112,0.2891,0.0026,0.0005,-0.0042,0.0042,0.0003,0.8461,0.0,0.03,790b157f477a,2025-10-08
2025-10-08,2025-10-08 18:30:49.027664,AAPL,258.06,2025-10-24,15,310.0,CALL,0.02,0.01,0.03,12,135,0.3281,0.0035,0.0006,-0.0061,0.0055,0.0004,0.8325,0.0,0.02,abd759ac466e,2025-10-08
2025-10-08,2025-10-08 18:30:49.027994,AAPL,258.06,2025-10-24,15,315.0,CALL,0.01,0.0,0.02,5,111,0.3399,0.0023,0.0004,-0.0044,0.0038,0.0002,0.8192,0.0,0.01,d76b5fd15c91,2025-10-08
2025-10-08,2025-10-08 18:30:49.028327,AAPL,258.06,2025-10-24,15,320.0,CALL,0.01,0.0,0.02,5,95,0.3633,0.0021,0.0004,-0.0043,0.0035,0.0002,0.8064,0.0,0.01,a2ab28fd8105,2025-10-08
2025-10-08,2025-10-08 18:30:49.028666,AAPL,258.06,2025-10-24,15,325.0,CALL,0.01,0.0,0.01,21,99,0.3594,0.001,0.0002,-0.0021,0.0017,0.0001,0.794,0.0,0.01,c599b9eb2c68,2025-10-08
2025-10-08,2025-10-08 18:30:49.029098,AAPL,258.06,2025-10-24,15,110.0,PUT,0.01,0.0,0.01,3,53,1.1875,-0.0001,0.0,-0.001,0.0002,-0.0,2.346,0.0,0.01,3173f95748ab,2025-10-08
2025-10-08,2025-10-08 18:30:49.029410,AAPL,258.06,2025-10-24,15,130.0,PUT,0.01,0.0,0.01,50,53,0.9688,-0.0002,0.0,-0.001,0.0003,-0.0,1.9851,0.0,0.01,97ea67bc0d3c,2025-10-08
2025-10-08,2025-10-08 18:30:49.029713,AAPL,258.06,2025-10-24,15,135.0,PUT,0.02,0.0,0.01,100,103,0.9063,-0.0001,0.0,-0.0009,0.0003,-0.0,1.9116,0.0,0.02,1a221a66ea2c,2025-10-08
2025-10-08,2025-10-08 18:30:49.030014,AAPL,258.06,2025-10-24,15,140.0,PUT,0.01,0.0,0.01,201,421,0.875,-0.0002,0.0,-0.0011,0.0004,-0.0,1.8433,0.0,0.01,f2dd10243c85,2025-10-08
2025-10-08,2025-10-08 18:30:49.030317,AAPL,258.06,2025-10-24,15,145.0,PUT,0.02,0.0,0.01,1,46,0.8125,-0.0002,0.0,-0.0009,0.0003,-0.0,1.7797,0.0,0.02,21f33c193d8f,2025-10-08
2025-10-08,2025-10-08 18:30:49.030617,AAPL,258.06,2025-10-24,15,150.0,PUT,0.01,0.0,0.01,5,73,0.7813,-0.0002,0.0,-0.0011,0.0004,-0.0,1.7204,0.0,0.01,92e6ce989632,2025-10-08
2025-10-08,2025-10-08 18:30:49.030912,AAPL,258.06,2025-10-24,15,155.0,PUT,0.05,0.0,0.02,3,6,0.7656,-0.0004,0.0,-0.0018,0.0007,-0.0,1.6649,0.0,0.05,54c6806bedf0,2025-10-08
2025-10-08,2025-10-08 18:30:49.031216,AAPL,258.06,2025-10-24,15,160.0,PUT,0.02,0.01,0.22,32,33,0.9277,-0.0041,0.0002,-0.0194,0.0063,-0.0005,1.6129,0.0,0.02,6e91939b6b23,2025-10-08
2025-10-08,2025-10-08 18:30:49.031518,AAPL,258.06,2025-10-24,15,165.0,PUT,0.02,0.0,0.02,56,44,0.6797,-0.0004,0.0,-0.0018,0.0008,-0.0,1.564,0.0,0.02,4f141002f091,2025-10-08
2025-10-08,2025-10-08 18:30:49.031822,AAPL,258.06,2025-10-24,15,170.0,PUT,0.03,0.01,0.02,9,217,0.6641,-0.0007,0.0001,-0.0029,0.0013,-0.0001,1.518,0.0,0.03,faab7522d35c,2025-10-08
2025-10-08,2025-10-08 18:30:49.032121,AAPL,258.06,2025-10-24,15,175.0,PUT,0.02,0.01,0.03,7,83,0.6367,-0.001,0.0001,-0.0037,0.0018,-0.0001,1.4746,0.0,0.02,23099a97bbee,2025-10-08
2025-10-08,2025-10-08 18:30:49.032416,AAPL,258.06,2025-10-24,15,180.0,PUT,0.03,0.01,0.03,13,34,0.5938,-0.0011,0.0001,-0.0037,0.0019,-0.0001,1.4337,0.0,0.03,be3fa1f57707,2025-10-08
2025-10-08,2025-10-08 18:30:49.032722,AAPL,258.06,2025-10-24,15,185.0,PUT,0.04,0.02,0.04,1,556,0.5742,-0.0017,0.0002,-0.0054,0.0028,-0.0002,1.3949,0.0,0.04,8550fecacd53,2025-10-08
2025-10-08,2025-10-08 18:30:49.033023,AAPL,258.06,2025-10-24,15,190.0,PUT,0.03,0.02,0.04,30,64,0.5313,-0.0018,0.0002,-0.0052,0.003,-0.0002,1.3582,0.0,0.03,53086fbe9307,2025-10-08
2025-10-08,2025-10-08 18:30:49.033324,AAPL,258.06,2025-10-24,15,195.0,PUT,0.04,0.03,0.05,30,176,0.5059,-0.0025,0.0003,-0.0069,0.0041,-0.0003,1.3234,0.0,0.04,9f32268803b5,2025-10-08
2025-10-08,2025-10-08 18:30:49.033621,AAPL,258.06,2025-10-24,15,200.0,PUT,0.05,0.04,0.07,1005,2581,0.4961,-0.0046,0.0005,-0.0115,0.0071,-0.0005,1.2903,0.0,0.05,c3bde6453c53,2025-10-08
2025-10-08,2025-10-08 18:30:49.033924,AAPL,258.06,2025-10-24,15,205.0,PUT,0.07,0.05,0.07,14,2456,0.4531,-0.0051,0.0006,-0.0114,0.0076,-0.0006,1.2588,0.0,0.07,20ca5037f555,2025-10-08
2025-10-08,2025-10-08 18:30:49.034223,AAPL,258.06,2025-10-24,15,210.0,PUT,0.08,0.06,0.09,49,868,0.4238,-0.0069,0.0009,-0.014,0.0101,-0.0008,1.2289,0.0,0.08,a1bb20002194,2025-10-08
2025-10-08,2025-10-08 18:30:49.034522,AAPL,258.06,2025-10-24,15,215.0,PUT,0.1,0.1,0.11,34,581,0.3926,-0.0092,0.0012,-0.0167,0.013,-0.001,1.2003,0.0,0.1,5ce8e9a725be,2025-10-08
2025-10-08,2025-10-08 18:30:49.034825,AAPL,258.06,2025-10-24,15,220.0,PUT,0.12,0.12,0.13,171,3512,0.3574,-0.0118,0.0016,-0.0188,0.0161,-0.0013,1.173,0.0,0.12,c0029aeeb61d,2025-10-08
2025-10-08,2025-10-08 18:30:49.035115,AAPL,258.06,2025-10-24,15,225.0,PUT,0.17,0.16,0.18,290,1033,0.3306,-0.0176,0.0025,-0.0244,0.0227,-0.0019,1.1469,0.0,0.17,22665cbdf4fe,2025-10-08
2025-10-08,2025-10-08 18:30:49.035390,AAPL,258.06,2025-10-24,15,230.0,PUT,0.23,0.23,0.24,834,2676,0.3003,-0.0255,0.0038,-0.0303,0.0311,-0.0028,1.122,0.0,0.23,919c50f613d3,2025-10-08
2025-10-08,2025-10-08 18:30:49.035670,AAPL,258.06,2025-10-24,15,235.0,PUT,0.33,0.33,0.35,759,2818,0.2737,-0.0402,0.006,-0.04,0.0453,-0.0044,1.0981,0.0,0.33,43374ce9e89b,2025-10-08
2025-10-08,2025-10-08 18:30:49.035948,AAPL,258.06,2025-10-24,15,240.0,PUT,0.55,0.55,0.56,1340,2249,0.2505,-0.068,0.01,-0.0552,0.0687,-0.0074,1.0753,0.0,0.55,bc3cefb7d87a,2025-10-08
2025-10-08,2025-10-08 18:30:49.036230,AAPL,258.06,2025-10-24,15,245.0,PUT,0.97,0.96,0.98,1582,4988,0.2323,-0.1219,0.0166,-0.078,0.1058,-0.0132,1.0533,0.0,0.97,715360bbc2cf,2025-10-08
2025-10-08,2025-10-08 18:30:49.036505,AAPL,258.06,2025-10-24,15,250.0,PUT,1.76,1.75,1.78,607,1820,0.2179,-0.217,0.0258,-0.1045,0.1537,-0.0236,1.0322,0.0,1.76,bced12e63578,2025-10-08
2025-10-08,2025-10-08 18:30:49.036781,AAPL,258.06,2025-10-24,15,255.0,PUT,3.2,3.15,3.25,364,2995,0.2092,-0.3647,0.0343,-0.1252,0.1966,-0.0398,1.012,0.0,3.2,5c6df98ca666,2025-10-08
2025-10-08,2025-10-08 18:30:49.037061,AAPL,258.06,2025-10-24,15,260.0,PUT,5.35,5.35,5.5,227,742,0.2002,-0.5472,0.0378,-0.1203,0.2072,-0.0601,0.9925,1.94,3.41,b6984bf8cbd4,2025-10-08
2025-10-08,2025-10-08 18:30:49.037337,AAPL,258.06,2025-10-24,15,265.0,PUT,8.7,8.55,8.7,15,98,0.1947,-0.7277,0.0326,-0.0886,0.1737,-0.0805,0.9738,6.94,1.76,ec6e5fafb5d9,2025-10-08
2025-10-08,2025-10-08 18:30:49.037613,AAPL,258.06,2025-10-24,15,270.0,PUT,12.6,12.5,12.7,129,234,0.1919,-0.8634,0.0218,-0.0443,0.1145,-0.0965,0.9558,11.94,0.66,0ff6829375cb,2025-10-08
2025-10-08,2025-10-08 18:30:49.037891,AAPL,258.06,2025-10-24,15,275.0,PUT,16.92,16.95,17.25,10,103,0.1939,-0.9396,0.0118,-0.0085,0.0627,-0.1065,0.9384,16.94,0.0,2e28c6f0a3eb,2025-10-08
2025-10-08,2025-10-08 18:30:49.038174,AAPL,258.06,2025-10-24,15,280.0,PUT,22.84,21.6,22.35,1,30,0.2498,-0.9394,0.0092,-0.0197,0.0628,-0.1086,0.9216,21.94,0.9,a3dda84ab89d,2025-10-08
2025-10-08,2025-10-08 18:30:49.038451,AAPL,258.06,2025-10-24,15,285.0,PUT,28.77,26.5,27.4,1,0,0.2979,-0.9434,0.0073,-0.0258,0.0596,-0.1111,0.9055,26.94,1.83,37018d675e4b,2025-10-08
2025-10-08,2025-10-08 18:30:49.038731,AAPL,258.06,2025-10-24,15,290.0,PUT,51.75,31.65,32.45,0,0,0.345,-0.946,0.0061,-0.0319,0.0574,-0.1134,0.8899,31.94,19.81,9049c3cfdadd,2025-10-08
2025-10-08,2025-10-08 18:30:49.039015,AAPL,258.06,2025-10-24,15,295.0,PUT,38.47,36.5,37.4,1,0,0.3757,-0.9549,0.0048,-0.0273,0.0497,-0.1164,0.8748,36.94,1.53,44a68d5b0b5d,2025-10-08
2025-10-08,2025-10-08 18:30:49.039295,AAPL,258.06,2025-10-24,15,300.0,PUT,44.2,41.6,42.45,0,0,0.4209,-0.9555,0.0043,-0.0334,0.0492,-0.1185,0.8602,41.94,2.26,562da2a0d9c2,2025-10-08
2025-10-08,2025-10-08 18:30:49.039579,AAPL,258.06,2025-10-24,15,325.0,PUT,97.87,66.65,67.35,0,0,0.5679,-0.9732,0.0021,-0.0222,0.0324,-0.1306,0.794,66.94,30.93,ffb986d54ca9,2025-10-08
2025-10-09,2025-10-09 23:40:38.366714,AAPL,254.04,2025-10-17,7,90.0,CALL,163.45,163.65,164.8,3,23,2.9414,0.997,0.0001,-0.0776,0.0032,0.0171,2.8227,164.04,0.0,51a81ed06229,2025-10-09
2025-10-09,2025-10-09 23:40:38.367120,AAPL,254.04,2025-10-17,7,95.0,CALL,160.4,158.35,159.4,0,2,3.0527,0.9945,0.0001,-0.133,0.0056,0.0179,2.6741,159.04,1.36,cd11f59d4830,2025-10-09
2025-10-09,2025-10-09 23:40:38.367430,AAPL,254.04,2025-10-17,7,100.0,CALL,158.38,153.5,154.8,1,19,2.5,0.9979,0.0001,-0.0532,0.0023,0.019,2.5404,154.04,4.34,fdce4c6c410e,2025-10-09
2025-10-09,2025-10-09 23:40:38.367740,AAPL,254.04,2025-10-17,7,105.0,CALL,110.26,122.4,124.25,2,14,0.0,1.0,0.0,-0.0129,0.0,0.0201,2.4194,149.04,0.0,1472ee1d37a9,2025-10-09
2025-10-09,2025-10-09 23:40:38.368035,AAPL,254.04,2025-10-17,7,110.0,CALL,121.0,143.85,144.75,345,462,2.5117,0.9951,0.0002,-0.103,0.005,0.0208,2.3095,144.04,0.0,13a6f75db849,2025-10-09
2025-10-09,2025-10-09 23:40:38.368328,AAPL,254.04,2025-10-17,7,115.0,CALL,112.7,129.8,132.05,1,99,0.0,1.0,0.0,-0.0142,0.0,0.022,2.209,139.04,0.0,0d1841f4d343,2025-10-09
2025-10-09,2025-10-09 23:40:38.368614,AAPL,254.04,2025-10-17,7,120.0,CALL,91.56,107.8,109.05,1,67,0.0,1.0,0.0,-0.0148,0.0,0.023,2.117,134.04,0.0,faaf163f3252,2025-10-09
2025-10-09,2025-10-09 23:40:38.368905,AAPL,254.04,2025-10-17,7,125.0,CALL,114.66,128.85,129.4,3,19,1.8789,0.9979,0.0001,-0.047,0.0024,0.0238,2.0323,129.04,0.0,44037398b811,2025-10-09
2025-10-09,2025-10-09 23:40:38.369194,AAPL,254.04,2025-10-17,7,130.0,CALL,124.4,123.25,125.05,10,164,1.8359,0.9972,0.0001,-0.0561,0.0031,0.0248,1.9542,124.04,0.36,3ec373055b00,2025-10-09
2025-10-09,2025-10-09 23:40:38.369477,AAPL,254.04,2025-10-17,7,135.0,CALL,122.28,118.9,120.05,1,73,2.0938,0.9901,0.0004,-0.1559,0.0093,0.0253,1.8818,119.04,3.24,16cafacf157a,2025-10-09
2025-10-09,2025-10-09 23:40:38.369770,AAPL,254.04,2025-10-17,7,140.0,CALL,114.55,113.4,114.45,1,80,1.9688,0.99,0.0004,-0.1492,0.0094,0.0263,1.8146,114.04,0.51,d7f64d77efd1,2025-10-09
2025-10-09,2025-10-09 23:40:38.370064,AAPL,254.04,2025-10-17,7,145.0,CALL,108.85,108.45,109.9,13,174,1.5977,0.996,0.0002,-0.0657,0.0042,0.0276,1.752,109.04,0.0,cb2be17e4b3b,2025-10-09
2025-10-09,2025-10-09 23:40:38.370357,AAPL,254.04,2025-10-17,7,150.0,CALL,108.57,103.9,105.15,9,718,1.8115,0.9871,0.0005,-0.1695,0.0117,0.0281,1.6936,104.04,4.53,07325b02ca65,2025-10-09
2025-10-09,2025-10-09 23:40:38.370646,AAPL,254.04,2025-10-17,7,155.0,CALL,100.05,98.5,99.8,3,173,1.3887,0.9962,0.0002,-0.0584,0.004,0.0295,1.639,99.04,1.01,c40d5e1d8325,2025-10-09
2025-10-09,2025-10-09 23:40:38.370935,AAPL,254.04,2025-10-17,7,160.0,CALL,98.32,93.6,94.75,1,299,1.3418,0.9951,0.0003,-0.0671,0.005,0.0304,1.5877,94.04,4.28,f972f067f890,2025-10-09
2025-10-09,2025-10-09 23:40:38.371220,AAPL,254.04,2025-10-17,7,165.0,CALL,88.55,88.7,89.8,4,234,1.3379,0.9924,0.0004,-0.0907,0.0074,0.0312,1.5396,89.04,0.0,d765faec2130,2025-10-09
2025-10-09,2025-10-09 23:40:38.371513,AAPL,254.04,2025-10-17,7,170.0,CALL,84.14,83.6,84.45,2,650,1.3897,0.9857,0.0007,-0.1476,0.0128,0.0318,1.4944,84.04,0.1,59e51758c3f8,2025-10-09
2025-10-09,2025-10-09 23:40:38.371929,AAPL,254.04,2025-10-17,7,175.0,CALL,79.05,79.05,79.5,32,1035,1.1934,0.9904,0.0006,-0.0981,0.009,0.033,1.4517,79.04,0.01,3a4cca297bd7,2025-10-09
2025-10-09,2025-10-09 23:40:38.372251,AAPL,254.04,2025-10-17,7,180.0,CALL,73.9,74.1,74.5,27,1749,1.1309,0.9888,0.0007,-0.1053,0.0103,0.0339,1.4113,74.04,0.0,90b29b554430,2025-10-09
2025-10-09,2025-10-09 23:40:38.372545,AAPL,254.04,2025-10-17,7,185.0,CALL,69.0,69.05,70.1,1,653,1.1865,0.9782,0.0012,-0.1775,0.0183,0.0343,1.3732,69.04,0.0,1c85a8480c76,2025-10-09
2025-10-09,2025-10-09 23:40:38.372830,AAPL,254.04,2025-10-17,7,190.0,CALL,64.03,64.05,65.05,25,1362,1.0918,0.9774,0.0014,-0.1701,0.0189,0.0352,1.3371,64.04,0.0,4ad0d4980f59,2025-10-09
2025-10-09,2025-10-09 23:40:38.373106,AAPL,254.04,2025-10-17,7,195.0,CALL,58.74,59.05,60.15,21,1868,1.0269,0.9736,0.0017,-0.1808,0.0215,0.036,1.3028,59.04,0.0,6ebd1640aa86,2025-10-09
2025-10-09,2025-10-09 23:40:38.373380,AAPL,254.04,2025-10-17,7,200.0,CALL,54.2,53.4,54.55,61,2867,0.9272,0.9734,0.0019,-0.1671,0.0216,0.037,1.2702,54.04,0.16,38804f77a00f,2025-10-09
2025-10-09,2025-10-09 23:40:38.373658,AAPL,254.04,2025-10-17,7,205.0,CALL,49.32,49.15,49.45,31,7377,0.751,0.9831,0.0016,-0.1038,0.0148,0.0384,1.2392,49.04,0.28,fb98dcedb506,2025-10-09
2025-10-09,2025-10-09 23:40:38.373931,AAPL,254.04,2025-10-17,7,210.0,CALL,44.38,44.1,44.6,161,20235,0.6992,0.9785,0.0021,-0.1157,0.0181,0.0392,1.2097,44.04,0.34,6985a1b5474c,2025-10-09
2025-10-09,2025-10-09 23:40:38.374203,AAPL,254.04,2025-10-17,7,215.0,CALL,39.49,39.15,39.9,110,13001,0.6821,0.9658,0.0032,-0.1553,0.0267,0.0395,1.1816,39.04,0.45,4b738164a1e3,2025-10-09
2025-10-09,2025-10-09 23:40:38.374489,AAPL,254.04,2025-10-17,7,217.5,CALL,36.95,35.95,37.0,77,51,0.6367,0.9652,0.0034,-0.1486,0.027,0.0399,1.168,36.54,0.41,c7fb530539d5,2025-10-09
2025-10-09,2025-10-09 23:40:38.374761,AAPL,254.04,2025-10-17,7,220.0,CALL,34.58,34.1,34.5,438,13722,0.5361,0.9765,0.0029,-0.1011,0.0195,0.041,1.1547,34.04,0.54,4b4de81f12ca,2025-10-09
2025-10-09,2025-10-09 23:40:38.375034,AAPL,254.04,2025-10-17,7,222.5,CALL,31.61,31.75,32.0,22,41,0.5254,0.9693,0.0038,-0.1181,0.0244,0.0411,1.1418,31.54,0.07,f20edff543ba,2025-10-09
2025-10-09,2025-10-09 23:40:38.375323,AAPL,254.04,2025-10-17,7,225.0,CALL,29.35,29.15,29.5,395,13558,0.522,0.958,0.0049,-0.1441,0.0316,0.041,1.1291,29.04,0.31,9792b0108096,2025-10-09
2025-10-09,2025-10-09 23:40:38.375594,AAPL,254.04,2025-10-17,7,227.5,CALL,26.69,26.7,27.0,33,139,0.4839,0.9548,0.0056,-0.1423,0.0335,0.0413,1.1167,26.54,0.15,a47864458e35,2025-10-09
2025-10-09,2025-10-09 23:40:38.375873,AAPL,254.04,2025-10-17,7,230.0,CALL,24.16,24.25,24.65,624,19742,0.4761,0.9399,0.0071,-0.1691,0.042,0.0411,1.1045,24.04,0.12,afa14a5f522d,2025-10-09
2025-10-09,2025-10-09 23:40:38.376141,AAPL,254.04,2025-10-17,7,232.5,CALL,22.0,21.15,22.55,108,91,0.4993,0.908,0.0094,-0.2328,0.0581,0.0399,1.0926,21.54,0.46,4861c8073c3c,2025-10-09
2025-10-09,2025-10-09 23:40:38.376409,AAPL,254.04,2025-10-17,7,235.0,CALL,19.55,19.3,19.6,630,16242,0.3867,0.9329,0.0096,-0.1531,0.0457,0.0417,1.081,19.04,0.51,6c8185dcb485,2025-10-09
2025-10-09,2025-10-09 23:40:38.376683,AAPL,254.04,2025-10-17,7,237.5,CALL,16.85,16.95,17.35,20,223,0.384,0.9047,0.0125,-0.1897,0.0596,0.0407,1.0696,16.54,0.31,b1aee4e65899,2025-10-09
2025-10-09,2025-10-09 23:40:38.376950,AAPL,254.04,2025-10-17,7,240.0,CALL,14.75,14.5,14.8,1583,27233,0.3342,0.898,0.0151,-0.1759,0.0627,0.0409,1.0585,14.04,0.71,dcb8eaf5f93b,2025-10-09
2025-10-09,2025-10-09 23:40:38.377212,AAPL,254.04,2025-10-17,7,242.5,CALL,12.45,12.1,12.4,131,410,0.3023,0.8754,0.0193,-0.1819,0.0723,0.0403,1.0476,11.54,0.91,9e2f0655d893,2025-10-09
2025-10-09,2025-10-09 23:40:38.377467,AAPL,254.04,2025-10-17,7,245.0,CALL,10.01,10.0,10.15,662,15267,0.282,0.8338,0.0251,-0.2016,0.0877,0.0387,1.0369,9.04,0.97,f91ecac9fe3f,2025-10-09
2025-10-09,2025-10-09 23:40:38.377719,AAPL,254.04,2025-10-17,7,247.5,CALL,7.95,7.9,8.05,341,2777,0.2666,0.7728,0.0321,-0.2252,0.1061,0.0361,1.0264,6.54,1.41,64b5a5d2097d,2025-10-09
2025-10-09,2025-10-09 23:40:38.377973,AAPL,254.04,2025-10-17,7,250.0,CALL,6.08,6.0,6.15,2441,32025,0.2548,0.6902,0.0393,-0.2467,0.1241,0.0325,1.0162,4.04,2.04,41f7ec833f91,2025-10-09
2025-10-09,2025-10-09 23:40:38.378228,AAPL,254.04,2025-10-17,7,252.5,CALL,4.37,4.35,4.5,4290,2507,0.246,0.5874,0.045,-0.2585,0.137,0.0278,1.0061,1.54,2.83,5f91c783fae3,2025-10-09
2025-10-09,2025-10-09 23:40:38.378546,AAPL,254.04,2025-10-17,7,255.0,CALL,2.99,2.99,3.05,14354,21619,0.2334,0.4706,0.0485,-0.2477,0.14,0.0224,0.9962,0.0,2.99,3b5abc0af5b7,2025-10-09
2025-10-09,2025-10-09 23:40:38.378930,AAPL,254.04,2025-10-17,7,257.5,CALL,1.99,1.97,2.01,16526,11797,0.2296,0.3511,0.0459,-0.2247,0.1305,0.0167,0.9866,0.0,1.99,9b8f745e98f7,2025-10-09
2025-10-09,2025-10-09 23:40:38.379224,AAPL,254.04,2025-10-17,7,260.0,CALL,1.27,1.26,1.3,42983,37380,0.2307,0.2474,0.0389,-0.1908,0.1112,0.0118,0.9771,0.0,1.27,d75875e7c269,2025-10-09
2025-10-09,2025-10-09 23:40:38.379494,AAPL,254.04,2025-10-17,7,262.5,CALL,0.81,0.75,0.85,12194,13072,0.2365,0.1691,0.0303,-0.1551,0.0887,0.0081,0.9678,0.0,0.81,6c7391eab04e,2025-10-09
2025-10-09,2025-10-09 23:40:38.379757,AAPL,254.04,2025-10-17,7,265.0,CALL,0.51,0.51,0.52,14058,22567,0.2388,0.1085,0.0222,-0.115,0.0655,0.0052,0.9586,0.0,0.51,fcc3a9958741,2025-10-09
2025-10-09,2025-10-09 23:40:38.380015,AAPL,254.04,2025-10-17,7,267.5,CALL,0.34,0.32,0.34,4389,4049,0.2471,0.0713,0.0157,-0.0867,0.0479,0.0034,0.9497,0.0,0.34,4893d82598e1,2025-10-09
2025-10-09,2025-10-09 23:40:38.380278,AAPL,254.04,2025-10-17,7,270.0,CALL,0.23,0.22,0.23,9758,23340,0.2568,0.0474,0.0109,-0.0652,0.0347,0.0023,0.9409,0.0,0.23,96a4df72b4ed,2025-10-09
2025-10-09,2025-10-09 23:40:38.380541,AAPL,254.04,2025-10-17,7,272.5,CALL,0.15,0.15,0.16,414,1646,0.2676,0.0321,0.0076,-0.0493,0.0253,0.0015,0.9323,0.0,0.15,83c6b75175a6,2025-10-09
2025-10-09,2025-10-09 23:40:38.380796,AAPL,254.04,2025-10-17,7,275.0,CALL,0.11,0.1,0.12,1365,16933,0.2813,0.0231,0.0055,-0.0393,0.0192,0.0011,0.9238,0.0,0.11,7df601674717,2025-10-09
2025-10-09,2025-10-09 23:40:38.381052,AAPL,254.04,2025-10-17,7,280.0,CALL,0.06,0.06,0.07,729,12561,0.3066,0.0122,0.0029,-0.0249,0.0112,0.0006,0.9073,0.0,0.06,4d8962ed54f4,2025-10-09
2025-10-09,2025-10-09 23:40:38.381306,AAPL,254.04,2025-10-17,7,285.0,CALL,0.03,0.03,0.04,225,3578,0.3281,0.0064,0.0016,-0.0151,0.0063,0.0003,0.8914,0.0,0.03,7a867d642472,2025-10-09
2025-10-09,2025-10-09 23:40:38.381561,AAPL,254.04,2025-10-17,7,290.0,CALL,0.02,0.02,0.03,1327,6480,0.3594,0.0044,0.001,-0.0118,0.0046,0.0002,0.876,0.0,0.02,79587e661095,2025-10-09
2025-10-09,2025-10-09 23:40:38.381812,AAPL,254.04,2025-10-17,7,295.0,CALL,0.01,0.01,0.02,105,4201,0.3828,0.0027,0.0006,-0.0082,0.003,0.0001,0.8612,0.0,0.01,6a313752f51a,2025-10-09
2025-10-09,2025-10-09 23:40:38.382067,AAPL,254.04,2025-10-17,7,300.0,CALL,0.01,0.0,0.01,89,13359,0.3906,0.0012,0.0003,-0.004,0.0014,0.0001,0.8468,0.0,0.01,59c62d040eaa,2025-10-09
2025-10-09,2025-10-09 23:40:38.382320,AAPL,254.04,2025-10-17,7,305.0,CALL,0.01,0.0,0.01,20,646,0.4297,0.0012,0.0003,-0.0044,0.0014,0.0001,0.8329,0.0,0.01,b51026c38587,2025-10-09
2025-10-09,2025-10-09 23:40:38.382580,AAPL,254.04,2025-10-17,7,310.0,CALL,0.01,0.0,0.01,400,2214,0.4609,0.0011,0.0002,-0.0041,0.0012,0.0001,0.8195,0.0,0.01,26cc31a1c80d,2025-10-09
2025-10-09,2025-10-09 23:40:38.382835,AAPL,254.04,2025-10-17,7,315.0,CALL,0.01,0.0,0.01,5,645,0.4922,0.0009,0.0002,-0.004,0.0011,0.0,0.8065,0.0,0.01,365ab33c1263,2025-10-09
2025-10-09,2025-10-09 23:40:38.383086,AAPL,254.04,2025-10-17,7,320.0,CALL,0.01,0.0,0.01,2,1573,0.5,0.0005,0.0001,-0.0023,0.0006,0.0,0.7939,0.0,0.01,c69640354ffd,2025-10-09
2025-10-09,2025-10-09 23:40:38.383324,AAPL,254.04,2025-10-17,7,325.0,CALL,0.01,0.0,0.01,8,642,0.5313,0.0005,0.0001,-0.0023,0.0006,0.0,0.7817,0.0,0.01,34919480bc57,2025-10-09
2025-10-09,2025-10-09 23:40:38.383574,AAPL,254.04,2025-10-17,7,330.0,CALL,0.01,0.0,0.01,171,885,0.5625,0.0005,0.0001,-0.0024,0.0006,0.0,0.7698,0.0,0.01,9861cb722bb3,2025-10-09
2025-10-09,2025-10-09 23:40:38.383817,AAPL,254.04,2025-10-17,7,335.0,CALL,0.01,0.0,0.01,20,82,0.5938,0.0005,0.0001,-0.0025,0.0006,0.0,0.7583,0.0,0.01,9c0017169c84,2025-10-09
2025-10-09,2025-10-09 23:40:38.384055,AAPL,254.04,2025-10-17,7,340.0,CALL,0.01,0.0,0.01,35,153,0.6094,0.0003,0.0001,-0.0019,0.0004,0.0,0.7472,0.0,0.01,867e0e0535d2,2025-10-09
2025-10-09,2025-10-09 23:40:38.384295,AAPL,254.04,2025-10-17,7,345.0,CALL,0.01,0.0,0.01,1,391,0.6406,0.0003,0.0001,-0.002,0.0004,0.0,0.7363,0.0,0.01,a6dcd5549ed7,2025-10-09
2025-10-09,2025-10-09 23:40:38.384532,AAPL,254.04,2025-10-17,7,350.0,CALL,0.01,0.0,0.0,150,450,0.5,0.0,0.0,-0.0,0.0,0.0,0.7258,0.0,0.01,e9d1aae104d3,2025-10-09
2025-10-09,2025-10-09 23:40:38.384770,AAPL,254.04,2025-10-17,7,355.0,CALL,0.01,0.0,0.01,25,225,0.6875,0.0003,0.0,-0.0018,0.0004,0.0,0.7156,0.0,0.01,93dce602dd02,2025-10-09
2025-10-09,2025-10-09 23:40:38.385004,AAPL,254.04,2025-10-17,7,360.0,CALL,0.01,0.0,0.01,1,1497,0.7188,0.0003,0.0,-0.0019,0.0004,0.0,0.7057,0.0,0.01,ba3688c218a1,2025-10-09
2025-10-09,2025-10-09 23:40:38.385243,AAPL,254.04,2025-10-17,7,370.0,CALL,0.01,0.0,0.01,16,2844,0.7813,0.0003,0.0,-0.0023,0.0004,0.0,0.6866,0.0,0.01,aac810e8f9e2,2025-10-09
2025-10-09,2025-10-09 23:40:38.385619,AAPL,254.04,2025-10-17,7,90.0,PUT,0.01,0.0,0.01,6,955,2.0938,-0.0001,0.0,-0.002,0.0001,-0.0,2.8227,0.0,0.01,0e578f8ebcd2,2025-10-09
2025-10-09,2025-10-09 23:40:38.385863,AAPL,254.04,2025-10-17,7,95.0,PUT,0.01,0.0,0.01,1,1135,1.9688,-0.0001,0.0,-0.0018,0.0001,-0.0,2.6741,0.0,0.01,7f6f581b39b4,2025-10-09
2025-10-09,2025-10-09 23:40:38.386108,AAPL,254.04,2025-10-17,7,100.0,PUT,0.01,0.0,0.01,2,860,1.875,-0.0001,0.0,-0.0018,0.0001,-0.0,2.5404,0.0,0.01,5f4822044369,2025-10-09
2025-10-09,2025-10-09 23:40:38.386352,AAPL,254.04,2025-10-17,7,105.0,PUT,0.02,0.0,0.01,1,292,1.8125,-0.0001,0.0,-0.0023,0.0002,-0.0,2.4194,0.0,0.02,a2553b788541,2025-10-09
2025-10-09,2025-10-09 23:40:38.386591,AAPL,254.04,2025-10-17,7,110.0,PUT,0.01,0.0,0.01,5,615,1.6875,-0.0001,0.0,-0.0018,0.0001,-0.0,2.3095,0.0,0.01,a4c7cf82ca6e,2025-10-09
2025-10-09,2025-10-09 23:40:38.386839,AAPL,254.04,2025-10-17,7,115.0,PUT,0.01,0.0,0.01,20,595,1.625,-0.0001,0.0,-0.0022,0.0002,-0.0,2.209,0.0,0.01,b0cd82c56dce,2025-10-09
2025-10-09,2025-10-09 23:40:38.387087,AAPL,254.04,2025-10-17,7,120.0,PUT,0.01,0.0,0.01,1,5856,1.5313,-0.0001,0.0,-0.002,0.0002,-0.0,2.117,0.0,0.01,fc98981269a2,2025-10-09
2025-10-09,2025-10-09 23:40:38.387323,AAPL,254.04,2025-10-17,7,125.0,PUT,0.01,0.0,0.01,40,1704,1.4375,-0.0001,0.0,-0.0017,0.0002,-0.0,2.0323,0.0,0.01,e6fe2022dcd5,2025-10-09
2025-10-09,2025-10-09 23:40:38.387560,AAPL,254.04,2025-10-17,7,130.0,PUT,0.01,0.0,0.01,77,1185,1.375,-0.0001,0.0,-0.002,0.0002,-0.0,1.9542,0.0,0.01,1f0763d38d5a,2025-10-09
2025-10-09,2025-10-09 23:40:38.387813,AAPL,254.04,2025-10-17,7,135.0,PUT,0.01,0.0,0.01,1,1455,1.3125,-0.0002,0.0,-0.0022,0.0002,-0.0,1.8818,0.0,0.01,c409132e7f17,2025-10-09
2025-10-09,2025-10-09 23:40:38.388058,AAPL,254.04,2025-10-17,7,140.0,PUT,0.01,0.0,0.01,1,2452,1.25,-0.0002,0.0,-0.0024,0.0003,-0.0,1.8146,0.0,0.01,083dd2713fd0,2025-10-09
2025-10-09,2025-10-09 23:40:38.388423,AAPL,254.04,2025-10-17,7,145.0,PUT,0.01,0.0,0.01,1,4240,1.1563,-0.0002,0.0,-0.0019,0.0002,-0.0,1.752,0.0,0.01,2ba559017f23,2025-10-09
2025-10-09,2025-10-09 23:40:38.388703,AAPL,254.04,2025-10-17,7,150.0,PUT,0.01,0.0,0.01,2,11323,1.0938,-0.0002,0.0,-0.0019,0.0002,-0.0,1.6936,0.0,0.01,428618d30521,2025-10-09
2025-10-09,2025-10-09 23:40:38.388963,AAPL,254.04,2025-10-17,7,155.0,PUT,0.02,0.0,0.01,105,3080,1.0313,-0.0002,0.0,-0.002,0.0003,-0.0,1.639,0.0,0.02,0601298ae158,2025-10-09
2025-10-09,2025-10-09 23:40:38.389208,AAPL,254.04,2025-10-17,7,160.0,PUT,0.01,0.0,0.01,25,14161,0.9688,-0.0002,0.0,-0.002,0.0003,-0.0,1.5877,0.0,0.01,8e69f3eeaec5,2025-10-09
2025-10-09,2025-10-09 23:40:38.389447,AAPL,254.04,2025-10-17,7,165.0,PUT,0.01,0.0,0.01,261,6307,0.9063,-0.0002,0.0,-0.0019,0.0003,-0.0,1.5396,0.0,0.01,bf60d23133c3,2025-10-09
2025-10-09,2025-10-09 23:40:38.389680,AAPL,254.04,2025-10-17,7,170.0,PUT,0.01,0.0,0.01,33,7165,0.8438,-0.0002,0.0,-0.0018,0.0003,-0.0,1.4944,0.0,0.01,f631f8fa2d00,2025-10-09
2025-10-09,2025-10-09 23:40:38.389910,AAPL,254.04,2025-10-17,7,175.0,PUT,0.01,0.0,0.02,55,5341,0.8438,-0.0006,0.0001,-0.0042,0.0007,-0.0,1.4517,0.0,0.01,c9f246656796,2025-10-09
2025-10-09,2025-10-09 23:40:38.390150,AAPL,254.04,2025-10-17,7,180.0,PUT,0.01,0.01,0.17,33,12057,0.9785,-0.0044,0.0004,-0.0318,0.0046,-0.0002,1.4113,0.0,0.01,19914570adf9,2025-10-09
2025-10-09,2025-10-09 23:40:38.390388,AAPL,254.04,2025-10-17,7,185.0,PUT,0.02,0.01,0.02,3,10074,0.75,-0.0009,0.0001,-0.0059,0.0011,-0.0,1.3732,0.0,0.02,2ccb7a01fb62,2025-10-09
2025-10-09,2025-10-09 23:40:38.390627,AAPL,254.04,2025-10-17,7,190.0,PUT,0.02,0.01,0.02,36,13967,0.6875,-0.0009,0.0001,-0.0055,0.0011,-0.0,1.3371,0.0,0.02,4318dc07d0ec,2025-10-09
2025-10-09,2025-10-09 23:40:38.390851,AAPL,254.04,2025-10-17,7,195.0,PUT,0.02,0.01,0.02,48,9854,0.6328,-0.0011,0.0002,-0.0056,0.0013,-0.0001,1.3028,0.0,0.02,a43e4524e7c6,2025-10-09
2025-10-09,2025-10-09 23:40:38.391093,AAPL,254.04,2025-10-17,7,200.0,PUT,0.02,0.02,0.03,190,16742,0.6094,-0.0019,0.0003,-0.0094,0.0022,-0.0001,1.2702,0.0,0.02,f945d449d95c,2025-10-09
2025-10-09,2025-10-09 23:40:38.391319,AAPL,254.04,2025-10-17,7,205.0,PUT,0.03,0.03,0.04,104,11581,0.5703,-0.0028,0.0004,-0.0124,0.0031,-0.0001,1.2392,0.0,0.03,b3560050e1ec,2025-10-09
2025-10-09,2025-10-09 23:40:38.391551,AAPL,254.04,2025-10-17,7,210.0,PUT,0.04,0.04,0.05,336,28521,0.5293,-0.0041,0.0006,-0.0159,0.0042,-0.0002,1.2097,0.0,0.04,66dc144435b9,2025-10-09
2025-10-09,2025-10-09 23:40:38.391776,AAPL,254.04,2025-10-17,7,215.0,PUT,0.04,0.04,0.05,90,17241,0.4766,-0.005,0.0009,-0.0172,0.0051,-0.0002,1.1816,0.0,0.04,ac4687b31724,2025-10-09
2025-10-09,2025-10-09 23:40:38.392014,AAPL,254.04,2025-10-17,7,217.5,PUT,0.05,0.05,0.06,212,736,0.457,-0.0062,0.0011,-0.02,0.0062,-0.0003,1.168,0.0,0.05,fc1693424feb,2025-10-09
2025-10-09,2025-10-09 23:40:38.392249,AAPL,254.04,2025-10-17,7,220.0,PUT,0.07,0.06,0.07,153,19795,0.4375,-0.0078,0.0014,-0.0233,0.0075,-0.0004,1.1547,0.0,0.07,1380aef85a7e,2025-10-09
2025-10-09,2025-10-09 23:40:38.392476,AAPL,254.04,2025-10-17,7,222.5,PUT,0.07,0.05,0.07,41,573,0.4063,-0.0082,0.0016,-0.0226,0.0079,-0.0004,1.1418,0.0,0.07,ea97006bd3ce,2025-10-09
2025-10-09,2025-10-09 23:40:38.392704,AAPL,254.04,2025-10-17,7,225.0,PUT,0.08,0.07,0.08,103,10841,0.3848,-0.0101,0.002,-0.0258,0.0095,-0.0005,1.1291,0.0,0.08,56391346fb4b,2025-10-09
2025-10-09,2025-10-09 23:40:38.392933,AAPL,254.04,2025-10-17,7,227.5,PUT,0.09,0.07,0.09,257,1403,0.3604,-0.0121,0.0025,-0.0281,0.0111,-0.0006,1.1167,0.0,0.09,0ab3e7714c04,2025-10-09
2025-10-09,2025-10-09 23:40:38.393160,AAPL,254.04,2025-10-17,7,230.0,PUT,0.11,0.1,0.11,1574,14117,0.3399,-0.0156,0.0033,-0.033,0.0138,-0.0008,1.1045,0.0,0.11,e7e4c84742cf,2025-10-09
2025-10-09,2025-10-09 23:40:38.393389,AAPL,254.04,2025-10-17,7,232.5,PUT,0.13,0.12,0.13,694,2004,0.3174,-0.0198,0.0043,-0.0377,0.0169,-0.001,1.0926,0.0,0.13,be519109d925,2025-10-09
2025-10-09,2025-10-09 23:40:38.393616,AAPL,254.04,2025-10-17,7,235.0,PUT,0.17,0.15,0.17,1715,9187,0.2988,-0.0272,0.006,-0.0462,0.022,-0.0013,1.081,0.0,0.17,838fb753bb9d,2025-10-09
2025-10-09,2025-10-09 23:40:38.393843,AAPL,254.04,2025-10-17,7,237.5,PUT,0.23,0.21,0.23,763,1430,0.2817,-0.0386,0.0084,-0.058,0.0295,-0.0019,1.0696,0.0,0.23,796b40d422ac,2025-10-09
2025-10-09,2025-10-09 23:40:38.394071,AAPL,254.04,2025-10-17,7,240.0,PUT,0.32,0.31,0.33,2343,12364,0.2671,-0.0572,0.0122,-0.0752,0.0404,-0.0028,1.0585,0.0,0.32,d6382f984b9b,2025-10-09
2025-10-09,2025-10-09 23:40:38.394296,AAPL,254.04,2025-10-17,7,242.5,PUT,0.49,0.47,0.49,888,4574,0.2546,-0.0868,0.0177,-0.0984,0.0556,-0.0043,1.0476,0.0,0.49,676207140a6d,2025-10-09
2025-10-09,2025-10-09 23:40:38.394518,AAPL,254.04,2025-10-17,7,245.0,PUT,0.75,0.71,0.75,3498,6998,0.2444,-0.1329,0.025,-0.1276,0.0755,-0.0066,1.0369,0.0,0.75,ae9c8483dd92,2025-10-09
2025-10-09,2025-10-09 23:40:38.394752,AAPL,254.04,2025-10-17,7,247.5,PUT,1.15,1.07,1.17,3365,5918,0.2373,-0.2015,0.0337,-0.1613,0.0989,-0.01,1.0264,0.0,1.15,9a572af3fae2,2025-10-09
2025-10-09,2025-10-09 23:40:38.394978,AAPL,254.04,2025-10-17,7,250.0,PUT,1.74,1.65,1.75,10605,11259,0.228,-0.2909,0.0427,-0.1871,0.1206,-0.0145,1.0162,0.0,1.74,ebf2ff1ee240,2025-10-09
2025-10-09,2025-10-09 23:40:38.395201,AAPL,254.04,2025-10-17,7,252.5,PUT,2.59,2.44,2.62,5305,4309,0.2229,-0.405,0.0494,-0.2041,0.1364,-0.0202,1.0061,0.0,2.59,167e734526d2,2025-10-09
2025-10-09,2025-10-09 23:40:38.395428,AAPL,254.04,2025-10-17,7,255.0,PUT,3.68,3.65,3.75,5682,7379,0.2161,-0.5328,0.0523,-0.1988,0.1399,-0.0266,0.9962,0.96,2.72,4b5f304585b8,2025-10-09
2025-10-09,2025-10-09 23:40:38.395649,AAPL,254.04,2025-10-17,7,257.5,PUT,5.3,5.1,5.25,1434,4046,0.2139,-0.6601,0.0487,-0.1756,0.1289,-0.0331,0.9866,3.46,1.84,170fb1224c79,2025-10-09
2025-10-09,2025-10-09 23:40:38.395865,AAPL,254.04,2025-10-17,7,260.0,PUT,6.8,6.65,7.05,1242,2735,0.213,-0.771,0.0404,-0.1372,0.1066,-0.0389,0.9771,5.96,0.84,c727fc13ea02,2025-10-09
2025-10-09,2025-10-09 23:40:38.396121,AAPL,254.04,2025-10-17,7,262.5,PUT,9.32,8.65,9.2,1830,230,0.2251,-0.8432,0.0303,-0.1083,0.0845,-0.0428,0.9678,8.46,0.86,68574bafe046,2025-10-09
2025-10-09,2025-10-09 23:40:38.396359,AAPL,254.04,2025-10-17,7,265.0,PUT,11.32,11.15,11.4,1071,2965,0.2278,-0.9025,0.0215,-0.069,0.0606,-0.0461,0.9586,10.96,0.36,4cb0954fe153,2025-10-09
2025-10-09,2025-10-09 23:40:38.396584,AAPL,254.04,2025-10-17,7,267.5,PUT,13.95,13.15,13.8,70,133,0.2471,-0.9287,0.0157,-0.0538,0.0479,-0.0478,0.9497,13.46,0.49,9f9a9dce480f,2025-10-09
2025-10-09,2025-10-09 23:40:38.396810,AAPL,254.04,2025-10-17,7,270.0,PUT,16.6,15.9,16.25,1965,4742,0.27,-0.9438,0.0119,-0.0452,0.0398,-0.049,0.9409,15.96,0.64,9fc638450368,2025-10-09
2025-10-09,2025-10-09 23:40:38.397035,AAPL,254.04,2025-10-17,7,272.5,PUT,17.0,17.9,18.75,1,47,0.3013,-0.9495,0.0098,-0.0467,0.0366,-0.0498,0.9323,18.46,0.0,7031d61da3fc,2025-10-09
2025-10-09,2025-10-09 23:40:38.397254,AAPL,254.04,2025-10-17,7,275.0,PUT,21.32,20.85,21.35,23,102,0.3533,-0.9428,0.0092,-0.0698,0.0404,-0.05,0.9238,20.96,0.36,c7982fcfe45d,2025-10-09
2025-10-09,2025-10-09 23:40:38.397469,AAPL,254.04,2025-10-17,7,280.0,PUT,26.35,25.75,26.2,68,9,0.376,-0.9661,0.0057,-0.0377,0.0265,-0.052,0.9073,25.96,0.39,e7a8facede19,2025-10-09
2025-10-09,2025-10-09 23:40:38.397690,AAPL,254.04,2025-10-17,7,285.0,PUT,27.05,30.75,31.25,6,0,0.4453,-0.9656,0.0049,-0.0512,0.0268,-0.053,0.8914,30.96,0.0,610d83505f4b,2025-10-09
2025-10-09,2025-10-09 23:40:38.397909,AAPL,254.04,2025-10-17,7,290.0,PUT,36.2,35.55,36.3,22,3,0.5137,-0.9651,0.0043,-0.0648,0.0271,-0.0539,0.876,35.96,0.24,f5e308c82739,2025-10-09
2025-10-09,2025-10-09 23:40:38.398129,AAPL,254.04,2025-10-17,7,295.0,PUT,68.15,40.45,41.45,2,0,0.6069,-0.9578,0.0042,-0.1021,0.0316,-0.0545,0.8612,40.96,27.19,7eaacfe95156,2025-10-09
2025-10-09,2025-10-09 23:40:38.398347,AAPL,254.04,2025-10-17,7,300.0,PUT,44.1,45.75,46.3,3,0,0.6167,-0.9709,0.0031,-0.0667,0.0233,-0.0561,0.8468,45.96,0.0,f4c5258101f8,2025-10-09
2025-10-09,2025-10-09 23:40:38.398564,AAPL,254.04,2025-10-17,7,305.0,PUT,48.05,50.75,51.25,2,0,0.648,-0.9763,0.0025,-0.0541,0.0197,-0.0573,0.8329,50.96,0.0,d220c8257cc3,2025-10-09
2025-10-09,2025-10-09 23:40:38.398779,AAPL,254.04,2025-10-17,7,315.0,PUT,69.7,60.55,61.3,1,0,0.7598,-0.9763,0.0021,-0.0685,0.0196,-0.0592,0.8065,60.96,8.74,0942341fe75c,2025-10-09
2025-10-09,2025-10-09 23:40:38.399005,AAPL,254.04,2025-10-17,7,320.0,PUT,65.4,65.75,66.35,1,0,0.666,-0.9928,0.0009,0.0058,0.007,-0.061,0.7939,65.96,0.0,07924a4d8b43,2025-10-09
2025-10-09,2025-10-09 23:40:38.399220,AAPL,254.04,2025-10-17,7,330.0,PUT,98.75,95.7,96.25,0,0,2.8726,-0.676,0.0036,-2.5621,0.1265,-0.0508,0.7698,75.96,22.79,dc103ac11be6,2025-10-09
2025-10-09,2025-10-09 23:40:38.399433,AAPL,254.04,2025-10-17,7,335.0,PUT,89.55,80.75,81.3,5,0,0.75,-0.9954,0.0005,0.0157,0.0047,-0.064,0.7583,80.96,8.59,df8bf88ae77d,2025-10-09
2025-10-09,2025-10-09 23:40:38.399651,AAPL,254.04,2025-10-17,7,355.0,PUT,157.02,0.0,0.0,0,0,0.0,-1.0,0.0,0.0437,0.0,-0.068,0.7156,100.96,56.06,4a3300887ba7,2025-10-09
2025-10-09,2025-10-09 23:40:38.399870,AAPL,254.04,2025-10-17,7,360.0,PUT,162.01,0.0,0.0,0,0,0.0,-1.0,0.0,0.0443,0.0,-0.069,0.7057,105.96,56.05,5e28a1f7030e,2025-10-09
2025-10-09,2025-10-09 23:40:38.400086,AAPL,254.04,2025-10-17,7,370.0,PUT,159.95,141.9,142.5,0,0,3.8584,-0.6682,0.0027,-3.481,0.1277,-0.0591,0.6866,115.96,43.99,a767ccf8c957,2025-10-09
2025-10-09,2025-10-09 23:40:38.481529,AAPL,254.04,2025-10-24,14,110.0,CALL,143.35,143.6,144.55,1,3,1.4609,0.9989,0.0,-0.0227,0.0018,0.042,2.3095,144.04,0.0,7eef6a1c85c8,2025-10-09
2025-10-09,2025-10-09 23:40:38.481872,AAPL,254.04,2025-10-24,14,120.0,CALL,133.19,133.5,134.55,0,1,1.8291,0.9886,0.0003,-0.1113,0.0148,0.0447,2.117,134.04,0.0,cab0f984ef99,2025-10-09
2025-10-09,2025-10-09 23:40:38.482175,AAPL,254.04,2025-10-24,14,125.0,CALL,133.49,128.95,130.0,3,3,1.6963,0.9894,0.0003,-0.0992,0.0139,0.0467,2.0323,129.04,4.45,560b6b82aefe,2025-10-09
2025-10-09,2025-10-09 23:40:38.482475,AAPL,254.04,2025-10-24,14,140.0,CALL,116.1,113.7,115.15,1,1,1.4238,0.9888,0.0004,-0.0915,0.0147,0.0524,1.8146,114.04,2.06,8e168f1810b9,2025-10-09
2025-10-09,2025-10-09 23:40:38.482773,AAPL,254.04,2025-10-24,14,160.0,CALL,94.2,93.75,95.2,1,1,1.1582,0.9846,0.0007,-0.099,0.0193,0.0596,1.5877,94.04,0.16,c26a1f4c9733,2025-10-09
2025-10-09,2025-10-09 23:40:38.483064,AAPL,254.04,2025-10-24,14,165.0,CALL,90.95,88.65,89.5,3,2,0.7891,0.998,0.0002,-0.0291,0.0031,0.063,1.5396,89.04,1.91,8d52b2e583ee,2025-10-09
2025-10-09,2025-10-09 23:40:38.483354,AAPL,254.04,2025-10-24,14,170.0,CALL,76.03,83.6,85.2,6,6,0.9932,0.985,0.0008,-0.0871,0.0188,0.0635,1.4944,84.04,0.0,730123e96ddc,2025-10-09
2025-10-09,2025-10-09 23:40:38.483648,AAPL,254.04,2025-10-24,14,175.0,CALL,83.68,78.65,80.25,2,2,0.9502,0.9824,0.0009,-0.0944,0.0216,0.0652,1.4517,79.04,4.64,0c9ff3b8fef2,2025-10-09
2025-10-09,2025-10-09 23:40:38.483942,AAPL,254.04,2025-10-24,14,180.0,CALL,78.67,73.65,75.2,2,14,0.8789,0.982,0.001,-0.0906,0.022,0.0671,1.4113,74.04,4.63,872fab6ddc1d,2025-10-09
2025-10-09,2025-10-09 23:40:38.484231,AAPL,254.04,2025-10-24,14,185.0,CALL,73.76,68.5,70.2,3,5,0.79,0.9837,0.001,-0.0792,0.0202,0.0692,1.3732,69.04,4.72,98a6d64adc8b,2025-10-09
2025-10-09,2025-10-09 23:40:38.484515,AAPL,254.04,2025-10-24,14,190.0,CALL,67.62,63.55,65.25,1,17,0.75,0.9804,0.0013,-0.0861,0.0236,0.0707,1.3371,64.04,3.58,f7b3a3297c10,2025-10-09
2025-10-09,2025-10-09 23:40:38.484800,AAPL,254.04,2025-10-24,14,195.0,CALL,63.5,58.75,60.4,1,10,0.7432,0.9714,0.0018,-0.1094,0.0325,0.0717,1.3028,59.04,4.46,0734b2cb4d88,2025-10-09
2025-10-09,2025-10-09 23:40:38.485085,AAPL,254.04,2025-10-24,14,200.0,CALL,55.47,54.15,54.7,2,77,0.6431,0.9759,0.0018,-0.0886,0.0282,0.0741,1.2702,54.04,1.43,19cb52d585f9,2025-10-09
2025-10-09,2025-10-09 23:40:38.485373,AAPL,254.04,2025-10-24,14,205.0,CALL,50.54,49.3,49.65,2,22,0.6001,0.9712,0.0022,-0.0945,0.0327,0.0756,1.2392,49.04,1.5,c2c79a4bb2aa,2025-10-09
2025-10-09,2025-10-09 23:40:38.485656,AAPL,254.04,2025-10-24,14,210.0,CALL,44.18,44.25,44.75,13,47,0.5493,0.9671,0.0027,-0.0965,0.0366,0.0771,1.2097,44.04,0.14,ef2721139dcd,2025-10-09
2025-10-09,2025-10-09 23:40:38.485940,AAPL,254.04,2025-10-24,14,215.0,CALL,40.45,39.0,39.85,5,151,0.5564,0.9454,0.004,-0.1341,0.0551,0.0767,1.1816,39.04,1.41,cf441275e767,2025-10-09
2025-10-09,2025-10-09 23:40:38.486226,AAPL,254.04,2025-10-24,14,220.0,CALL,34.74,34.45,34.9,210,572,0.5024,0.9368,0.005,-0.1357,0.0617,0.0778,1.1547,34.04,0.7,361b0e374e10,2025-10-09
2025-10-09,2025-10-09 23:40:38.486509,AAPL,254.04,2025-10-24,14,225.0,CALL,29.93,29.5,29.9,35,525,0.4409,0.9291,0.0062,-0.1316,0.0675,0.079,1.1291,29.04,0.89,f3a8c278f3ed,2025-10-09
2025-10-09,2025-10-09 23:40:38.486792,AAPL,254.04,2025-10-24,14,230.0,CALL,25.23,24.6,24.95,31,1414,0.3853,0.9159,0.0081,-0.1312,0.0768,0.0796,1.1045,24.04,1.19,244260f6ad38,2025-10-09
2025-10-09,2025-10-09 23:40:38.487079,AAPL,254.04,2025-10-24,14,235.0,CALL,20.0,19.8,20.2,33,1864,0.3467,0.8862,0.0112,-0.1439,0.0958,0.0785,1.081,19.04,0.96,c912af5a2903,2025-10-09
2025-10-09,2025-10-09 23:40:38.487361,AAPL,254.04,2025-10-24,14,240.0,CALL,15.25,15.2,15.55,135,2530,0.3074,0.8421,0.0158,-0.1562,0.12,0.076,1.0585,14.04,1.21,fe37fce7e397,2025-10-09
2025-10-09,2025-10-09 23:40:38.487649,AAPL,254.04,2025-10-24,14,245.0,CALL,11.0,10.95,11.1,358,2832,0.2688,0.7726,0.0226,-0.1669,0.1501,0.071,1.0369,9.04,1.96,41e3b7289c29,2025-10-09
2025-10-09,2025-10-09 23:40:38.487932,AAPL,254.04,2025-10-24,14,250.0,CALL,7.25,7.2,7.4,1089,8306,0.2516,0.6499,0.0296,-0.185,0.1843,0.0604,1.0162,4.04,3.21,1ee5a059f4c3,2025-10-09
2025-10-09,2025-10-09 23:40:38.488201,AAPL,254.04,2025-10-24,14,255.0,CALL,4.31,4.3,4.4,2358,5646,0.2363,0.4916,0.0339,-0.1823,0.1984,0.0462,0.9962,0.0,4.31,5fa75cc92cd5,2025-10-09
2025-10-09,2025-10-09 23:40:38.488467,AAPL,254.04,2025-10-24,14,260.0,CALL,2.33,2.29,2.4,6598,18890,0.2311,0.3258,0.0313,-0.1578,0.1792,0.0308,0.9771,0.0,2.33,7813c2457095,2025-10-09
2025-10-09,2025-10-09 23:40:38.488731,AAPL,254.04,2025-10-24,14,265.0,CALL,1.16,1.14,1.2,3567,7726,0.2299,0.1901,0.0237,-0.1167,0.1351,0.0181,0.9586,0.0,1.16,019b7f322d53,2025-10-09
2025-10-09,2025-10-09 23:40:38.488997,AAPL,254.04,2025-10-24,14,270.0,CALL,0.59,0.57,0.6,2098,11348,0.2356,0.1038,0.0154,-0.0787,0.0897,0.0099,0.9409,0.0,0.59,3169d5e6ae6a,2025-10-09
2025-10-09,2025-10-09 23:40:38.489261,AAPL,254.04,2025-10-24,14,275.0,CALL,0.31,0.31,0.32,1129,6497,0.2471,0.0572,0.0093,-0.0521,0.0571,0.0055,0.9238,0.0,0.31,a4195a9c85f8,2025-10-09
2025-10-09,2025-10-09 23:40:38.489526,AAPL,254.04,2025-10-24,14,280.0,CALL,0.18,0.17,0.18,427,3863,0.2603,0.0322,0.0056,-0.0343,0.0359,0.0031,0.9073,0.0,0.18,034600a76222,2025-10-09
2025-10-09,2025-10-09 23:40:38.489788,AAPL,254.04,2025-10-24,14,285.0,CALL,0.1,0.1,0.11,288,5398,0.2759,0.0193,0.0034,-0.0236,0.0233,0.0018,0.8914,0.0,0.1,a7f07b0283fc,2025-10-09
2025-10-09,2025-10-09 23:40:38.490055,AAPL,254.04,2025-10-24,14,290.0,CALL,0.07,0.06,0.07,402,4685,0.292,0.012,0.0022,-0.0166,0.0156,0.0011,0.876,0.0,0.07,0e4fa1888986,2025-10-09
2025-10-09,2025-10-09 23:40:38.490323,AAPL,254.04,2025-10-24,14,295.0,CALL,0.05,0.03,0.05,1,434,0.3106,0.0082,0.0015,-0.0126,0.0112,0.0008,0.8612,0.0,0.05,1715d2221a8d,2025-10-09
2025-10-09,2025-10-09 23:40:38.490585,AAPL,254.04,2025-10-24,14,300.0,CALL,0.02,0.02,0.03,443,1845,0.3203,0.0048,0.0009,-0.008,0.0069,0.0005,0.8468,0.0,0.02,333d28682750,2025-10-09
2025-10-09,2025-10-09 23:40:38.490852,AAPL,254.04,2025-10-24,14,305.0,CALL,0.02,0.01,0.03,24,116,0.3477,0.0043,0.0007,-0.008,0.0063,0.0004,0.8329,0.0,0.02,790b157f477a,2025-10-09
2025-10-09,2025-10-09 23:40:38.491122,AAPL,254.04,2025-10-24,14,310.0,CALL,0.02,0.0,0.02,12,145,0.3594,0.0028,0.0005,-0.0056,0.0043,0.0003,0.8195,0.0,0.02,abd759ac466e,2025-10-09
2025-10-09,2025-10-09 23:40:38.491389,AAPL,254.04,2025-10-24,14,315.0,CALL,0.01,0.0,0.02,5,112,0.3867,0.0027,0.0004,-0.0058,0.0042,0.0003,0.8065,0.0,0.01,d76b5fd15c91,2025-10-09
2025-10-09,2025-10-09 23:40:38.491658,AAPL,254.04,2025-10-24,14,320.0,CALL,0.01,0.0,0.03,5,100,0.4297,0.0037,0.0005,-0.0085,0.0055,0.0003,0.7939,0.0,0.01,a2ab28fd8105,2025-10-09
2025-10-09,2025-10-09 23:40:38.491932,AAPL,254.04,2025-10-24,14,325.0,CALL,0.01,0.0,0.02,21,120,0.4375,0.0025,0.0004,-0.006,0.0038,0.0002,0.7817,0.0,0.01,c599b9eb2c68,2025-10-09
2025-10-09,2025-10-09 23:40:38.492276,AAPL,254.04,2025-10-24,14,110.0,PUT,0.01,0.0,0.01,3,53,1.25,-0.0002,0.0,-0.0016,0.0004,-0.0,2.3095,0.0,0.01,3173f95748ab,2025-10-09
2025-10-09,2025-10-09 23:40:38.492545,AAPL,254.04,2025-10-24,14,130.0,PUT,0.01,0.0,0.01,50,53,1.0,-0.0002,0.0,-0.0014,0.0004,-0.0,1.9542,0.0,0.01,97ea67bc0d3c,2025-10-09
2025-10-09,2025-10-09 23:40:38.492815,AAPL,254.04,2025-10-24,14,135.0,PUT,0.02,0.0,0.01,100,103,0.9375,-0.0002,0.0,-0.0012,0.0004,-0.0,1.8818,0.0,0.02,1a221a66ea2c,2025-10-09
2025-10-09,2025-10-09 23:40:38.493077,AAPL,254.04,2025-10-24,14,140.0,PUT,0.01,0.0,0.01,201,421,0.9063,-0.0003,0.0,-0.0016,0.0005,-0.0,1.8146,0.0,0.01,f2dd10243c85,2025-10-09
2025-10-09,2025-10-09 23:40:38.493343,AAPL,254.04,2025-10-24,14,145.0,PUT,0.02,0.0,0.01,1,46,0.8438,-0.0002,0.0,-0.0014,0.0005,-0.0,1.752,0.0,0.02,21f33c193d8f,2025-10-09
2025-10-09,2025-10-09 23:40:38.493608,AAPL,254.04,2025-10-24,14,150.0,PUT,0.01,0.0,0.21,115,78,1.0703,-0.0043,0.0002,-0.024,0.0063,-0.0004,1.6936,0.0,0.01,92e6ce989632,2025-10-09
2025-10-09,2025-10-09 23:40:38.493870,AAPL,254.04,2025-10-24,14,155.0,PUT,0.05,0.0,0.02,3,6,0.7969,-0.0006,0.0001,-0.0028,0.001,-0.0001,1.639,0.0,0.05,54c6806bedf0,2025-10-09
2025-10-09,2025-10-09 23:40:38.494122,AAPL,254.04,2025-10-24,14,160.0,PUT,0.02,0.01,0.02,32,65,0.7734,-0.0008,0.0001,-0.0039,0.0014,-0.0001,1.5877,0.0,0.02,6e91939b6b23,2025-10-09
2025-10-09,2025-10-09 23:40:38.494370,AAPL,254.04,2025-10-24,14,165.0,PUT,0.02,0.0,0.03,38,84,0.7266,-0.0009,0.0001,-0.004,0.0015,-0.0001,1.5396,0.0,0.02,4f141002f091,2025-10-09
2025-10-09,2025-10-09 23:40:38.494620,AAPL,254.04,2025-10-24,14,170.0,PUT,0.02,0.0,0.02,15,217,0.6563,-0.0007,0.0001,-0.0027,0.0012,-0.0001,1.4944,0.0,0.02,faab7522d35c,2025-10-09
2025-10-09,2025-10-09 23:40:38.494868,AAPL,254.04,2025-10-24,14,175.0,PUT,0.02,0.01,0.03,51,83,0.6523,-0.0014,0.0001,-0.0052,0.0022,-0.0001,1.4517,0.0,0.02,23099a97bbee,2025-10-09
2025-10-09,2025-10-09 23:40:38.495116,AAPL,254.04,2025-10-24,14,180.0,PUT,0.02,0.01,0.04,6,40,0.6211,-0.0018,0.0002,-0.0064,0.0029,-0.0002,1.4113,0.0,0.02,be3fa1f57707,2025-10-09
2025-10-09,2025-10-09 23:40:38.495362,AAPL,254.04,2025-10-24,14,185.0,PUT,0.03,0.01,0.04,1,556,0.5742,-0.0019,0.0002,-0.0062,0.003,-0.0002,1.3732,0.0,0.03,8550fecacd53,2025-10-09
2025-10-09,2025-10-09 23:40:38.495606,AAPL,254.04,2025-10-24,14,190.0,PUT,0.05,0.02,0.04,2,93,0.5391,-0.0024,0.0003,-0.0071,0.0037,-0.0002,1.3371,0.0,0.05,53086fbe9307,2025-10-09
2025-10-09,2025-10-09 23:40:38.495855,AAPL,254.04,2025-10-24,14,195.0,PUT,0.05,0.03,0.05,2,194,0.5117,-0.0034,0.0004,-0.0092,0.0051,-0.0003,1.3028,0.0,0.05,9f32268803b5,2025-10-09
2025-10-09,2025-10-09 23:40:38.496101,AAPL,254.04,2025-10-24,14,200.0,PUT,0.06,0.04,0.08,207,3317,0.5078,-0.0067,0.0007,-0.0167,0.0094,-0.0007,1.2702,0.0,0.06,c3bde6453c53,2025-10-09
2025-10-09,2025-10-09 23:40:38.496345,AAPL,254.04,2025-10-24,14,205.0,PUT,0.07,0.06,0.1,32,2450,0.4756,-0.0089,0.001,-0.0201,0.012,-0.0009,1.2392,0.0,0.07,20ca5037f555,2025-10-09
2025-10-09,2025-10-09 23:40:38.496594,AAPL,254.04,2025-10-24,14,210.0,PUT,0.09,0.07,0.09,7,880,0.4219,-0.009,0.0012,-0.0179,0.0121,-0.0009,1.2097,0.0,0.09,a1bb20002194,2025-10-09
2025-10-09,2025-10-09 23:40:38.496840,AAPL,254.04,2025-10-24,14,215.0,PUT,0.1,0.09,0.11,30,584,0.3867,-0.0118,0.0016,-0.0208,0.0153,-0.0012,1.1816,0.0,0.1,5ce8e9a725be,2025-10-09
2025-10-09,2025-10-09 23:40:38.497085,AAPL,254.04,2025-10-24,14,220.0,PUT,0.14,0.11,0.14,239,3490,0.3535,-0.0163,0.0023,-0.025,0.0202,-0.0016,1.1547,0.0,0.14,c0029aeeb61d,2025-10-09
2025-10-09,2025-10-09 23:40:38.497337,AAPL,254.04,2025-10-24,14,225.0,PUT,0.19,0.18,0.19,222,1190,0.3218,-0.0236,0.0035,-0.031,0.0277,-0.0024,1.1291,0.0,0.19,22665cbdf4fe,2025-10-09
2025-10-09,2025-10-09 23:40:38.497585,AAPL,254.04,2025-10-24,14,230.0,PUT,0.28,0.26,0.28,857,2379,0.293,-0.0366,0.0055,-0.0406,0.0399,-0.0037,1.1045,0.0,0.28,919c50f613d3,2025-10-09
2025-10-09,2025-10-09 23:40:38.497836,AAPL,254.04,2025-10-24,14,235.0,PUT,0.44,0.44,0.46,208,2817,0.2693,-0.0622,0.0091,-0.0567,0.061,-0.0062,1.081,0.0,0.44,43374ce9e89b,2025-10-09
2025-10-09,2025-10-09 23:40:38.498084,AAPL,254.04,2025-10-24,14,240.0,PUT,0.8,0.79,0.81,633,1996,0.2488,-0.11,0.0152,-0.0796,0.0935,-0.011,1.0585,0.0,0.8,bc3cefb7d87a,2025-10-09
2025-10-09,2025-10-09 23:40:38.498338,AAPL,254.04,2025-10-24,14,245.0,PUT,1.5,1.41,1.54,1444,4980,0.2356,-0.1989,0.0238,-0.1104,0.1388,-0.0199,1.0369,0.0,1.5,715360bbc2cf,2025-10-09
2025-10-09,2025-10-09 23:40:38.498588,AAPL,254.04,2025-10-24,14,250.0,PUT,2.73,2.63,2.78,2992,2029,0.2216,-0.3333,0.033,-0.1324,0.1809,-0.0334,1.0162,0.0,2.73,bced12e63578,2025-10-09
2025-10-09,2025-10-09 23:40:38.498834,AAPL,254.04,2025-10-24,14,255.0,PUT,4.8,4.75,4.85,874,3020,0.2116,-0.5114,0.0379,-0.1333,0.1984,-0.0515,0.9962,0.96,3.84,5c6df98ca666,2025-10-09
2025-10-09,2025-10-09 23:40:38.499090,AAPL,254.04,2025-10-24,14,260.0,PUT,8.11,7.45,7.9,240,815,0.2057,-0.6959,0.0342,-0.1051,0.174,-0.0707,0.9771,5.96,2.15,b6984bf8cbd4,2025-10-09
2025-10-09,2025-10-09 23:40:38.499346,AAPL,254.04,2025-10-24,14,265.0,PUT,12.0,11.3,11.9,18,105,0.2106,-0.8319,0.024,-0.0665,0.125,-0.0854,0.9586,10.96,1.04,ec6e5fafb5d9,2025-10-09
2025-10-09,2025-10-09 23:40:38.499594,AAPL,254.04,2025-10-24,14,270.0,PUT,16.83,16.1,16.4,17,334,0.2175,-0.9144,0.0145,-0.0299,0.0778,-0.0952,0.9409,15.96,0.87,0ff6829375cb,2025-10-09
2025-10-09,2025-10-09 23:40:38.499840,AAPL,254.04,2025-10-24,14,275.0,PUT,21.2,20.4,21.5,2,103,0.2783,-0.9186,0.0109,-0.0432,0.075,-0.0976,0.9238,20.96,0.24,2e28c6f0a3eb,2025-10-09
2025-10-09,2025-10-09 23:40:38.500080,AAPL,254.04,2025-10-24,14,280.0,PUT,26.0,25.5,26.45,15,30,0.3176,-0.9339,0.0081,-0.0401,0.0639,-0.1009,0.9073,25.96,0.04,a3dda84ab89d,2025-10-09
2025-10-09,2025-10-09 23:40:38.500321,AAPL,254.04,2025-10-24,14,285.0,PUT,28.77,30.55,31.3,1,0,0.3355,-0.9546,0.0057,-0.0232,0.0475,-0.1048,0.8914,30.96,0.0,37018d675e4b,2025-10-09
2025-10-09,2025-10-09 23:40:38.500556,AAPL,254.04,2025-10-24,14,290.0,PUT,51.75,35.35,36.65,0,0,0.4338,-0.9326,0.006,-0.0669,0.0649,-0.1047,0.876,35.96,15.79,9049c3cfdadd,2025-10-09
2025-10-09,2025-10-09 23:40:38.500790,AAPL,254.04,2025-10-24,14,295.0,PUT,38.47,40.45,41.45,1,0,0.4434,-0.9514,0.0046,-0.0446,0.0502,-0.1084,0.8612,40.96,0.0,44a68d5b0b5d,2025-10-09
2025-10-09,2025-10-09 23:40:38.501026,AAPL,254.04,2025-10-24,14,300.0,PUT,44.2,45.45,46.6,0,0,0.5085,-0.9455,0.0044,-0.0645,0.055,-0.1098,0.8468,45.96,0.0,562da2a0d9c2,2025-10-09
2025-10-09,2025-10-09 23:40:38.501262,AAPL,254.04,2025-10-24,14,325.0,PUT,97.87,70.55,71.45,0,0,0.6594,-0.9663,0.0023,-0.0487,0.0372,-0.1213,0.7817,70.96,26.91,ffb986d54ca9,2025-10-09
2025-10-10,2025-10-10 20:28:27.192154,AAPL,245.27,2025-10-17,6,90.0,CALL,163.45,154.5,156.3,3,26,2.9297,0.9979,0.0001,-0.0625,0.0021,0.0147,2.7252,155.27,8.18,51a81ed06229,2025-10-10
2025-10-10,2025-10-10 20:28:27.192782,AAPL,245.27,2025-10-17,6,95.0,CALL,160.4,149.25,151.4,0,2,2.5313,0.999,0.0,-0.0342,0.0011,0.0156,2.5818,150.27,10.13,cd11f59d4830,2025-10-10
2025-10-10,2025-10-10 20:28:27.193337,AAPL,245.27,2025-10-17,6,100.0,CALL,158.38,144.4,146.3,1,19,2.5,0.9985,0.0001,-0.0448,0.0016,0.0164,2.4527,145.27,13.11,fdce4c6c410e,2025-10-10
2025-10-10,2025-10-10 20:28:27.193798,AAPL,245.27,2025-10-17,6,105.0,CALL,110.26,122.4,124.25,2,14,0.0,1.0,0.0,-0.0129,0.0,0.0172,2.3359,140.27,0.0,1472ee1d37a9,2025-10-10
2025-10-10,2025-10-10 20:28:27.194234,AAPL,245.27,2025-10-17,6,110.0,CALL,121.0,134.35,136.3,345,462,2.1563,0.9988,0.0001,-0.0356,0.0012,0.018,2.2297,135.27,0.0,13a6f75db849,2025-10-10
2025-10-10,2025-10-10 20:28:27.194658,AAPL,245.27,2025-10-17,6,115.0,CALL,112.7,129.8,132.05,1,99,2.8281,0.9885,0.0003,-0.2375,0.0095,0.0184,2.1328,130.27,0.0,0d1841f4d343,2025-10-10
2025-10-10,2025-10-10 20:28:27.195066,AAPL,245.27,2025-10-17,6,120.0,CALL,91.56,107.8,109.05,1,67,0.0,1.0,0.0,-0.0148,0.0,0.0197,2.0439,125.27,0.0,faaf163f3252,2025-10-10
2025-10-10,2025-10-10 20:28:27.195478,AAPL,245.27,2025-10-17,6,125.0,CALL,114.66,119.25,121.4,3,19,1.8359,0.9986,0.0001,-0.0377,0.0015,0.0205,1.9622,120.27,0.0,44037398b811,2025-10-10
2025-10-10,2025-10-10 20:28:27.195884,AAPL,245.27,2025-10-17,6,130.0,CALL,124.4,114.35,116.5,10,164,1.957,0.9961,0.0002,-0.0756,0.0037,0.0212,1.8867,115.27,9.13,3ec373055b00,2025-10-10
2025-10-10,2025-10-10 20:28:27.196285,AAPL,245.27,2025-10-17,6,135.0,CALL,122.28,109.25,111.45,1,73,1.7109,0.9977,0.0001,-0.0487,0.0023,0.0221,1.8168,110.27,12.01,16cafacf157a,2025-10-10
2025-10-10,2025-10-10 20:28:27.196663,AAPL,245.27,2025-10-17,6,140.0,CALL,115.4,104.35,106.35,3,79,1.6133,0.9976,0.0001,-0.049,0.0024,0.0229,1.7519,105.27,10.13,d7f64d77efd1,2025-10-10
2025-10-10,2025-10-10 20:28:27.197011,AAPL,245.27,2025-10-17,6,145.0,CALL,108.85,99.25,101.45,13,181,1.5195,0.9974,0.0002,-0.0494,0.0025,0.0237,1.6915,100.27,8.58,cb2be17e4b3b,2025-10-10
2025-10-10,2025-10-10 20:28:27.197356,AAPL,245.27,2025-10-17,6,150.0,CALL,98.22,94.45,96.0,9,718,1.9668,0.9812,0.0007,-0.2547,0.0145,0.0238,1.6351,95.27,2.95,07325b02ca65,2025-10-10
2025-10-10,2025-10-10 20:28:27.197706,AAPL,245.27,2025-10-17,6,155.0,CALL,91.56,89.3,91.4,3,176,1.3438,0.9971,0.0002,-0.0507,0.0028,0.0253,1.5824,90.27,1.29,c40d5e1d8325,2025-10-10
2025-10-10,2025-10-10 20:28:27.198057,AAPL,245.27,2025-10-17,6,160.0,CALL,91.5,84.4,86.35,1,299,1.3008,0.996,0.0003,-0.0603,0.0038,0.0261,1.5329,85.27,6.23,f972f067f890,2025-10-10
2025-10-10,2025-10-10 20:28:27.198401,AAPL,245.27,2025-10-17,6,165.0,CALL,88.55,79.3,81.45,4,238,1.2148,0.9957,0.0003,-0.0604,0.004,0.0269,1.4865,80.27,8.28,d765faec2130,2025-10-10
2025-10-10,2025-10-10 20:28:27.198756,AAPL,245.27,2025-10-17,6,170.0,CALL,77.31,74.55,76.05,7,652,0.9844,0.9985,0.0002,-0.0333,0.0015,0.0279,1.4428,75.27,2.04,59e51758c3f8,2025-10-10
2025-10-10,2025-10-10 20:28:27.199100,AAPL,245.27,2025-10-17,6,175.0,CALL,72.25,69.85,71.65,1,1018,1.3203,0.9814,0.0011,-0.1786,0.0143,0.0279,1.4015,70.27,1.98,3a4cca297bd7,2025-10-10
2025-10-10,2025-10-10 20:28:27.199442,AAPL,245.27,2025-10-17,6,180.0,CALL,66.43,64.3,66.45,67,1728,0.9727,0.9946,0.0005,-0.0615,0.0049,0.0293,1.3626,65.27,1.16,90b29b554430,2025-10-10
2025-10-10,2025-10-10 20:28:27.199785,AAPL,245.27,2025-10-17,6,185.0,CALL,61.67,59.35,61.5,1,653,0.9453,0.9917,0.0008,-0.0789,0.0072,0.03,1.3258,60.27,1.4,1c85a8480c76,2025-10-10
2025-10-10,2025-10-10 20:28:27.200130,AAPL,245.27,2025-10-17,6,190.0,CALL,56.54,53.9,56.5,30,1363,1.2681,0.9512,0.0025,-0.3581,0.0318,0.0291,1.2909,55.27,1.27,4ad0d4980f59,2025-10-10
2025-10-10,2025-10-10 20:28:27.200480,AAPL,245.27,2025-10-17,6,195.0,CALL,53.02,49.8,51.55,210,1862,0.9229,0.9775,0.0018,-0.1529,0.0168,0.0311,1.2578,50.27,2.75,6ebd1640aa86,2025-10-10
2025-10-10,2025-10-10 20:28:27.200820,AAPL,245.27,2025-10-17,6,200.0,CALL,45.62,45.2,46.0,165,2875,0.8066,0.9789,0.002,-0.131,0.0159,0.032,1.2264,45.27,0.35,38804f77a00f,2025-10-10
2025-10-10,2025-10-10 20:28:27.201166,AAPL,245.27,2025-10-17,6,205.0,CALL,41.52,39.45,41.1,54,7362,0.8745,0.9518,0.0036,-0.2534,0.0315,0.0316,1.1964,40.27,1.25,fb98dcedb506,2025-10-10
2025-10-10,2025-10-10 20:28:27.201528,AAPL,245.27,2025-10-17,6,210.0,CALL,36.92,35.05,36.4,113,20273,0.6836,0.9659,0.0035,-0.1603,0.0238,0.0331,1.168,35.27,1.65,6985a1b5474c,2025-10-10
2025-10-10,2025-10-10 20:28:27.201870,AAPL,245.27,2025-10-17,6,215.0,CALL,30.78,29.9,31.75,6227,12976,0.625,0.9548,0.0048,-0.1809,0.0299,0.0334,1.1408,30.27,0.51,4b738164a1e3,2025-10-10
2025-10-10,2025-10-10 20:28:27.202209,AAPL,245.27,2025-10-17,6,217.5,CALL,29.0,26.8,29.2,17,108,0.7441,0.9057,0.0072,-0.3515,0.0529,0.0317,1.1277,27.77,1.23,c7fb530539d5,2025-10-10
2025-10-10,2025-10-10 20:28:27.202556,AAPL,245.27,2025-10-17,6,220.0,CALL,25.78,25.55,25.9,1914,13612,0.5142,0.9548,0.0059,-0.1538,0.0299,0.0343,1.1149,25.27,0.51,4b4de81f12ca,2025-10-10
2025-10-10,2025-10-10 20:28:27.202905,AAPL,245.27,2025-10-17,6,222.5,CALL,23.1,23.1,23.6,257,60,0.5471,0.9243,0.0083,-0.2295,0.0448,0.0334,1.1023,22.77,0.33,f20edff543ba,2025-10-10
2025-10-10,2025-10-10 20:28:27.203245,AAPL,245.27,2025-10-17,6,225.0,CALL,21.1,20.7,21.1,2175,13373,0.5,0.9176,0.0097,-0.2243,0.0478,0.0335,1.0901,20.27,0.83,9792b0108096,2025-10-10
2025-10-10,2025-10-10 20:28:27.203583,AAPL,245.27,2025-10-17,6,227.5,CALL,19.35,18.3,18.7,1123,146,0.4678,0.9026,0.0117,-0.2361,0.0541,0.0333,1.0781,17.77,1.58,a47864458e35,2025-10-10
2025-10-10,2025-10-10 20:28:27.203922,AAPL,245.27,2025-10-17,6,230.0,CALL,16.1,16.0,16.35,1725,19909,0.4395,0.8814,0.0144,-0.2531,0.0624,0.0329,1.0664,15.27,0.83,afa14a5f522d,2025-10-10
2025-10-10,2025-10-10 20:28:27.204260,AAPL,245.27,2025-10-17,6,232.5,CALL,13.89,13.7,14.05,165,190,0.4124,0.8535,0.0177,-0.272,0.0722,0.0321,1.0549,12.77,1.12,4861c8073c3c,2025-10-10
2025-10-10,2025-10-10 20:28:27.204574,AAPL,245.27,2025-10-17,6,235.0,CALL,11.42,11.5,11.85,911,16305,0.3899,0.8147,0.0218,-0.2962,0.084,0.0309,1.0437,10.27,1.15,6c8185dcb485,2025-10-10
2025-10-10,2025-10-10 20:28:27.204873,AAPL,245.27,2025-10-17,6,237.5,CALL,9.7,9.3,9.95,173,224,0.3871,0.7544,0.0259,-0.3409,0.099,0.0288,1.0327,7.77,1.93,b1aee4e65899,2025-10-10
2025-10-10,2025-10-10 20:28:27.205182,AAPL,245.27,2025-10-17,6,240.0,CALL,7.66,7.5,7.95,3018,27160,0.3632,0.6935,0.0307,-0.3541,0.1104,0.0267,1.022,5.27,2.39,dcb8eaf5f93b,2025-10-10
2025-10-10,2025-10-10 20:28:27.205583,AAPL,245.27,2025-10-17,6,242.5,CALL,5.9,5.7,6.0,655,496,0.3325,0.6198,0.0364,-0.3499,0.1197,0.024,1.0114,2.77,3.13,9e2f0655d893,2025-10-10
2025-10-10,2025-10-10 20:28:27.205980,AAPL,245.27,2025-10-17,6,245.0,CALL,4.39,4.3,4.55,4897,15171,0.3259,0.5259,0.0388,-0.3554,0.1252,0.0205,1.0011,0.27,4.12,f91ecac9fe3f,2025-10-10
2025-10-10,2025-10-10 20:28:27.206310,AAPL,245.27,2025-10-17,6,247.5,CALL,3.13,3.05,3.2,8134,2794,0.3102,0.425,0.0402,-0.331,0.1232,0.0166,0.991,0.0,3.13,64b5a5d2097d,2025-10-10
2025-10-10,2025-10-10 20:28:27.206632,AAPL,245.27,2025-10-17,6,250.0,CALL,2.13,2.05,2.21,30993,31808,0.3036,0.3255,0.0377,-0.2961,0.1133,0.0128,0.9811,0.0,2.13,41f7ec833f91,2025-10-10
2025-10-10,2025-10-10 20:28:27.206954,AAPL,245.27,2025-10-17,6,252.5,CALL,1.43,1.33,1.43,10659,3540,0.2954,0.2331,0.0329,-0.2438,0.0962,0.0092,0.9714,0.0,1.43,5f91c783fae3,2025-10-10
2025-10-10,2025-10-10 20:28:27.207275,AAPL,245.27,2025-10-17,6,255.0,CALL,0.91,0.88,0.94,28089,23776,0.2959,0.1618,0.0263,-0.1949,0.0771,0.0064,0.9618,0.0,0.91,3b5abc0af5b7,2025-10-10
2025-10-10,2025-10-10 20:28:27.207593,AAPL,245.27,2025-10-17,6,257.5,CALL,0.54,0.56,0.58,25060,16800,0.294,0.1052,0.0197,-0.1434,0.0572,0.0042,0.9525,0.0,0.54,9b8f745e98f7,2025-10-10
2025-10-10,2025-10-10 20:28:27.207905,AAPL,245.27,2025-10-17,6,260.0,CALL,0.35,0.34,0.37,62866,43345,0.2979,0.0683,0.0141,-0.1048,0.0414,0.0027,0.9433,0.0,0.35,d75875e7c269,2025-10-10
2025-10-10,2025-10-10 20:28:27.208220,AAPL,245.27,2025-10-17,6,262.5,CALL,0.22,0.22,0.24,22026,17282,0.3037,0.0441,0.0098,-0.0755,0.0293,0.0017,0.9344,0.0,0.22,6c7391eab04e,2025-10-10
2025-10-10,2025-10-10 20:28:27.208533,AAPL,245.27,2025-10-17,6,265.0,CALL,0.16,0.14,0.16,14667,22440,0.3115,0.0288,0.0067,-0.0546,0.0207,0.0011,0.9255,0.0,0.16,fcc3a9958741,2025-10-10
2025-10-10,2025-10-10 20:28:27.208841,AAPL,245.27,2025-10-17,6,267.5,CALL,0.1,0.1,0.11,2539,7261,0.3213,0.0193,0.0047,-0.0402,0.0148,0.0008,0.9169,0.0,0.1,4893d82598e1,2025-10-10
2025-10-10,2025-10-10 20:28:27.209151,AAPL,245.27,2025-10-17,6,270.0,CALL,0.08,0.07,0.08,8696,22449,0.333,0.0135,0.0033,-0.0306,0.0109,0.0005,0.9084,0.0,0.08,96a4df72b4ed,2025-10-10
2025-10-10,2025-10-10 20:28:27.209457,AAPL,245.27,2025-10-17,6,272.5,CALL,0.06,0.05,0.06,2274,1764,0.3457,0.0097,0.0024,-0.0239,0.0082,0.0004,0.9001,0.0,0.06,83c6b75175a6,2025-10-10
2025-10-10,2025-10-10 20:28:27.209767,AAPL,245.27,2025-10-17,6,275.0,CALL,0.04,0.04,0.05,3101,16911,0.3613,0.0075,0.0018,-0.0199,0.0065,0.0003,0.8919,0.0,0.04,7df601674717,2025-10-10
2025-10-10,2025-10-10 20:28:27.210074,AAPL,245.27,2025-10-17,6,280.0,CALL,0.03,0.02,0.03,1265,12517,0.3867,0.0043,0.001,-0.0128,0.0039,0.0002,0.876,0.0,0.03,4d8962ed54f4,2025-10-10
2025-10-10,2025-10-10 20:28:27.210378,AAPL,245.27,2025-10-17,6,285.0,CALL,0.02,0.01,0.03,286,3524,0.4297,0.0036,0.0008,-0.0124,0.0034,0.0001,0.8606,0.0,0.02,7a867d642472,2025-10-10
2025-10-10,2025-10-10 20:28:27.210661,AAPL,245.27,2025-10-17,6,290.0,CALL,0.02,0.01,0.03,259,5943,0.4727,0.0032,0.0007,-0.0123,0.0031,0.0001,0.8458,0.0,0.02,79587e661095,2025-10-10
2025-10-10,2025-10-10 20:28:27.210948,AAPL,245.27,2025-10-17,6,295.0,CALL,0.01,0.0,0.02,135,4212,0.4961,0.0021,0.0004,-0.0088,0.0021,0.0001,0.8314,0.0,0.01,6a313752f51a,2025-10-10
2025-10-10,2025-10-10 20:28:27.211237,AAPL,245.27,2025-10-17,6,300.0,CALL,0.02,0.01,0.02,1645,13401,0.5195,0.0014,0.0003,-0.0065,0.0015,0.0001,0.8176,0.0,0.02,59c62d040eaa,2025-10-10
2025-10-10,2025-10-10 20:28:27.211525,AAPL,245.27,2025-10-17,6,305.0,CALL,0.01,0.0,0.01,667,646,0.5,0.0004,0.0001,-0.0019,0.0004,0.0,0.8042,0.0,0.01,b51026c38587,2025-10-10
2025-10-10,2025-10-10 20:28:27.211806,AAPL,245.27,2025-10-17,6,310.0,CALL,0.01,0.0,0.01,2,2214,0.5469,0.0005,0.0001,-0.0025,0.0006,0.0,0.7912,0.0,0.01,26cc31a1c80d,2025-10-10
2025-10-10,2025-10-10 20:28:27.212092,AAPL,245.27,2025-10-17,6,315.0,CALL,0.01,0.0,0.01,5,650,0.5781,0.0004,0.0001,-0.0024,0.0005,0.0,0.7786,0.0,0.01,365ab33c1263,2025-10-10
2025-10-10,2025-10-10 20:28:27.212379,AAPL,245.27,2025-10-17,6,320.0,CALL,0.01,0.0,0.01,2,1573,0.6094,0.0004,0.0001,-0.0023,0.0005,0.0,0.7665,0.0,0.01,c69640354ffd,2025-10-10
2025-10-10,2025-10-10 20:28:27.212662,AAPL,245.27,2025-10-17,6,325.0,CALL,0.01,0.0,0.01,8,642,0.6406,0.0004,0.0001,-0.0022,0.0004,0.0,0.7547,0.0,0.01,34919480bc57,2025-10-10
2025-10-10,2025-10-10 20:28:27.212947,AAPL,245.27,2025-10-17,6,330.0,CALL,0.01,0.0,0.01,171,886,0.6719,0.0003,0.0001,-0.0022,0.0004,0.0,0.7432,0.0,0.01,9861cb722bb3,2025-10-10
2025-10-10,2025-10-10 20:28:27.213231,AAPL,245.27,2025-10-17,6,335.0,CALL,0.01,0.0,0.21,20,82,0.9414,0.0059,0.0006,-0.0417,0.0053,0.0002,0.7321,0.0,0.01,9c0017169c84,2025-10-10
2025-10-10,2025-10-10 20:28:27.213516,AAPL,245.27,2025-10-17,6,340.0,CALL,0.01,0.0,0.01,35,153,0.7344,0.0003,0.0001,-0.0023,0.0004,0.0,0.7214,0.0,0.01,867e0e0535d2,2025-10-10
2025-10-10,2025-10-10 20:28:27.213799,AAPL,245.27,2025-10-17,6,345.0,CALL,0.01,0.0,0.01,1,391,0.75,0.0002,0.0,-0.0018,0.0003,0.0,0.7109,0.0,0.01,a6dcd5549ed7,2025-10-10
2025-10-10,2025-10-10 20:28:27.214079,AAPL,245.27,2025-10-17,6,350.0,CALL,0.01,0.0,0.0,150,450,0.5,0.0,0.0,-0.0,0.0,0.0,0.7008,0.0,0.01,e9d1aae104d3,2025-10-10
2025-10-10,2025-10-10 20:28:27.214363,AAPL,245.27,2025-10-17,6,355.0,CALL,0.01,0.0,0.01,1,225,0.8125,0.0002,0.0,-0.0019,0.0003,0.0,0.6909,0.0,0.01,93dce602dd02,2025-10-10
2025-10-10,2025-10-10 20:28:27.214651,AAPL,245.27,2025-10-17,6,360.0,CALL,0.01,0.0,0.01,1,1497,0.8438,0.0002,0.0,-0.002,0.0003,0.0,0.6813,0.0,0.01,ba3688c218a1,2025-10-10
2025-10-10,2025-10-10 20:28:27.214935,AAPL,245.27,2025-10-17,6,370.0,CALL,0.01,0.0,0.01,16,2844,0.9063,0.0003,0.0,-0.0023,0.0003,0.0,0.6629,0.0,0.01,aac810e8f9e2,2025-10-10
2025-10-10,2025-10-10 20:28:27.215339,AAPL,245.27,2025-10-17,6,90.0,PUT,0.01,0.0,0.01,6,955,2.1875,-0.0001,0.0,-0.0023,0.0001,-0.0,2.7252,0.0,0.01,0e578f8ebcd2,2025-10-10
2025-10-10,2025-10-10 20:28:27.215644,AAPL,245.27,2025-10-17,6,95.0,PUT,0.01,0.0,0.01,1,1135,2.0625,-0.0001,0.0,-0.0021,0.0001,-0.0,2.5818,0.0,0.01,7f6f581b39b4,2025-10-10
2025-10-10,2025-10-10 20:28:27.215927,AAPL,245.27,2025-10-17,6,100.0,PUT,0.01,0.0,0.01,2,860,1.9375,-0.0001,0.0,-0.0019,0.0001,-0.0,2.4527,0.0,0.01,5f4822044369,2025-10-10
2025-10-10,2025-10-10 20:28:27.216212,AAPL,245.27,2025-10-17,6,105.0,PUT,0.02,0.0,0.01,1,292,1.875,-0.0001,0.0,-0.0025,0.0002,-0.0,2.3359,0.0,0.02,a2553b788541,2025-10-10
2025-10-10,2025-10-10 20:28:27.216484,AAPL,245.27,2025-10-17,6,110.0,PUT,0.01,0.0,0.01,5,615,1.75,-0.0001,0.0,-0.002,0.0001,-0.0,2.2297,0.0,0.01,a4c7cf82ca6e,2025-10-10
2025-10-10,2025-10-10 20:28:27.216745,AAPL,245.27,2025-10-17,6,115.0,PUT,0.01,0.0,0.21,20,595,2.1953,-0.0023,0.0001,-0.0413,0.0023,-0.0001,2.1328,0.0,0.01,b0cd82c56dce,2025-10-10
2025-10-10,2025-10-10 20:28:27.217008,AAPL,245.27,2025-10-17,6,120.0,PUT,0.01,0.0,0.17,1,5856,2.0313,-0.002,0.0001,-0.0337,0.002,-0.0001,2.0439,0.0,0.01,fc98981269a2,2025-10-10
2025-10-10,2025-10-10 20:28:27.217271,AAPL,245.27,2025-10-17,6,125.0,PUT,0.01,0.0,0.03,40,1704,1.625,-0.0004,0.0,-0.0063,0.0005,-0.0,1.9622,0.0,0.01,e6fe2022dcd5,2025-10-10
2025-10-10,2025-10-10 20:28:27.217535,AAPL,245.27,2025-10-17,6,130.0,PUT,0.01,0.0,0.08,77,1185,1.6797,-0.0011,0.0001,-0.0163,0.0012,-0.0,1.8867,0.0,0.01,1f0763d38d5a,2025-10-10
2025-10-10,2025-10-10 20:28:27.217799,AAPL,245.27,2025-10-17,6,135.0,PUT,0.01,0.0,0.03,1,1455,1.4531,-0.0005,0.0,-0.0065,0.0005,-0.0,1.8168,0.0,0.01,c409132e7f17,2025-10-10
2025-10-10,2025-10-10 20:28:27.218060,AAPL,245.27,2025-10-17,6,140.0,PUT,0.01,0.0,0.01,1,2453,1.25,-0.0002,0.0,-0.0021,0.0002,-0.0,1.7519,0.0,0.01,083dd2713fd0,2025-10-10
2025-10-10,2025-10-10 20:28:27.218324,AAPL,245.27,2025-10-17,6,145.0,PUT,0.01,0.0,0.01,5,4239,1.1875,-0.0002,0.0,-0.0024,0.0002,-0.0,1.6915,0.0,0.01,2ba559017f23,2025-10-10
2025-10-10,2025-10-10 20:28:27.218584,AAPL,245.27,2025-10-17,6,150.0,PUT,0.01,0.0,0.01,86,11323,1.0938,-0.0002,0.0,-0.0019,0.0002,-0.0,1.6351,0.0,0.01,428618d30521,2025-10-10
2025-10-10,2025-10-10 20:28:27.218865,AAPL,245.27,2025-10-17,6,155.0,PUT,0.02,0.0,0.01,105,3080,1.0313,-0.0002,0.0,-0.002,0.0002,-0.0,1.5824,0.0,0.02,0601298ae158,2025-10-10
2025-10-10,2025-10-10 20:28:27.219221,AAPL,245.27,2025-10-17,6,160.0,PUT,0.01,0.0,0.02,202,14161,1.0156,-0.0004,0.0,-0.0039,0.0005,-0.0,1.5329,0.0,0.01,8e69f3eeaec5,2025-10-10
2025-10-10,2025-10-10 20:28:27.219517,AAPL,245.27,2025-10-17,6,165.0,PUT,0.01,0.0,0.03,938,6307,0.9844,-0.0007,0.0001,-0.0059,0.0007,-0.0,1.4865,0.0,0.01,bf60d23133c3,2025-10-10
2025-10-10,2025-10-10 20:28:27.219791,AAPL,245.27,2025-10-17,6,170.0,PUT,0.02,0.01,0.05,109,7145,0.9844,-0.0015,0.0002,-0.0123,0.0015,-0.0001,1.4428,0.0,0.02,f631f8fa2d00,2025-10-10
2025-10-10,2025-10-10 20:28:27.220065,AAPL,245.27,2025-10-17,6,175.0,PUT,0.02,0.01,0.02,253,5345,0.8516,-0.0008,0.0001,-0.0061,0.0009,-0.0,1.4015,0.0,0.02,c9f246656796,2025-10-10
2025-10-10,2025-10-10 20:28:27.220336,AAPL,245.27,2025-10-17,6,180.0,PUT,0.02,0.01,0.03,493,12036,0.8047,-0.0011,0.0001,-0.0078,0.0012,-0.0,1.3626,0.0,0.02,19914570adf9,2025-10-10
2025-10-10,2025-10-10 20:28:27.220609,AAPL,245.27,2025-10-17,6,185.0,PUT,0.03,0.01,0.18,592,10074,0.8848,-0.0054,0.0006,-0.0357,0.0049,-0.0002,1.3258,0.0,0.03,2ccb7a01fb62,2025-10-10
2025-10-10,2025-10-10 20:28:27.220878,AAPL,245.27,2025-10-17,6,190.0,PUT,0.03,0.02,0.05,959,13991,0.7188,-0.0024,0.0003,-0.0138,0.0023,-0.0001,1.2909,0.0,0.03,4318dc07d0ec,2025-10-10
2025-10-10,2025-10-10 20:28:27.221145,AAPL,245.27,2025-10-17,6,195.0,PUT,0.05,0.03,0.05,1302,9830,0.6621,-0.003,0.0004,-0.0156,0.0028,-0.0001,1.2578,0.0,0.05,a43e4524e7c6,2025-10-10
2025-10-10,2025-10-10 20:28:27.221405,AAPL,245.27,2025-10-17,6,200.0,PUT,0.07,0.05,0.07,637,16648,0.625,-0.0047,0.0007,-0.0224,0.0043,-0.0002,1.2264,0.0,0.07,f945d449d95c,2025-10-10
2025-10-10,2025-10-10 20:28:27.221668,AAPL,245.27,2025-10-17,6,205.0,PUT,0.09,0.07,0.1,774,11589,0.584,-0.0073,0.0011,-0.0307,0.0064,-0.0003,1.1964,0.0,0.09,b3560050e1ec,2025-10-10
2025-10-10,2025-10-10 20:28:27.221929,AAPL,245.27,2025-10-17,6,210.0,PUT,0.13,0.11,0.13,1701,28542,0.542,-0.0113,0.0017,-0.0418,0.0093,-0.0005,1.168,0.0,0.13,66dc144435b9,2025-10-10
2025-10-10,2025-10-10 20:28:27.222193,AAPL,245.27,2025-10-17,6,215.0,PUT,0.19,0.16,0.17,7401,17216,0.4981,-0.0176,0.0028,-0.0561,0.0136,-0.0007,1.1408,0.0,0.19,ac4687b31724,2025-10-10
2025-10-10,2025-10-10 20:28:27.222445,AAPL,245.27,2025-10-17,6,217.5,PUT,0.21,0.19,0.22,813,907,0.4824,-0.0235,0.0037,-0.0695,0.0175,-0.001,1.1277,0.0,0.21,fc1693424feb,2025-10-10
2025-10-10,2025-10-10 20:28:27.222695,AAPL,245.27,2025-10-17,6,220.0,PUT,0.26,0.24,0.27,3417,19828,0.4614,-0.0301,0.0047,-0.0815,0.0214,-0.0012,1.1149,0.0,0.26,1380aef85a7e,2025-10-10
2025-10-10,2025-10-10 20:28:27.222937,AAPL,245.27,2025-10-17,6,222.5,PUT,0.32,0.3,0.33,495,594,0.4395,-0.0383,0.006,-0.0946,0.0262,-0.0016,1.1023,0.0,0.32,ea97006bd3ce,2025-10-10
2025-10-10,2025-10-10 20:28:27.223183,AAPL,245.27,2025-10-17,6,225.0,PUT,0.41,0.39,0.42,8382,10817,0.4209,-0.0506,0.0079,-0.1133,0.0327,-0.0021,1.0901,0.0,0.41,56391346fb4b,2025-10-10
2025-10-10,2025-10-10 20:28:27.223425,AAPL,245.27,2025-10-17,6,227.5,PUT,0.53,0.5,0.53,1076,1527,0.4009,-0.0664,0.0102,-0.1333,0.0405,-0.0027,1.0781,0.0,0.53,0ab3e7714c04,2025-10-10
2025-10-10,2025-10-10 20:28:27.223671,AAPL,245.27,2025-10-17,6,230.0,PUT,0.67,0.65,0.69,5056,13147,0.3831,-0.0888,0.0133,-0.1586,0.0505,-0.0037,1.0664,0.0,0.67,e7e4c84742cf,2025-10-10
2025-10-10,2025-10-10 20:28:27.223914,AAPL,245.27,2025-10-17,6,232.5,PUT,0.92,0.87,0.94,5395,1863,0.3704,-0.1219,0.0174,-0.1926,0.0636,-0.005,1.0549,0.0,0.92,be519109d925,2025-10-10
2025-10-10,2025-10-10 20:28:27.224160,AAPL,245.27,2025-10-17,6,235.0,PUT,1.2,1.12,1.22,14965,10077,0.3516,-0.1616,0.0222,-0.2206,0.077,-0.0067,1.0437,0.0,1.2,838fb753bb9d,2025-10-10
2025-10-10,2025-10-10 20:28:27.224401,AAPL,245.27,2025-10-17,6,237.5,PUT,1.59,1.56,1.68,12281,1599,0.3411,-0.2192,0.0275,-0.2573,0.0929,-0.0091,1.0327,0.0,1.59,796b40d422ac,2025-10-10
2025-10-10,2025-10-10 20:28:27.224649,AAPL,245.27,2025-10-17,6,240.0,PUT,2.15,2.14,2.23,23454,12317,0.3259,-0.2883,0.0333,-0.2826,0.1073,-0.0119,1.022,0.0,2.15,d6382f984b9b,2025-10-10
2025-10-10,2025-10-10 20:28:27.224891,AAPL,245.27,2025-10-17,6,242.5,PUT,2.91,2.83,3.05,6831,4954,0.3187,-0.3758,0.0379,-0.3052,0.1193,-0.0156,1.0114,0.0,2.91,676207140a6d,2025-10-10
2025-10-10,2025-10-10 20:28:27.225136,AAPL,245.27,2025-10-17,6,245.0,PUT,3.8,3.8,4.0,22960,7146,0.3053,-0.4734,0.0415,-0.3037,0.1252,-0.0197,1.0011,0.0,3.8,ae9c8483dd92,2025-10-10
2025-10-10,2025-10-10 20:28:27.225382,AAPL,245.27,2025-10-17,6,247.5,PUT,5.15,5.05,5.3,13401,5644,0.3004,-0.5779,0.0414,-0.29,0.1231,-0.0241,0.991,2.23,2.92,9a572af3fae2,2025-10-10
2025-10-10,2025-10-10 20:28:27.225631,AAPL,245.27,2025-10-17,6,250.0,PUT,6.74,6.5,7.35,13523,11205,0.3366,-0.6569,0.0347,-0.3036,0.1156,-0.0276,0.9811,4.73,2.01,ebf2ff1ee240,2025-10-10
2025-10-10,2025-10-10 20:28:27.225874,AAPL,245.27,2025-10-17,6,252.5,PUT,8.61,8.15,8.75,6338,4823,0.3038,-0.7603,0.0325,-0.2233,0.0977,-0.032,0.9714,7.23,1.38,167e734526d2,2025-10-10
2025-10-10,2025-10-10 20:28:27.226119,AAPL,245.27,2025-10-17,6,255.0,PUT,10.2,10.25,10.65,10626,6856,0.2937,-0.84,0.0263,-0.1606,0.0765,-0.0356,0.9618,9.73,0.47,4b5f304585b8,2025-10-10
2025-10-10,2025-10-10 20:28:27.226361,AAPL,245.27,2025-10-17,6,257.5,PUT,12.77,12.35,13.4,1468,3796,0.3689,-0.8388,0.0211,-0.2094,0.0769,-0.036,0.9525,12.23,0.54,170fb1224c79,2025-10-10
2025-10-10,2025-10-10 20:28:27.226605,AAPL,245.27,2025-10-17,6,260.0,PUT,15.32,14.5,15.75,895,3278,0.396,-0.8662,0.0173,-0.1958,0.0678,-0.0374,0.9433,14.73,0.59,c727fc13ea02,2025-10-10
2025-10-10,2025-10-10 20:28:27.226852,AAPL,245.27,2025-10-17,6,262.5,PUT,16.79,16.55,18.45,103,1939,0.4644,-0.8639,0.0149,-0.2373,0.0686,-0.0378,0.9344,17.23,0.0,68574bafe046,2025-10-10
2025-10-10,2025-10-10 20:28:27.227096,AAPL,245.27,2025-10-17,6,265.0,PUT,19.99,19.15,20.7,86,3983,0.4727,-0.8914,0.0125,-0.2013,0.0586,-0.0393,0.9255,19.73,0.26,4cb0954fe153,2025-10-10
2025-10-10,2025-10-10 20:28:27.227341,AAPL,245.27,2025-10-17,6,267.5,PUT,19.07,21.6,23.0,5,166,0.4807,-0.9138,0.0104,-0.1676,0.0494,-0.0406,0.9169,22.23,0.0,9f9a9dce480f,2025-10-10
2025-10-10,2025-10-10 20:28:27.227583,AAPL,245.27,2025-10-17,6,270.0,PUT,24.65,23.9,25.7,91,6328,0.5503,-0.9059,0.0097,-0.2116,0.0528,-0.0407,0.9084,24.73,0.0,9fc638450368,2025-10-10
2025-10-10,2025-10-10 20:28:27.227827,AAPL,245.27,2025-10-17,6,272.5,PUT,20.81,26.6,28.0,4,2,0.5537,-0.9246,0.0082,-0.1748,0.0447,-0.0418,0.9001,27.23,0.0,7031d61da3fc,2025-10-10
2025-10-10,2025-10-10 20:28:27.228072,AAPL,245.27,2025-10-17,6,275.0,PUT,20.85,29.1,30.5,1,108,0.5889,-0.9289,0.0073,-0.1778,0.0427,-0.0424,0.8919,29.73,0.0,c7982fcfe45d,2025-10-10
2025-10-10,2025-10-10 20:28:27.228305,AAPL,245.27,2025-10-17,6,280.0,PUT,32.36,34.0,35.4,8,12,0.636,-0.9423,0.0058,-0.1598,0.0363,-0.0437,0.876,34.73,0.0,e7a8facede19,2025-10-10
2025-10-10,2025-10-10 20:28:27.228537,AAPL,245.27,2025-10-17,6,285.0,PUT,27.05,39.05,40.5,6,0,0.7217,-0.9416,0.0051,-0.1872,0.0367,-0.0445,0.8606,39.73,0.0,610d83505f4b,2025-10-10
2025-10-10,2025-10-10 20:28:27.228768,AAPL,245.27,2025-10-17,6,290.0,PUT,42.08,44.0,45.4,3,3,0.7612,-0.9515,0.0042,-0.1663,0.0316,-0.0458,0.8458,44.73,0.0,f5e308c82739,2025-10-10
2025-10-10,2025-10-10 20:28:27.229007,AAPL,245.27,2025-10-17,6,295.0,PUT,68.15,49.1,50.5,2,0,0.5703,-0.9934,0.001,0.0085,0.0058,-0.0482,0.8314,49.73,18.42,7eaacfe95156,2025-10-10
2025-10-10,2025-10-10 20:28:27.229237,AAPL,245.27,2025-10-17,6,300.0,PUT,44.1,54.0,55.4,3,0,0.8784,-0.9578,0.0033,-0.1715,0.0283,-0.0477,0.8176,54.73,0.0,f4c5258101f8,2025-10-10
2025-10-10,2025-10-10 20:28:27.229469,AAPL,245.27,2025-10-17,6,305.0,PUT,48.05,59.05,60.5,2,0,0.625,-0.9962,0.0006,0.019,0.0035,-0.05,0.8042,59.73,0.0,d220c8257cc3,2025-10-10
2025-10-10,2025-10-10 20:28:27.229704,AAPL,245.27,2025-10-17,6,315.0,PUT,69.7,69.05,70.5,1,0,0.707,-0.9966,0.0005,0.0197,0.0032,-0.0516,0.7786,69.73,0.0,0942341fe75c,2025-10-10
2025-10-10,2025-10-10 20:28:27.229935,AAPL,245.27,2025-10-17,6,320.0,PUT,65.4,74.0,75.4,1,0,1.0923,-0.9659,0.0022,-0.178,0.0238,-0.0513,0.7665,74.73,0.0,07924a4d8b43,2025-10-10
2025-10-10,2025-10-10 20:28:27.230170,AAPL,245.27,2025-10-17,6,330.0,PUT,98.75,95.7,96.25,0,0,2.5598,-0.7697,0.0038,-2.0037,0.0956,-0.0464,0.7432,84.73,14.02,dc103ac11be6,2025-10-10
2025-10-10,2025-10-10 20:28:27.230405,AAPL,245.27,2025-10-17,6,335.0,PUT,89.55,88.95,90.5,5,0,1.2705,-0.9662,0.0019,-0.2096,0.0236,-0.0537,0.7321,89.73,0.0,df8bf88ae77d,2025-10-10
2025-10-10,2025-10-10 20:28:27.230641,AAPL,245.27,2025-10-17,6,355.0,PUT,157.02,0.0,0.0,0,0,0.0,-1.0,0.0,0.0437,0.0,-0.0583,0.6909,109.73,47.29,4a3300887ba7,2025-10-10
2025-10-10,2025-10-10 20:28:27.230877,AAPL,245.27,2025-10-17,6,360.0,PUT,162.01,0.0,0.0,0,0,0.0,-1.0,0.0,0.0444,0.0,-0.0591,0.6813,114.73,47.28,5e28a1f7030e,2025-10-10
2025-10-10,2025-10-10 20:28:27.231114,AAPL,245.27,2025-10-17,6,370.0,PUT,159.95,141.9,142.5,0,0,3.6439,-0.7405,0.0028,-3.0549,0.1019,-0.0527,0.6629,124.73,35.22,a767ccf8c957,2025-10-10
2025-10-10,2025-10-10 20:28:27.316606,AAPL,245.27,2025-10-24,13,110.0,CALL,143.35,134.25,136.4,1,3,1.5234,0.9984,0.0001,-0.0279,0.0025,0.039,2.2297,135.27,8.08,7eef6a1c85c8,2025-10-10
2025-10-10,2025-10-10 20:28:27.316987,AAPL,245.27,2025-10-24,13,120.0,CALL,133.19,124.45,126.4,0,1,1.543,0.9954,0.0002,-0.0513,0.0062,0.0422,2.0439,125.27,7.92,cab0f984ef99,2025-10-10
2025-10-10,2025-10-10 20:28:27.317335,AAPL,245.27,2025-10-24,13,125.0,CALL,133.49,119.35,121.55,3,3,1.4883,0.9946,0.0002,-0.0566,0.0072,0.0439,1.9622,120.27,13.22,560b6b82aefe,2025-10-10
2025-10-10,2025-10-10 20:28:27.317683,AAPL,245.27,2025-10-24,13,140.0,CALL,116.1,104.5,106.45,1,1,1.2813,0.9928,0.0003,-0.0626,0.0093,0.0491,1.7519,105.27,10.83,8e168f1810b9,2025-10-10
2025-10-10,2025-10-10 20:28:27.318022,AAPL,245.27,2025-10-24,13,160.0,CALL,94.2,84.6,86.5,1,0,1.0498,0.9882,0.0006,-0.0769,0.0143,0.0558,1.5329,85.27,8.93,c26a1f4c9733,2025-10-10
2025-10-10,2025-10-10 20:28:27.318366,AAPL,245.27,2025-10-24,13,165.0,CALL,90.95,79.45,81.55,3,5,0.9551,0.9892,0.0006,-0.0683,0.0132,0.0577,1.4865,80.27,10.68,8d52b2e583ee,2025-10-10
2025-10-10,2025-10-10 20:28:27.318702,AAPL,245.27,2025-10-24,13,170.0,CALL,76.03,74.55,76.55,6,6,0.918,0.9865,0.0008,-0.077,0.016,0.0592,1.4428,75.27,0.76,730123e96ddc,2025-10-10
2025-10-10,2025-10-10 20:28:27.319042,AAPL,245.27,2025-10-24,13,175.0,CALL,83.68,69.45,71.65,2,2,0.8545,0.9855,0.0009,-0.077,0.017,0.0609,1.4015,70.27,13.41,0c9ff3b8fef2,2025-10-10
2025-10-10,2025-10-10 20:28:27.319377,AAPL,245.27,2025-10-24,13,180.0,CALL,78.67,64.6,66.45,2,14,0.7803,0.9856,0.001,-0.0726,0.0169,0.0627,1.3626,65.27,13.4,872fab6ddc1d,2025-10-10
2025-10-10,2025-10-10 20:28:27.319715,AAPL,245.27,2025-10-24,13,185.0,CALL,61.06,59.5,61.85,2,5,0.7773,0.9776,0.0015,-0.0958,0.0247,0.0637,1.3258,60.27,0.79,98a6d64adc8b,2025-10-10
2025-10-10,2025-10-10 20:28:27.320054,AAPL,245.27,2025-10-24,13,190.0,CALL,58.65,54.65,56.6,10,17,0.6982,0.9781,0.0016,-0.0877,0.0242,0.0656,1.2909,55.27,3.38,f7b3a3297c10,2025-10-10
2025-10-10,2025-10-10 20:28:27.320395,AAPL,245.27,2025-10-24,13,195.0,CALL,55.17,49.55,51.75,100,10,0.6455,0.9748,0.002,-0.0908,0.0272,0.067,1.2578,50.27,4.9,0734b2cb4d88,2025-10-10
2025-10-10,2025-10-10 20:28:27.320729,AAPL,245.27,2025-10-24,13,200.0,CALL,47.0,44.7,46.65,61,79,0.5918,0.9711,0.0024,-0.0932,0.0305,0.0685,1.2264,45.27,1.73,19cb52d585f9,2025-10-10
2025-10-10,2025-10-10 20:28:27.321066,AAPL,245.27,2025-10-24,13,205.0,CALL,41.87,39.9,41.75,19,21,0.5664,0.9596,0.0033,-0.1115,0.0402,0.0692,1.1964,40.27,1.6,c2c79a4bb2aa,2025-10-10
2025-10-10,2025-10-10 20:28:27.321404,AAPL,245.27,2025-10-24,13,210.0,CALL,35.88,35.4,36.85,93,59,0.5559,0.9391,0.0047,-0.1431,0.0558,0.0691,1.168,35.27,0.61,ef2721139dcd,2025-10-10
2025-10-10,2025-10-10 20:28:27.321742,AAPL,245.27,2025-10-24,13,215.0,CALL,32.63,29.7,31.3,18,156,0.5137,0.9227,0.0061,-0.1564,0.067,0.0694,1.1408,30.27,2.36,cf441275e767,2025-10-10
2025-10-10,2025-10-10 20:28:27.322065,AAPL,245.27,2025-10-24,13,220.0,CALL,27.4,25.7,26.45,88,528,0.4627,0.9044,0.0079,-0.1639,0.0786,0.0695,1.1149,25.27,2.13,361b0e374e10,2025-10-10
2025-10-10,2025-10-10 20:28:27.322366,AAPL,245.27,2025-10-24,13,225.0,CALL,21.65,21.35,21.75,75,535,0.4214,0.8738,0.0106,-0.1792,0.0959,0.0685,1.0901,20.27,1.38,f3a8c278f3ed,2025-10-10
2025-10-10,2025-10-10 20:28:27.322663,AAPL,245.27,2025-10-24,13,230.0,CALL,17.17,16.85,17.2,126,1418,0.3826,0.8286,0.0144,-0.1962,0.1178,0.0662,1.0664,15.27,1.9,244260f6ad38,2025-10-10
2025-10-10,2025-10-10 20:28:27.322978,AAPL,245.27,2025-10-24,13,235.0,CALL,12.7,12.6,13.0,332,1868,0.354,0.7573,0.0191,-0.2184,0.1448,0.0615,1.0437,10.27,2.43,c912af5a2903,2025-10-10
2025-10-10,2025-10-10 20:28:27.323275,AAPL,245.27,2025-10-24,13,240.0,CALL,9.1,8.9,9.2,641,2495,0.3278,0.6584,0.0242,-0.233,0.1699,0.0542,1.022,5.27,3.83,fe37fce7e397,2025-10-10
2025-10-10,2025-10-10 20:28:27.323576,AAPL,245.27,2025-10-24,13,245.0,CALL,5.77,5.8,6.0,1046,2932,0.3062,0.5302,0.0281,-0.2321,0.1841,0.0442,1.0011,0.27,5.5,41e3b7289c29,2025-10-10
2025-10-10,2025-10-10 20:28:27.323874,AAPL,245.27,2025-10-24,13,250.0,CALL,3.4,3.4,3.55,5645,8161,0.2894,0.3847,0.0285,-0.2081,0.1769,0.0324,0.9811,0.0,3.4,1ee5a059f4c3,2025-10-10
2025-10-10,2025-10-10 20:28:27.324169,AAPL,245.27,2025-10-24,13,255.0,CALL,1.9,1.88,1.97,24066,6707,0.2827,0.2507,0.0243,-0.1675,0.1473,0.0212,0.9618,0.0,1.9,5fa75cc92cd5,2025-10-10
2025-10-10,2025-10-10 20:28:27.324469,AAPL,245.27,2025-10-24,13,260.0,CALL,0.98,0.97,1.05,25041,20076,0.2826,0.1499,0.0178,-0.1217,0.1079,0.0127,0.9433,0.0,0.98,7813c2457095,2025-10-10
2025-10-10,2025-10-10 20:28:27.324766,AAPL,245.27,2025-10-24,13,265.0,CALL,0.5,0.5,0.57,4994,8447,0.2891,0.0867,0.0118,-0.0838,0.0731,0.0074,0.9255,0.0,0.5,019b7f322d53,2025-10-10
2025-10-10,2025-10-10 20:28:27.325067,AAPL,245.27,2025-10-24,13,270.0,CALL,0.26,0.26,0.28,5500,11719,0.2915,0.0456,0.0071,-0.051,0.0443,0.0039,0.9084,0.0,0.26,3169d5e6ae6a,2025-10-10
2025-10-10,2025-10-10 20:28:27.325369,AAPL,245.27,2025-10-24,13,275.0,CALL,0.15,0.14,0.16,1754,6754,0.3037,0.0262,0.0043,-0.0337,0.0282,0.0022,0.8919,0.0,0.15,a4195a9c85f8,2025-10-10
2025-10-10,2025-10-10 20:28:27.325800,AAPL,245.27,2025-10-24,13,280.0,CALL,0.08,0.08,0.1,880,3814,0.3193,0.0162,0.0027,-0.0234,0.0187,0.0014,0.876,0.0,0.08,034600a76222,2025-10-10
2025-10-10,2025-10-10 20:28:27.326245,AAPL,245.27,2025-10-24,13,285.0,CALL,0.06,0.06,0.07,77,5486,0.3379,0.0108,0.0018,-0.0175,0.0132,0.0009,0.8606,0.0,0.06,a7f07b0283fc,2025-10-10
2025-10-10,2025-10-10 20:28:27.326599,AAPL,245.27,2025-10-24,13,290.0,CALL,0.04,0.03,0.05,181,4906,0.3555,0.0074,0.0012,-0.0131,0.0094,0.0006,0.8458,0.0,0.04,0e4fa1888986,2025-10-10
2025-10-10,2025-10-10 20:28:27.326923,AAPL,245.27,2025-10-24,13,295.0,CALL,0.02,0.02,0.03,14,435,0.3652,0.0044,0.0008,-0.0085,0.006,0.0004,0.8314,0.0,0.02,1715d2221a8d,2025-10-10
2025-10-10,2025-10-10 20:28:27.327243,AAPL,245.27,2025-10-24,13,300.0,CALL,0.02,0.02,0.03,177,1601,0.3945,0.0041,0.0007,-0.0086,0.0056,0.0003,0.8176,0.0,0.02,333d28682750,2025-10-10
2025-10-10,2025-10-10 20:28:27.327564,AAPL,245.27,2025-10-24,13,305.0,CALL,0.02,0.01,0.03,24,136,0.4219,0.0037,0.0006,-0.0084,0.0051,0.0003,0.8042,0.0,0.02,790b157f477a,2025-10-10
2025-10-10,2025-10-10 20:28:27.327878,AAPL,245.27,2025-10-24,13,310.0,CALL,0.02,0.0,0.03,12,145,0.4492,0.0035,0.0005,-0.0084,0.0048,0.0003,0.7912,0.0,0.02,abd759ac466e,2025-10-10
2025-10-10,2025-10-10 20:28:27.328172,AAPL,245.27,2025-10-24,13,315.0,CALL,0.02,0.01,0.03,11,112,0.4766,0.0033,0.0004,-0.0085,0.0046,0.0003,0.7786,0.0,0.02,d76b5fd15c91,2025-10-10
2025-10-10,2025-10-10 20:28:27.328466,AAPL,245.27,2025-10-24,13,320.0,CALL,0.01,0.0,0.03,5,100,0.5039,0.0031,0.0004,-0.0087,0.0044,0.0003,0.7665,0.0,0.01,a2ab28fd8105,2025-10-10
2025-10-10,2025-10-10 20:28:27.328754,AAPL,245.27,2025-10-24,13,325.0,CALL,0.01,0.0,0.02,21,120,0.5078,0.002,0.0003,-0.0059,0.003,0.0002,0.7547,0.0,0.01,c599b9eb2c68,2025-10-10
2025-10-10,2025-10-10 20:28:27.329156,AAPL,245.27,2025-10-24,13,110.0,PUT,0.01,0.0,0.21,3,53,1.6387,-0.003,0.0001,-0.0262,0.0042,-0.0003,2.2297,0.0,0.01,3173f95748ab,2025-10-10
2025-10-10,2025-10-10 20:28:27.329448,AAPL,245.27,2025-10-24,13,130.0,PUT,0.01,0.0,0.22,50,53,1.3281,-0.0039,0.0002,-0.027,0.0053,-0.0004,1.8867,0.0,0.01,97ea67bc0d3c,2025-10-10
2025-10-10,2025-10-10 20:28:27.329737,AAPL,245.27,2025-10-24,13,135.0,PUT,0.02,0.0,0.21,100,103,1.2461,-0.0039,0.0002,-0.0254,0.0053,-0.0004,1.8168,0.0,0.02,1a221a66ea2c,2025-10-10
2025-10-10,2025-10-10 20:28:27.330027,AAPL,245.27,2025-10-24,13,140.0,PUT,0.01,0.0,0.21,5,421,1.1777,-0.0041,0.0002,-0.0254,0.0056,-0.0004,1.7519,0.0,0.01,f2dd10243c85,2025-10-10
2025-10-10,2025-10-10 20:28:27.330309,AAPL,245.27,2025-10-24,13,145.0,PUT,0.01,0.0,0.22,10,46,1.1172,-0.0046,0.0003,-0.0264,0.0062,-0.0004,1.6915,0.0,0.01,21f33c193d8f,2025-10-10
2025-10-10,2025-10-10 20:28:27.330592,AAPL,245.27,2025-10-24,13,150.0,PUT,0.01,0.0,0.22,30,188,1.0508,-0.0048,0.0003,-0.0261,0.0065,-0.0005,1.6351,0.0,0.01,92e6ce989632,2025-10-10
2025-10-10,2025-10-10 20:28:27.330874,AAPL,245.27,2025-10-24,13,155.0,PUT,0.05,0.01,0.22,3,6,0.9922,-0.0053,0.0003,-0.0269,0.0071,-0.0005,1.5824,0.0,0.05,54c6806bedf0,2025-10-10
2025-10-10,2025-10-10 20:28:27.331158,AAPL,245.27,2025-10-24,13,160.0,PUT,0.01,0.0,0.03,6,65,0.75,-0.001,0.0001,-0.0043,0.0015,-0.0001,1.5329,0.0,0.01,6e91939b6b23,2025-10-10
2025-10-10,2025-10-10 20:28:27.331438,AAPL,245.27,2025-10-24,13,165.0,PUT,0.02,0.0,0.03,57,107,0.6953,-0.001,0.0001,-0.004,0.0015,-0.0001,1.4865,0.0,0.02,4f141002f091,2025-10-10
2025-10-10,2025-10-10 20:28:27.331723,AAPL,245.27,2025-10-24,13,170.0,PUT,0.02,0.02,0.04,32,222,0.6953,-0.002,0.0002,-0.0079,0.003,-0.0002,1.4428,0.0,0.02,faab7522d35c,2025-10-10
2025-10-10,2025-10-10 20:28:27.332004,AAPL,245.27,2025-10-24,13,175.0,PUT,0.02,0.02,0.05,51,134,0.6563,-0.0026,0.0003,-0.0092,0.0037,-0.0002,1.4015,0.0,0.02,23099a97bbee,2025-10-10
2025-10-10,2025-10-10 20:28:27.332282,AAPL,245.27,2025-10-24,13,180.0,PUT,0.04,0.03,0.06,30,45,0.6211,-0.0033,0.0004,-0.0111,0.0047,-0.0003,1.3626,0.0,0.04,be3fa1f57707,2025-10-10
2025-10-10,2025-10-10 20:28:27.332567,AAPL,245.27,2025-10-24,13,185.0,PUT,0.05,0.04,0.07,51,556,0.5859,-0.0044,0.0005,-0.0133,0.006,-0.0004,1.3258,0.0,0.05,8550fecacd53,2025-10-10
2025-10-10,2025-10-10 20:28:27.332845,AAPL,245.27,2025-10-24,13,190.0,PUT,0.07,0.06,0.09,78,93,0.5557,-0.0062,0.0007,-0.017,0.0081,-0.0006,1.2909,0.0,0.07,53086fbe9307,2025-10-10
2025-10-10,2025-10-10 20:28:27.333128,AAPL,245.27,2025-10-24,13,195.0,PUT,0.08,0.09,0.12,2023,194,0.5283,-0.009,0.001,-0.0225,0.0112,-0.0008,1.2578,0.0,0.08,9f32268803b5,2025-10-10
2025-10-10,2025-10-10 20:28:27.333413,AAPL,245.27,2025-10-24,13,200.0,PUT,0.14,0.13,0.15,615,3411,0.502,-0.0133,0.0015,-0.03,0.0158,-0.0012,1.2264,0.0,0.14,c3bde6453c53,2025-10-10
2025-10-10,2025-10-10 20:28:27.333697,AAPL,245.27,2025-10-24,13,205.0,PUT,0.22,0.18,0.21,112,2440,0.4736,-0.0193,0.0021,-0.039,0.0217,-0.0017,1.1964,0.0,0.22,20ca5037f555,2025-10-10
2025-10-10,2025-10-10 20:28:27.333974,AAPL,245.27,2025-10-24,13,210.0,PUT,0.27,0.26,0.29,353,882,0.4434,-0.0277,0.0031,-0.0493,0.0294,-0.0025,1.168,0.0,0.27,a1bb20002194,2025-10-10
2025-10-10,2025-10-10 20:28:27.334235,AAPL,245.27,2025-10-24,13,215.0,PUT,0.39,0.37,0.41,315,588,0.4146,-0.0406,0.0045,-0.0632,0.0404,-0.0037,1.1408,0.0,0.39,5ce8e9a725be,2025-10-10
2025-10-10,2025-10-10 20:28:27.334501,AAPL,245.27,2025-10-24,13,220.0,PUT,0.57,0.55,0.59,1624,3493,0.3857,-0.0603,0.0067,-0.0803,0.0554,-0.0054,1.1149,0.0,0.57,c0029aeeb61d,2025-10-10
2025-10-10,2025-10-10 20:28:27.334763,AAPL,245.27,2025-10-24,13,225.0,PUT,0.86,0.72,0.87,1946,1286,0.3582,-0.0912,0.0099,-0.1017,0.0759,-0.0082,1.0901,0.0,0.86,22665cbdf4fe,2025-10-10
2025-10-10,2025-10-10 20:28:27.335029,AAPL,245.27,2025-10-24,13,230.0,PUT,1.34,1.26,1.35,7896,2364,0.3352,-0.1416,0.0145,-0.1294,0.1038,-0.0128,1.0664,0.0,1.34,919c50f613d3,2025-10-10
2025-10-10,2025-10-10 20:28:27.335289,AAPL,245.27,2025-10-24,13,235.0,PUT,2.1,1.98,2.15,3797,2906,0.3157,-0.2193,0.0202,-0.1592,0.1368,-0.0198,1.0437,0.0,2.1,43374ce9e89b,2025-10-10
2025-10-10,2025-10-10 20:28:27.335552,AAPL,245.27,2025-10-24,13,240.0,PUT,3.33,3.2,3.35,3908,2195,0.2952,-0.3276,0.0264,-0.1795,0.1671,-0.0297,1.022,0.0,3.33,bc3cefb7d87a,2025-10-10
2025-10-10,2025-10-10 20:28:27.335817,AAPL,245.27,2025-10-24,13,245.0,PUT,5.16,5.05,5.25,4214,5388,0.2811,-0.4691,0.0306,-0.1843,0.1841,-0.0427,1.0011,0.0,5.16,715360bbc2cf,2025-10-10
2025-10-10,2025-10-10 20:28:27.336082,AAPL,245.27,2025-10-24,13,250.0,PUT,7.9,7.6,8.05,2845,2267,0.2769,-0.6213,0.0297,-0.1678,0.1761,-0.057,0.9811,4.73,3.17,bced12e63578,2025-10-10
2025-10-10,2025-10-10 20:28:27.336342,AAPL,245.27,2025-10-24,13,255.0,PUT,11.35,11.1,11.5,1037,2946,0.2695,-0.7605,0.0249,-0.1247,0.1437,-0.0704,0.9618,9.73,1.62,5c6df98ca666,2025-10-10
2025-10-10,2025-10-10 20:28:27.336605,AAPL,245.27,2025-10-24,13,260.0,PUT,15.4,14.8,16.0,193,832,0.3015,-0.8336,0.0179,-0.1069,0.1156,-0.0783,0.9433,14.73,0.67,b6984bf8cbd4,2025-10-10
2025-10-10,2025-10-10 20:28:27.336869,AAPL,245.27,2025-10-24,13,265.0,PUT,19.5,19.2,20.7,41,112,0.3342,-0.8789,0.013,-0.0907,0.0932,-0.084,0.9255,19.73,0.0,ec6e5fafb5d9,2025-10-10
2025-10-10,2025-10-10 20:28:27.337130,AAPL,245.27,2025-10-24,13,270.0,PUT,22.5,23.9,25.5,28,329,0.366,-0.9088,0.0097,-0.0763,0.0759,-0.0883,0.9084,24.73,0.0,0ff6829375cb,2025-10-10
2025-10-10,2025-10-10 20:28:27.337395,AAPL,245.27,2025-10-24,13,275.0,PUT,23.34,28.95,30.7,26,102,0.4414,-0.9053,0.0083,-0.1014,0.078,-0.0898,0.8919,29.73,0.0,2e28c6f0a3eb,2025-10-10
2025-10-10,2025-10-10 20:28:27.337656,AAPL,245.27,2025-10-24,13,280.0,PUT,34.1,34.05,35.5,40,40,0.4644,-0.9263,0.0065,-0.0831,0.0646,-0.0934,0.876,34.73,0.0,a3dda84ab89d,2025-10-10
2025-10-10,2025-10-10 20:28:27.337919,AAPL,245.27,2025-10-24,13,285.0,PUT,28.77,38.95,40.6,1,0,0.5249,-0.9264,0.0057,-0.0974,0.0646,-0.0952,0.8606,39.73,0.0,37018d675e4b,2025-10-10
2025-10-10,2025-10-10 20:28:27.338178,AAPL,245.27,2025-10-24,13,290.0,PUT,51.75,44.05,45.55,0,0,0.5625,-0.9345,0.0049,-0.094,0.0591,-0.0977,0.8458,44.73,7.02,9049c3cfdadd,2025-10-10
2025-10-10,2025-10-10 20:28:27.338441,AAPL,245.27,2025-10-24,13,295.0,PUT,38.47,48.95,50.65,1,0,0.6213,-0.9335,0.0045,-0.1084,0.0598,-0.0994,0.8314,49.73,0.0,44a68d5b0b5d,2025-10-10
2025-10-10,2025-10-10 20:28:27.338699,AAPL,245.27,2025-10-24,13,300.0,PUT,44.2,54.05,55.55,0,0,0.6475,-0.9423,0.0039,-0.0979,0.0535,-0.1019,0.8176,54.73,0.0,562da2a0d9c2,2025-10-10
2025-10-10,2025-10-10 20:28:27.338992,AAPL,245.27,2025-10-24,13,325.0,PUT,97.87,78.8,80.65,0,0,0.8584,-0.9502,0.0026,-0.1186,0.0476,-0.1115,0.7547,79.73,18.14,ffb986d54ca9,2025-10-10
2025-10-10,2025-10-10 20:28:27.425284,AAPL,245.27,2025-10-31,20,140.0,CALL,116.0,104.2,106.9,1,3,1.0928,0.9901,0.0004,-0.0584,0.0152,0.0751,1.7519,105.27,10.73,0eedb748393e,2025-10-10
2025-10-10,2025-10-10 20:28:27.425725,AAPL,245.27,2025-10-31,20,155.0,CALL,99.15,89.2,92.1,1,1,0.957,0.9851,0.0007,-0.0704,0.0217,0.0825,1.5824,90.27,8.88,39de5156819b,2025-10-10
2025-10-10,2025-10-10 20:28:27.426140,AAPL,245.27,2025-10-31,20,170.0,CALL,84.96,74.7,77.0,1,7,0.8457,0.9752,0.0012,-0.0906,0.0334,0.0893,1.4428,75.27,9.69,044383ba6fab,2025-10-10
2025-10-10,2025-10-10 20:28:27.426542,AAPL,245.27,2025-10-31,20,180.0,CALL,79.38,64.7,67.1,9,11,0.7439,0.9698,0.0016,-0.0942,0.0393,0.094,1.3626,65.27,14.11,9934d87c92ff,2025-10-10
2025-10-10,2025-10-10 20:28:27.426942,AAPL,245.27,2025-10-31,20,185.0,CALL,72.14,59.3,62.25,2,4,0.6602,0.9725,0.0017,-0.0819,0.0364,0.0972,1.3258,60.27,11.87,d919930ef5a8,2025-10-10
2025-10-10,2025-10-10 20:28:27.427333,AAPL,245.27,2025-10-31,20,190.0,CALL,57.0,54.8,57.2,3,4,0.6528,0.9611,0.0022,-0.1011,0.0484,0.0983,1.2909,55.27,1.73,b00c86232e50,2025-10-10
2025-10-10,2025-10-10 20:28:27.427699,AAPL,245.27,2025-10-31,20,195.0,CALL,63.33,49.8,52.1,3,149,0.5891,0.9599,0.0026,-0.0956,0.0495,0.1009,1.2578,50.27,13.06,5faaf812d788,2025-10-10
2025-10-10,2025-10-10 20:28:27.428038,AAPL,245.27,2025-10-31,20,200.0,CALL,47.0,44.85,47.35,1,90,0.5593,0.9498,0.0032,-0.1061,0.0594,0.1022,1.2264,45.27,1.73,866692e3ba64,2025-10-10
2025-10-10,2025-10-10 20:28:27.428378,AAPL,245.27,2025-10-31,20,205.0,CALL,44.0,41.1,41.55,46,7,0.5344,0.9352,0.0041,-0.1201,0.0726,0.1028,1.1964,40.27,3.73,ac35395808a6,2025-10-10
2025-10-10,2025-10-10 20:28:27.428714,AAPL,245.27,2025-10-31,20,210.0,CALL,36.28,36.3,36.75,7,74,0.5002,0.9201,0.0052,-0.13,0.0853,0.1034,1.168,35.27,1.01,f53dac5fee6e,2025-10-10
2025-10-10,2025-10-10 20:28:27.429055,AAPL,245.27,2025-10-31,20,215.0,CALL,33.0,31.6,31.9,11,68,0.4773,0.8956,0.0066,-0.1472,0.104,0.1027,1.1408,30.27,2.73,935cbfd8d84e,2025-10-10
2025-10-10,2025-10-10 20:28:27.429392,AAPL,245.27,2025-10-31,20,220.0,CALL,29.1,26.95,27.35,74,85,0.4515,0.8654,0.0084,-0.1632,0.1244,0.1011,1.1149,25.27,3.83,17dc419006aa,2025-10-10
2025-10-10,2025-10-10 20:28:27.429732,AAPL,245.27,2025-10-31,20,225.0,CALL,23.4,22.55,22.9,75,2123,0.4237,0.8275,0.0105,-0.1775,0.1467,0.0985,1.0901,20.27,3.13,ad1bda600b15,2025-10-10
2025-10-10,2025-10-10 20:28:27.430070,AAPL,245.27,2025-10-31,20,230.0,CALL,18.32,18.35,18.75,155,752,0.4031,0.7747,0.013,-0.1947,0.1723,0.0937,1.0664,15.27,3.05,972e2fd31120,2025-10-10
2025-10-10,2025-10-10 20:28:27.430408,AAPL,245.27,2025-10-31,20,235.0,CALL,15.57,14.5,15.1,367,827,0.3942,0.7042,0.0153,-0.2149,0.1984,0.0863,1.0437,10.27,5.3,3ed35abdd176,2025-10-10
2025-10-10,2025-10-10 20:28:27.430756,AAPL,245.27,2025-10-31,20,240.0,CALL,11.15,11.2,11.45,287,1888,0.3687,0.6268,0.0179,-0.2179,0.2174,0.0779,1.022,5.27,5.88,4d5d1b4bc65a,2025-10-10
2025-10-10,2025-10-10 20:28:27.431092,AAPL,245.27,2025-10-31,20,245.0,CALL,8.2,8.25,8.4,1287,2418,0.3524,0.5337,0.0196,-0.2162,0.2282,0.0671,1.0011,0.27,7.93,4384070c8a7e,2025-10-10
2025-10-10,2025-10-10 20:28:27.431428,AAPL,245.27,2025-10-31,20,250.0,CALL,5.92,5.8,6.0,1689,5604,0.3439,0.4339,0.0199,-0.2066,0.2259,0.055,0.9811,0.0,5.92,eac7c1847695,2025-10-10
2025-10-10,2025-10-10 20:28:27.431775,AAPL,245.27,2025-10-31,20,255.0,CALL,3.95,3.95,4.1,3762,4404,0.3363,0.336,0.0189,-0.1857,0.2094,0.0429,0.9618,0.0,3.95,2524e6f79fde,2025-10-10
2025-10-10,2025-10-10 20:28:27.432122,AAPL,245.27,2025-10-31,20,260.0,CALL,2.59,2.54,2.74,7205,5944,0.3331,0.2491,0.0166,-0.1589,0.1821,0.032,0.9433,0.0,2.59,9dbae362c97a,2025-10-10
2025-10-10,2025-10-10 20:28:27.432535,AAPL,245.27,2025-10-31,20,265.0,CALL,1.68,1.66,1.75,4877,5208,0.3297,0.1757,0.0137,-0.1274,0.1484,0.0227,0.9255,0.0,1.68,b764d62b8973,2025-10-10
2025-10-10,2025-10-10 20:28:27.432884,AAPL,245.27,2025-10-31,20,270.0,CALL,1.08,1.06,1.12,3397,8241,0.3308,0.121,0.0106,-0.0991,0.1155,0.0157,0.9084,0.0,1.08,f04970e9dfe5,2025-10-10
2025-10-10,2025-10-10 20:28:27.433226,AAPL,245.27,2025-10-31,20,275.0,CALL,0.69,0.68,0.73,1849,3282,0.3355,0.0828,0.0079,-0.0759,0.0876,0.0107,0.8919,0.0,0.69,2e2f4fdb44d4,2025-10-10
2025-10-10,2025-10-10 20:28:27.433573,AAPL,245.27,2025-10-31,20,280.0,CALL,0.48,0.45,0.49,845,5928,0.343,0.0572,0.0058,-0.0582,0.0659,0.0074,0.876,0.0,0.48,605be599101a,2025-10-10
2025-10-10,2025-10-10 20:28:27.433913,AAPL,245.27,2025-10-31,20,285.0,CALL,0.31,0.3,0.33,297,1257,0.3506,0.0394,0.0042,-0.0439,0.0488,0.0051,0.8606,0.0,0.31,9c9cd1368c3b,2025-10-10
2025-10-10,2025-10-10 20:28:27.434251,AAPL,245.27,2025-10-31,20,290.0,CALL,0.23,0.22,0.24,3231,9669,0.3628,0.0286,0.0031,-0.0349,0.0376,0.0037,0.8458,0.0,0.23,fafd63941846,2025-10-10
2025-10-10,2025-10-10 20:28:27.434589,AAPL,245.27,2025-10-31,20,295.0,CALL,0.15,0.15,0.17,45,1475,0.3721,0.0203,0.0023,-0.0268,0.0281,0.0026,0.8314,0.0,0.15,b1dd30e1c543,2025-10-10
2025-10-10,2025-10-10 20:28:27.434926,AAPL,245.27,2025-10-31,20,300.0,CALL,0.11,0.11,0.13,1518,2105,0.3857,0.0155,0.0018,-0.022,0.0223,0.002,0.8176,0.0,0.11,4cfac880d59b,2025-10-10
2025-10-10,2025-10-10 20:28:27.435269,AAPL,245.27,2025-10-31,20,305.0,CALL,0.08,0.07,0.1,103,1027,0.3975,0.0116,0.0013,-0.0177,0.0174,0.0015,0.8042,0.0,0.08,e68e11fbc709,2025-10-10
2025-10-10,2025-10-10 20:28:27.435583,AAPL,245.27,2025-10-31,20,310.0,CALL,0.07,0.04,0.07,34,479,0.4043,0.0082,0.001,-0.0132,0.0128,0.0011,0.7912,0.0,0.07,36a53eb2127d,2025-10-10
2025-10-10,2025-10-10 20:28:27.435889,AAPL,245.27,2025-10-31,20,315.0,CALL,0.06,0.02,0.06,1,103,0.4209,0.0068,0.0008,-0.0117,0.011,0.0009,0.7786,0.0,0.06,29f3dcdc60ab,2025-10-10
2025-10-10,2025-10-10 20:28:27.436193,AAPL,245.27,2025-10-31,20,320.0,CALL,0.04,0.01,0.05,2,1178,0.4356,0.0056,0.0006,-0.0102,0.0093,0.0007,0.7665,0.0,0.04,82e3ff263677,2025-10-10
2025-10-10,2025-10-10 20:28:27.436496,AAPL,245.27,2025-10-31,20,325.0,CALL,0.04,0.02,0.21,152,310,0.5039,0.0105,0.001,-0.0205,0.016,0.0014,0.7547,0.0,0.04,c4926da524de,2025-10-10
2025-10-10,2025-10-10 20:28:27.436896,AAPL,245.27,2025-10-31,20,110.0,PUT,0.01,0.0,0.23,1,14,1.3516,-0.0035,0.0001,-0.0201,0.006,-0.0005,2.2297,0.0,0.01,e322c9fdb527,2025-10-10
2025-10-10,2025-10-10 20:28:27.437201,AAPL,245.27,2025-10-31,20,120.0,PUT,0.05,0.0,0.23,0,1,1.2148,-0.0039,0.0002,-0.0198,0.0066,-0.0006,2.0439,0.0,0.05,c9d00bb0661b,2025-10-10
2025-10-10,2025-10-10 20:28:27.437509,AAPL,245.27,2025-10-31,20,125.0,PUT,0.09,0.0,0.24,5,5,1.1563,-0.0042,0.0002,-0.0204,0.0071,-0.0006,1.9622,0.0,0.09,42ddda388796,2025-10-10
2025-10-10,2025-10-10 20:28:27.437813,AAPL,245.27,2025-10-31,20,130.0,PUT,0.05,0.0,0.23,1,13,1.0898,-0.0043,0.0002,-0.0197,0.0073,-0.0006,1.8867,0.0,0.05,76e7d7085d2d,2025-10-10
2025-10-10,2025-10-10 20:28:27.438120,AAPL,245.27,2025-10-31,20,135.0,PUT,0.02,0.0,0.23,4,2,1.0293,-0.0045,0.0002,-0.0195,0.0076,-0.0007,1.8168,0.0,0.02,b70b737d6051,2025-10-10
2025-10-10,2025-10-10 20:28:27.438424,AAPL,245.27,2025-10-31,20,140.0,PUT,0.09,0.0,0.25,1,23,0.9824,-0.0052,0.0003,-0.0209,0.0086,-0.0007,1.7519,0.0,0.09,8a00c82479d8,2025-10-10
2025-10-10,2025-10-10 20:28:27.438731,AAPL,245.27,2025-10-31,20,145.0,PUT,0.02,0.0,0.25,1,17,0.9258,-0.0055,0.0003,-0.0206,0.009,-0.0008,1.6915,0.0,0.02,74151d2edcca,2025-10-10
2025-10-10,2025-10-10 20:28:27.439032,AAPL,245.27,2025-10-31,20,150.0,PUT,0.02,0.0,0.23,4,57,0.8623,-0.0054,0.0003,-0.019,0.0089,-0.0008,1.6351,0.0,0.02,b588c70a0bda,2025-10-10
2025-10-10,2025-10-10 20:28:27.439339,AAPL,245.27,2025-10-31,20,155.0,PUT,0.04,0.0,0.2,2,43,0.7969,-0.0051,0.0003,-0.0168,0.0085,-0.0007,1.5824,0.0,0.04,777a3700ed96,2025-10-10
2025-10-10,2025-10-10 20:28:27.439644,AAPL,245.27,2025-10-31,20,160.0,PUT,0.03,0.02,0.16,69,148,0.7363,-0.005,0.0003,-0.015,0.0082,-0.0007,1.5329,0.0,0.03,5d693e0fe29f,2025-10-10
2025-10-10,2025-10-10 20:28:27.439949,AAPL,245.27,2025-10-31,20,165.0,PUT,0.03,0.04,0.07,10,19,0.6504,-0.0035,0.0003,-0.0097,0.006,-0.0005,1.4865,0.0,0.03,c0fa510b9018,2025-10-10
2025-10-10,2025-10-10 20:28:27.440251,AAPL,245.27,2025-10-31,20,170.0,PUT,0.06,0.05,0.09,2,51,0.6231,-0.0046,0.0004,-0.0119,0.0077,-0.0007,1.4428,0.0,0.06,e24616b20ca7,2025-10-10
2025-10-10,2025-10-10 20:28:27.440554,AAPL,245.27,2025-10-31,20,175.0,PUT,0.05,0.07,0.11,25,41,0.5957,-0.0061,0.0005,-0.0145,0.0099,-0.0009,1.4015,0.0,0.05,ae41d40cb6ce,2025-10-10
2025-10-10,2025-10-10 20:28:27.440855,AAPL,245.27,2025-10-31,20,180.0,PUT,0.11,0.1,0.13,59,71,0.5684,-0.008,0.0007,-0.0176,0.0125,-0.0011,1.3626,0.0,0.11,4de1ebf52673,2025-10-10
2025-10-10,2025-10-10 20:28:27.441157,AAPL,245.27,2025-10-31,20,185.0,PUT,0.13,0.13,0.16,54,179,0.541,-0.0105,0.0009,-0.0212,0.0159,-0.0015,1.3258,0.0,0.13,85e358b5751a,2025-10-10
2025-10-10,2025-10-10 20:28:27.441449,AAPL,245.27,2025-10-31,20,190.0,PUT,0.19,0.17,0.21,47,219,0.5156,-0.014,0.0012,-0.026,0.0205,-0.002,1.2909,0.0,0.19,75d486fba477,2025-10-10
2025-10-10,2025-10-10 20:28:27.441725,AAPL,245.27,2025-10-31,20,195.0,PUT,0.19,0.23,0.27,3,121,0.4971,-0.0202,0.0017,-0.0341,0.028,-0.0028,1.2578,0.0,0.19,0221e5118037,2025-10-10
2025-10-10,2025-10-10 20:28:27.442000,AAPL,245.27,2025-10-31,20,200.0,PUT,0.33,0.33,0.35,1765,597,0.4707,-0.0268,0.0023,-0.0411,0.0356,-0.0038,1.2264,0.0,0.33,28a3a00f4b30,2025-10-10
2025-10-10,2025-10-10 20:28:27.442290,AAPL,245.27,2025-10-31,20,205.0,PUT,0.4,0.41,0.48,75,143,0.449,-0.0373,0.0032,-0.0513,0.0468,-0.0052,1.1964,0.0,0.4,7ba77ea8e320,2025-10-10
2025-10-10,2025-10-10 20:28:27.442569,AAPL,245.27,2025-10-31,20,210.0,PUT,0.64,0.6,0.67,97,647,0.429,-0.0525,0.0044,-0.0644,0.0616,-0.0074,1.168,0.0,0.64,94d23a1b36c2,2025-10-10
2025-10-10,2025-10-10 20:28:27.442851,AAPL,245.27,2025-10-31,20,215.0,PUT,0.93,0.84,0.9,374,388,0.405,-0.0718,0.0059,-0.0773,0.0786,-0.0101,1.1408,0.0,0.93,0047fca2e90f,2025-10-10
2025-10-10,2025-10-10 20:28:27.443139,AAPL,245.27,2025-10-31,20,220.0,PUT,1.29,1.2,1.29,286,990,0.3877,-0.1019,0.008,-0.0958,0.1022,-0.0143,1.1149,0.0,1.29,2b5fb9b8f668,2025-10-10
2025-10-10,2025-10-10 20:28:27.443417,AAPL,245.27,2025-10-31,20,225.0,PUT,1.83,1.71,1.85,390,1480,0.3713,-0.1436,0.0106,-0.1162,0.13,-0.0202,1.0901,0.0,1.83,cf4362da4eb5,2025-10-10
2025-10-10,2025-10-10 20:28:27.443697,AAPL,245.27,2025-10-31,20,230.0,PUT,2.69,2.45,2.72,1282,2645,0.3604,-0.2023,0.0136,-0.1394,0.1618,-0.0285,1.0664,0.0,2.69,2025546ede6e,2025-10-10
2025-10-10,2025-10-10 20:28:27.443994,AAPL,245.27,2025-10-31,20,235.0,PUT,3.75,3.6,3.9,2399,1312,0.3488,-0.2759,0.0167,-0.1585,0.1919,-0.039,1.0437,0.0,3.75,87f41ada9f4b,2025-10-10
2025-10-10,2025-10-10 20:28:27.444272,AAPL,245.27,2025-10-31,20,240.0,PUT,5.45,5.3,5.5,2962,3117,0.3384,-0.3651,0.0193,-0.1709,0.2158,-0.0518,1.022,0.0,5.45,9474059641b4,2025-10-10
2025-10-10,2025-10-10 20:28:27.444553,AAPL,245.27,2025-10-31,20,245.0,PUT,7.56,7.3,7.55,3092,3489,0.3277,-0.4662,0.0211,-0.172,0.2282,-0.0665,1.0011,0.0,7.56,5a583e0ec5fd,2025-10-10
2025-10-10,2025-10-10 20:28:27.444830,AAPL,245.27,2025-10-31,20,250.0,PUT,10.0,9.8,10.15,2698,3162,0.3187,-0.5736,0.0214,-0.1609,0.2251,-0.0824,0.9811,4.73,5.27,fd0958c242ea,2025-10-10
2025-10-10,2025-10-10 20:28:27.445108,AAPL,245.27,2025-10-31,20,255.0,PUT,13.31,12.95,13.35,437,1674,0.3136,-0.6771,0.0199,-0.1395,0.2061,-0.098,0.9618,9.73,3.58,78f5fe62b5e8,2025-10-10
2025-10-10,2025-10-10 20:28:27.445390,AAPL,245.27,2025-10-31,20,260.0,PUT,15.95,15.8,18.05,394,815,0.3639,-0.7301,0.0158,-0.1484,0.1898,-0.1077,0.9433,14.73,1.22,712fb1e3ce48,2025-10-10
2025-10-10,2025-10-10 20:28:27.445696,AAPL,245.27,2025-10-31,20,265.0,PUT,20.05,20.6,21.05,41,299,0.3001,-0.8488,0.0136,-0.0728,0.1346,-0.1252,0.9255,19.73,0.32,586effe4a395,2025-10-10
2025-10-10,2025-10-10 20:28:27.445975,AAPL,245.27,2025-10-31,20,270.0,PUT,21.5,24.5,26.05,2,177,0.3472,-0.8667,0.0108,-0.0779,0.1236,-0.1304,0.9084,24.73,0.0,b06b8157cf1e,2025-10-10
2025-10-10,2025-10-10 20:28:27.446258,AAPL,245.27,2025-10-31,20,275.0,PUT,21.3,29.05,30.9,20,26,0.3789,-0.8883,0.0087,-0.0728,0.1091,-0.1359,0.8919,29.73,0.0,2a0b22a182a9,2025-10-10
2025-10-10,2025-10-10 20:28:27.446536,AAPL,245.27,2025-10-31,20,280.0,PUT,25.45,34.1,35.75,4,10,0.406,-0.9066,0.0072,-0.0656,0.0959,-0.141,0.876,34.73,0.0,2acf7e9dbd25,2025-10-10
2025-10-10,2025-10-10 20:28:27.446816,AAPL,245.27,2025-10-31,20,285.0,PUT,29.2,38.6,41.15,2,4,0.4845,-0.8935,0.0066,-0.0958,0.1055,-0.1422,0.8606,39.73,0.0,301764defe2b,2025-10-10
2025-10-10,2025-10-10 20:28:27.447095,AAPL,245.27,2025-10-31,20,290.0,PUT,36.13,43.75,46.0,1,0,0.5094,-0.9073,0.0057,-0.0883,0.0953,-0.1467,0.8458,44.73,0.0,9921a4c041ff,2025-10-10
2025-10-10,2025-10-10 20:28:27.447368,AAPL,245.27,2025-10-31,20,295.0,PUT,43.47,48.65,51.1,0,0,0.5571,-0.9085,0.0051,-0.0978,0.0944,-0.1497,0.8314,49.73,0.0,7abb7ee2a6fb,2025-10-10
2025-10-10,2025-10-10 20:28:27.447627,AAPL,245.27,2025-10-31,20,300.0,PUT,43.56,53.55,56.0,5,0,0.5833,-0.9176,0.0045,-0.0927,0.0873,-0.1536,0.8176,54.73,0.0,67cb536a21b1,2025-10-10
2025-10-10,2025-10-10 20:28:27.447887,AAPL,245.27,2025-10-31,20,310.0,PUT,56.26,63.7,66.0,0,0,0.6523,-0.9252,0.0038,-0.0962,0.0811,-0.16,0.7912,64.73,0.0,a601c7873e5b,2025-10-10
2025-10-10,2025-10-10 20:28:27.448149,AAPL,245.27,2025-10-31,20,315.0,PUT,61.11,68.6,71.1,1,0,0.6973,-0.9245,0.0036,-0.1057,0.0817,-0.1627,0.7786,69.73,0.0,690dd7767549,2025-10-10
2025-10-17,2025-10-17 18:58:25.223117,AAPL,252.29,2025-10-24,6,110.0,CALL,138.61,141.85,143.1,5,10,2.3867,0.9979,0.0001,-0.0555,0.0021,0.018,2.2935,142.29,0.0,7eef6a1c85c8,2025-10-17
2025-10-17,2025-10-17 18:58:25.230062,AAPL,252.29,2025-10-24,6,120.0,CALL,128.65,131.75,133.15,25,26,2.1172,0.998,0.0001,-0.0511,0.0021,0.0196,2.1024,132.29,0.0,cab0f984ef99,2025-10-17
2025-10-17,2025-10-17 18:58:25.230677,AAPL,252.29,2025-10-24,6,125.0,CALL,133.49,126.8,128.1,3,3,2.0078,0.9979,0.0001,-0.0515,0.0022,0.0204,2.0183,127.29,6.2,560b6b82aefe,2025-10-17
2025-10-17,2025-10-17 18:58:25.231193,AAPL,252.29,2025-10-24,6,140.0,CALL,116.1,111.75,113.15,1,1,1.709,0.9975,0.0001,-0.0535,0.0026,0.0229,1.8021,112.29,3.81,8e168f1810b9,2025-10-17
2025-10-17,2025-10-17 18:58:25.231688,AAPL,252.29,2025-10-24,6,150.0,CALL,102.67,101.9,103.15,10,42,1.6074,0.9957,0.0002,-0.0728,0.0041,0.0244,1.6819,102.29,0.38,e063997b2ccd,2025-10-17
2025-10-17,2025-10-17 18:58:25.232181,AAPL,252.29,2025-10-24,6,160.0,CALL,94.2,91.8,93.15,1,0,1.3809,0.9962,0.0003,-0.0622,0.0037,0.0261,1.5768,92.29,1.91,c26a1f4c9733,2025-10-17
2025-10-17,2025-10-17 18:58:25.232662,AAPL,252.29,2025-10-24,6,165.0,CALL,84.52,86.9,88.2,1,5,1.3613,0.9942,0.0004,-0.0806,0.0053,0.0268,1.529,87.29,0.0,8d52b2e583ee,2025-10-17
2025-10-17,2025-10-17 18:58:25.233140,AAPL,252.29,2025-10-24,6,170.0,CALL,78.45,81.85,83.15,2,8,1.2373,0.995,0.0004,-0.0694,0.0047,0.0277,1.4841,82.29,0.0,730123e96ddc,2025-10-17
2025-10-17,2025-10-17 18:58:25.233615,AAPL,252.29,2025-10-24,6,175.0,CALL,75.73,76.9,78.1,2,3,1.1563,0.9946,0.0004,-0.07,0.005,0.0285,1.4417,77.29,0.0,0c9ff3b8fef2,2025-10-17
2025-10-17,2025-10-17 18:58:25.234090,AAPL,252.29,2025-10-24,6,180.0,CALL,69.85,71.8,73.15,1,26,1.0586,0.9948,0.0004,-0.0649,0.0049,0.0293,1.4016,72.29,0.0,872fab6ddc1d,2025-10-17
2025-10-17,2025-10-17 18:58:25.234563,AAPL,252.29,2025-10-24,6,185.0,CALL,62.0,66.8,68.2,1,8,1.0,0.9936,0.0006,-0.0711,0.0058,0.0301,1.3637,67.29,0.0,98a6d64adc8b,2025-10-17
2025-10-17,2025-10-17 18:58:25.235016,AAPL,252.29,2025-10-24,6,190.0,CALL,59.65,61.8,63.2,1,28,0.9248,0.993,0.0007,-0.0718,0.0063,0.0309,1.3278,62.29,0.0,f7b3a3297c10,2025-10-17
2025-10-17,2025-10-17 18:58:25.235408,AAPL,252.29,2025-10-24,6,195.0,CALL,54.05,56.85,58.2,7,107,0.8652,0.9914,0.0008,-0.078,0.0075,0.0317,1.2938,57.29,0.0,0734b2cb4d88,2025-10-17
2025-10-17,2025-10-17 18:58:25.235804,AAPL,252.29,2025-10-24,6,200.0,CALL,52.74,51.8,53.1,78,89,0.7461,0.9935,0.0008,-0.0612,0.0059,0.0326,1.2614,52.29,0.45,19cb52d585f9,2025-10-17
2025-10-17,2025-10-17 18:58:25.236213,AAPL,252.29,2025-10-24,6,205.0,CALL,45.8,46.85,48.25,6,30,0.7314,0.9883,0.0013,-0.0849,0.0099,0.0332,1.2307,47.29,0.0,c2c79a4bb2aa,2025-10-17
2025-10-17,2025-10-17 18:58:25.236616,AAPL,252.29,2025-10-24,6,210.0,CALL,42.87,41.95,43.1,276,191,0.6475,0.9881,0.0015,-0.0796,0.01,0.034,1.2014,42.29,0.58,ef2721139dcd,2025-10-17
2025-10-17,2025-10-17 18:58:25.237017,AAPL,252.29,2025-10-24,6,215.0,CALL,37.7,37.0,38.2,53,232,0.6055,0.9825,0.0022,-0.0964,0.014,0.0346,1.1734,37.29,0.41,cf441275e767,2025-10-17
2025-10-17,2025-10-17 18:58:25.237409,AAPL,252.29,2025-10-24,6,220.0,CALL,32.61,32.05,33.1,2820,1031,0.5239,0.9814,0.0027,-0.0908,0.0147,0.0353,1.1468,32.29,0.32,361b0e374e10,2025-10-17
2025-10-17,2025-10-17 18:58:25.237803,AAPL,252.29,2025-10-24,6,225.0,CALL,28.5,26.9,28.25,558,637,0.5957,0.939,0.0063,-0.2194,0.039,0.0343,1.1213,27.29,1.21,f3a8c278f3ed,2025-10-17
2025-10-17,2025-10-17 18:58:25.238200,AAPL,252.29,2025-10-24,6,230.0,CALL,22.57,22.05,23.3,1752,1462,0.5161,0.9254,0.0084,-0.2221,0.0456,0.0346,1.0969,22.29,0.28,244260f6ad38,2025-10-17
2025-10-17,2025-10-17 18:58:25.238591,AAPL,252.29,2025-10-24,6,235.0,CALL,17.68,17.1,17.95,630,2161,0.3774,0.934,0.0105,-0.1573,0.0415,0.0358,1.0736,17.29,0.39,c912af5a2903,2025-10-17
2025-10-17,2025-10-17 18:58:25.239002,AAPL,252.29,2025-10-24,6,237.5,CALL,15.4,15.0,15.75,262,197,0.3757,0.9021,0.0142,-0.2012,0.0559,0.0349,1.0623,14.79,0.61,dfdd8c2e0314,2025-10-17
2025-10-17,2025-10-17 18:58:25.239397,AAPL,252.29,2025-10-24,6,240.0,CALL,13.09,12.75,13.15,605,2945,0.3181,0.8967,0.0175,-0.1804,0.0581,0.0351,1.0512,12.29,0.8,fe37fce7e397,2025-10-17
2025-10-17,2025-10-17 18:58:25.239784,AAPL,252.29,2025-10-24,6,242.5,CALL,10.82,10.6,10.9,521,522,0.2988,0.858,0.0232,-0.2064,0.0727,0.0338,1.0404,9.79,1.03,4945171a3781,2025-10-17
2025-10-17,2025-10-17 18:58:25.240179,AAPL,252.29,2025-10-24,6,245.0,CALL,8.61,8.35,8.8,1984,3492,0.2848,0.8,0.0304,-0.2388,0.0906,0.0318,1.0298,7.29,1.32,41e3b7289c29,2025-10-17
2025-10-17,2025-10-17 18:58:25.240564,AAPL,252.29,2025-10-24,6,247.5,CALL,6.7,6.35,6.7,4247,3238,0.2601,0.7303,0.0393,-0.2537,0.1069,0.0292,1.0194,4.79,1.91,2429eea2315a,2025-10-17
2025-10-17,2025-10-17 18:58:25.240962,AAPL,252.29,2025-10-24,6,250.0,CALL,4.9,4.75,4.95,22058,11554,0.2489,0.6274,0.047,-0.2729,0.1224,0.0253,1.0092,2.29,2.61,1ee5a059f4c3,2025-10-17
2025-10-17,2025-10-17 18:58:25.241367,AAPL,252.29,2025-10-24,6,252.5,CALL,3.39,3.35,3.5,22226,7029,0.2417,0.505,0.051,-0.2752,0.129,0.0204,0.9992,0.0,3.39,f8649ab02be2,2025-10-17
2025-10-17,2025-10-17 18:58:25.241721,AAPL,252.29,2025-10-24,6,255.0,CALL,2.28,2.25,2.3,39971,30105,0.2329,0.3752,0.0503,-0.2496,0.1227,0.0152,0.9894,0.0,2.28,5fa75cc92cd5,2025-10-17
2025-10-17,2025-10-17 18:58:25.242056,AAPL,252.29,2025-10-24,6,257.5,CALL,1.45,1.38,1.45,18519,8437,0.229,0.2558,0.0434,-0.2064,0.104,0.0104,0.9798,0.0,1.45,c89185dabd81,2025-10-17
2025-10-17,2025-10-17 18:58:25.242402,AAPL,252.29,2025-10-24,6,260.0,CALL,0.88,0.85,0.89,32837,26812,0.2288,0.162,0.0331,-0.1562,0.0793,0.0066,0.9703,0.0,0.88,7813c2457095,2025-10-17
2025-10-17,2025-10-17 18:58:25.242737,AAPL,252.29,2025-10-24,6,262.5,CALL,0.52,0.5,0.53,10456,9482,0.2302,0.0961,0.0229,-0.1087,0.0551,0.0039,0.9611,0.0,0.52,030655dbd716,2025-10-17
2025-10-17,2025-10-17 18:58:25.243074,AAPL,252.29,2025-10-24,6,265.0,CALL,0.29,0.28,0.3,10115,10000,0.2312,0.0528,0.0144,-0.0687,0.0348,0.0022,0.952,0.0,0.29,019b7f322d53,2025-10-17
2025-10-17,2025-10-17 18:58:25.243412,AAPL,252.29,2025-10-24,6,267.5,CALL,0.18,0.16,0.19,2269,2994,0.2398,0.0311,0.009,-0.0463,0.0227,0.0013,0.9431,0.0,0.18,cc3ba785c2f9,2025-10-17
2025-10-17,2025-10-17 18:58:25.243751,AAPL,252.29,2025-10-24,6,270.0,CALL,0.1,0.1,0.11,9941,14577,0.2441,0.0167,0.0052,-0.0278,0.0134,0.0007,0.9344,0.0,0.1,3169d5e6ae6a,2025-10-17
2025-10-17,2025-10-17 18:58:25.244086,AAPL,252.29,2025-10-24,6,272.5,CALL,0.07,0.06,0.07,1268,1626,0.252,0.0095,0.0031,-0.0176,0.0082,0.0004,0.9258,0.0,0.07,3752d73a07e1,2025-10-17
2025-10-17,2025-10-17 18:58:25.244424,AAPL,252.29,2025-10-24,6,275.0,CALL,0.05,0.03,0.05,2129,6650,0.2637,0.006,0.002,-0.0123,0.0055,0.0002,0.9174,0.0,0.05,a4195a9c85f8,2025-10-17
2025-10-17,2025-10-17 18:58:25.244760,AAPL,252.29,2025-10-24,6,277.5,CALL,0.03,0.03,0.04,312,311,0.2793,0.0044,0.0014,-0.0098,0.0042,0.0002,0.9092,0.0,0.03,40595eb1cd9e,2025-10-17
2025-10-17,2025-10-17 18:58:25.245097,AAPL,252.29,2025-10-24,6,280.0,CALL,0.02,0.02,0.03,410,3874,0.291,0.0029,0.001,-0.0071,0.0029,0.0001,0.901,0.0,0.02,034600a76222,2025-10-17
2025-10-17,2025-10-17 18:58:25.245437,AAPL,252.29,2025-10-24,6,282.5,CALL,0.02,0.0,0.04,14,650,0.3242,0.0037,0.001,-0.0097,0.0035,0.0001,0.8931,0.0,0.02,ca9818ff57c9,2025-10-17
2025-10-17,2025-10-17 18:58:25.245781,AAPL,252.29,2025-10-24,6,285.0,CALL,0.01,0.01,0.02,63,5956,0.3203,0.0017,0.0005,-0.0048,0.0018,0.0001,0.8852,0.0,0.01,a7f07b0283fc,2025-10-17
2025-10-17,2025-10-17 18:58:25.246115,AAPL,252.29,2025-10-24,6,290.0,CALL,0.02,0.01,0.02,391,4898,0.3594,0.0014,0.0004,-0.0045,0.0015,0.0001,0.87,0.0,0.02,0e4fa1888986,2025-10-17
2025-10-17,2025-10-17 18:58:25.246452,AAPL,252.29,2025-10-24,6,295.0,CALL,0.01,0.0,0.01,186,450,0.375,0.0007,0.0002,-0.0023,0.0007,0.0,0.8552,0.0,0.01,1715d2221a8d,2025-10-17
2025-10-17,2025-10-17 18:58:25.246784,AAPL,252.29,2025-10-24,6,300.0,CALL,0.01,0.0,0.01,156,1940,0.4063,0.0005,0.0001,-0.002,0.0006,0.0,0.841,0.0,0.01,333d28682750,2025-10-17
2025-10-17,2025-10-17 18:58:25.247124,AAPL,252.29,2025-10-24,6,305.0,CALL,0.01,0.0,0.01,111,302,0.4453,0.0005,0.0001,-0.0022,0.0006,0.0,0.8272,0.0,0.01,790b157f477a,2025-10-17
2025-10-17,2025-10-17 18:58:25.247455,AAPL,252.29,2025-10-24,6,310.0,CALL,0.01,0.0,0.01,1,145,0.4766,0.0004,0.0001,-0.002,0.0005,0.0,0.8138,0.0,0.01,abd759ac466e,2025-10-17
2025-10-17,2025-10-17 18:58:25.247787,AAPL,252.29,2025-10-24,6,315.0,CALL,0.01,0.0,0.21,2,123,0.6563,0.0048,0.0007,-0.025,0.0045,0.0002,0.8009,0.0,0.01,d76b5fd15c91,2025-10-17
2025-10-17,2025-10-17 18:58:25.248112,AAPL,252.29,2025-10-24,6,320.0,CALL,0.01,0.0,0.01,5,100,0.5156,0.0002,0.0,-0.001,0.0002,0.0,0.7884,0.0,0.01,a2ab28fd8105,2025-10-17
2025-10-17,2025-10-17 18:58:25.248406,AAPL,252.29,2025-10-24,6,325.0,CALL,0.01,0.0,0.01,2,120,0.5469,0.0002,0.0,-0.001,0.0002,0.0,0.7763,0.0,0.01,c599b9eb2c68,2025-10-17
2025-10-17,2025-10-17 18:58:25.248704,AAPL,252.29,2025-10-24,6,330.0,CALL,0.01,0.0,0.01,3,2,0.5625,0.0001,0.0,-0.0007,0.0001,0.0,0.7645,0.0,0.01,066dbe6f71a8,2025-10-17
2025-10-17,2025-10-17 18:58:25.249194,AAPL,252.29,2025-10-24,6,110.0,PUT,0.01,0.0,0.21,3,53,2.2305,-0.0012,0.0001,-0.023,0.0012,-0.0001,2.2935,0.0,0.01,3173f95748ab,2025-10-17
2025-10-17,2025-10-17 18:58:25.249504,AAPL,252.29,2025-10-24,6,130.0,PUT,0.01,0.0,0.01,50,53,1.375,-0.0001,0.0,-0.0009,0.0001,-0.0,1.9407,0.0,0.01,97ea67bc0d3c,2025-10-17
2025-10-17,2025-10-17 18:58:25.249812,AAPL,252.29,2025-10-24,6,135.0,PUT,0.02,0.0,0.36,100,103,1.832,-0.0027,0.0001,-0.0409,0.0027,-0.0001,1.8688,0.0,0.02,1a221a66ea2c,2025-10-17
2025-10-17,2025-10-17 18:58:25.250112,AAPL,252.29,2025-10-24,6,140.0,PUT,0.01,0.0,0.09,5,426,1.4766,-0.0007,0.0,-0.0092,0.0007,-0.0,1.8021,0.0,0.01,f2dd10243c85,2025-10-17
2025-10-17,2025-10-17 18:58:25.250414,AAPL,252.29,2025-10-24,6,145.0,PUT,0.01,0.0,0.09,10,56,1.3984,-0.0007,0.0001,-0.0095,0.0008,-0.0,1.7399,0.0,0.01,21f33c193d8f,2025-10-17
2025-10-17,2025-10-17 18:58:25.250718,AAPL,252.29,2025-10-24,6,150.0,PUT,0.01,0.0,0.01,30,208,1.0938,-0.0001,0.0,-0.0009,0.0001,-0.0,1.6819,0.0,0.01,92e6ce989632,2025-10-17
2025-10-17,2025-10-17 18:58:25.251016,AAPL,252.29,2025-10-24,6,155.0,PUT,0.05,0.0,0.01,3,6,1.0313,-0.0001,0.0,-0.001,0.0001,-0.0,1.6277,0.0,0.05,54c6806bedf0,2025-10-17
2025-10-17,2025-10-17 18:58:25.251317,AAPL,252.29,2025-10-24,6,160.0,PUT,0.01,0.0,0.01,119,62,0.9688,-0.0001,0.0,-0.001,0.0001,-0.0,1.5768,0.0,0.01,6e91939b6b23,2025-10-17
2025-10-17,2025-10-17 18:58:25.251619,AAPL,252.29,2025-10-24,6,165.0,PUT,0.01,0.0,0.01,497,164,0.9063,-0.0001,0.0,-0.001,0.0001,-0.0,1.529,0.0,0.01,4f141002f091,2025-10-17
2025-10-17,2025-10-17 18:58:25.251918,AAPL,252.29,2025-10-24,6,170.0,PUT,0.01,0.0,0.22,61,281,1.1348,-0.0026,0.0002,-0.0247,0.0026,-0.0001,1.4841,0.0,0.01,faab7522d35c,2025-10-17
2025-10-17,2025-10-17 18:58:25.252230,AAPL,252.29,2025-10-24,6,175.0,PUT,0.01,0.01,0.1,60,250,0.9766,-0.0014,0.0001,-0.012,0.0015,-0.0001,1.4417,0.0,0.01,23099a97bbee,2025-10-17
2025-10-17,2025-10-17 18:58:25.252526,AAPL,252.29,2025-10-24,6,180.0,PUT,0.01,0.0,0.22,203,83,0.9863,-0.0031,0.0003,-0.0248,0.003,-0.0001,1.4016,0.0,0.01,be3fa1f57707,2025-10-17
2025-10-17,2025-10-17 18:58:25.252826,AAPL,252.29,2025-10-24,6,185.0,PUT,0.02,0.01,0.23,335,582,0.9258,-0.0037,0.0004,-0.0274,0.0036,-0.0002,1.3637,0.0,0.02,8550fecacd53,2025-10-17
2025-10-17,2025-10-17 18:58:25.253123,AAPL,252.29,2025-10-24,6,190.0,PUT,0.02,0.0,0.03,121,312,0.6797,-0.0005,0.0001,-0.0031,0.0005,-0.0,1.3278,0.0,0.02,53086fbe9307,2025-10-17
2025-10-17,2025-10-17 18:58:25.253418,AAPL,252.29,2025-10-24,6,195.0,PUT,0.03,0.0,0.04,194,2048,0.6367,-0.0007,0.0001,-0.004,0.0008,-0.0,1.2938,0.0,0.03,9f32268803b5,2025-10-17
2025-10-17,2025-10-17 18:58:25.253718,AAPL,252.29,2025-10-24,6,200.0,PUT,0.04,0.02,0.04,209,4308,0.6055,-0.0012,0.0002,-0.0064,0.0013,-0.0001,1.2614,0.0,0.04,c3bde6453c53,2025-10-17
2025-10-17,2025-10-17 18:58:25.254014,AAPL,252.29,2025-10-24,6,205.0,PUT,0.04,0.02,0.04,133,2857,0.5469,-0.0013,0.0002,-0.0064,0.0014,-0.0001,1.2307,0.0,0.04,20ca5037f555,2025-10-17
2025-10-17,2025-10-17 18:58:25.254313,AAPL,252.29,2025-10-24,6,210.0,PUT,0.04,0.02,0.05,496,1031,0.5195,-0.0026,0.0005,-0.011,0.0026,-0.0001,1.2014,0.0,0.04,a1bb20002194,2025-10-17
2025-10-17,2025-10-17 18:58:25.254596,AAPL,252.29,2025-10-24,6,215.0,PUT,0.05,0.04,0.06,280,818,0.4707,-0.0035,0.0007,-0.0134,0.0034,-0.0001,1.1734,0.0,0.05,5ce8e9a725be,2025-10-17
2025-10-17,2025-10-17 18:58:25.254869,AAPL,252.29,2025-10-24,6,220.0,PUT,0.06,0.05,0.07,787,4243,0.4199,-0.0049,0.001,-0.0159,0.0046,-0.0002,1.1468,0.0,0.06,c0029aeeb61d,2025-10-17
2025-10-17,2025-10-17 18:58:25.255146,AAPL,252.29,2025-10-24,6,225.0,PUT,0.07,0.06,0.08,617,2937,0.3652,-0.0065,0.0015,-0.0178,0.0059,-0.0003,1.1213,0.0,0.07,22665cbdf4fe,2025-10-17
2025-10-17,2025-10-17 18:58:25.255420,AAPL,252.29,2025-10-24,6,230.0,PUT,0.11,0.11,0.14,1629,4647,0.333,-0.0137,0.0033,-0.0311,0.0113,-0.0006,1.0969,0.0,0.11,919c50f613d3,2025-10-17
2025-10-17,2025-10-17 18:58:25.255700,AAPL,252.29,2025-10-24,6,235.0,PUT,0.2,0.2,0.22,3459,6549,0.2915,-0.0263,0.0065,-0.0471,0.0197,-0.0011,1.0736,0.0,0.2,43374ce9e89b,2025-10-17
2025-10-17,2025-10-17 18:58:25.255972,AAPL,252.29,2025-10-24,6,237.5,PUT,0.31,0.28,0.32,4834,2093,0.2783,-0.0417,0.0099,-0.0655,0.0288,-0.0018,1.0623,0.0,0.31,ae091b2439ed,2025-10-17
2025-10-17,2025-10-17 18:58:25.256250,AAPL,252.29,2025-10-24,6,240.0,PUT,0.46,0.45,0.48,7709,8182,0.2673,-0.0674,0.0151,-0.0918,0.0422,-0.0028,1.0512,0.0,0.46,bc3cefb7d87a,2025-10-17
2025-10-17,2025-10-17 18:58:25.256526,AAPL,252.29,2025-10-24,6,242.5,PUT,0.72,0.7,0.73,4593,3236,0.2576,-0.108,0.0223,-0.1254,0.06,-0.0046,1.0404,0.0,0.72,15476a39c0a6,2025-10-17
2025-10-17,2025-10-17 18:58:25.256804,AAPL,252.29,2025-10-24,6,245.0,PUT,1.08,1.06,1.1,12896,8362,0.2481,-0.1683,0.0313,-0.1628,0.0813,-0.0071,1.0298,0.0,1.08,715360bbc2cf,2025-10-17
2025-10-17,2025-10-17 18:58:25.257087,AAPL,252.29,2025-10-24,6,247.5,PUT,1.61,1.59,1.65,9770,2203,0.24,-0.2539,0.0413,-0.1992,0.1036,-0.0107,1.0194,0.0,1.61,fdded67ecd1b,2025-10-17
2025-10-17,2025-10-17 18:58:25.257362,AAPL,252.29,2025-10-24,6,250.0,PUT,2.33,2.35,2.45,8664,3463,0.2344,-0.3658,0.0496,-0.226,0.1217,-0.0155,1.0092,0.0,2.33,bced12e63578,2025-10-17
2025-10-17,2025-10-17 18:58:25.257636,AAPL,252.29,2025-10-24,6,252.5,PUT,3.43,3.35,3.45,3723,691,0.2244,-0.4955,0.055,-0.2255,0.129,-0.021,0.9992,0.21,3.22,ffe9b5e4bc6f,2025-10-17
2025-10-17,2025-10-17 18:58:25.257913,AAPL,252.29,2025-10-24,6,255.0,PUT,4.75,4.5,4.85,2272,3491,0.2217,-0.6314,0.0526,-0.2052,0.122,-0.0269,0.9894,2.71,2.04,5c6df98ca666,2025-10-17
2025-10-17,2025-10-17 18:58:25.258187,AAPL,252.29,2025-10-24,6,257.5,PUT,6.33,6.35,6.65,1840,881,0.2282,-0.745,0.0435,-0.1736,0.1039,-0.0319,0.9798,5.21,1.12,9a9308c135a5,2025-10-17
2025-10-17,2025-10-17 18:58:25.258462,AAPL,252.29,2025-10-24,6,260.0,PUT,8.26,8.25,8.5,2771,1699,0.219,-0.8489,0.0331,-0.1109,0.0758,-0.0365,0.9703,7.71,0.55,b6984bf8cbd4,2025-10-17
2025-10-17,2025-10-17 18:58:25.258740,AAPL,252.29,2025-10-24,6,262.5,PUT,10.55,10.35,10.8,61,718,0.238,-0.8962,0.0234,-0.0865,0.0583,-0.0389,0.9611,10.21,0.34,d382c0f2912c,2025-10-17
2025-10-17,2025-10-17 18:58:25.259015,AAPL,252.29,2025-10-24,6,265.0,PUT,12.7,12.2,13.5,70,18,0.3015,-0.8912,0.0191,-0.1223,0.0603,-0.0391,0.952,12.71,0.0,ec6e5fafb5d9,2025-10-17
2025-10-17,2025-10-17 18:58:25.259294,AAPL,252.29,2025-10-24,6,267.5,PUT,15.25,14.7,15.55,1,2,0.272,-0.9495,0.0118,-0.0448,0.0336,-0.0419,0.9431,15.21,0.04,f66e348b6184,2025-10-17
2025-10-17,2025-10-17 18:58:25.259570,AAPL,252.29,2025-10-24,6,270.0,PUT,17.42,16.9,18.5,77,77,0.377,-0.9138,0.0129,-0.1292,0.0509,-0.0409,0.9344,17.71,0.0,0ff6829375cb,2025-10-17
2025-10-17,2025-10-17 18:58:25.259848,AAPL,252.29,2025-10-24,6,272.5,PUT,23.5,19.7,20.5,5,0,0.3247,-0.965,0.0074,-0.0351,0.025,-0.0433,0.9258,20.21,3.29,c896474a0c98,2025-10-17
2025-10-17,2025-10-17 18:58:25.260123,AAPL,252.29,2025-10-24,6,275.0,PUT,26.35,22.2,23.1,29,0,0.3774,-0.9592,0.0072,-0.0564,0.0283,-0.0435,0.9174,22.71,3.64,2e28c6f0a3eb,2025-10-17
2025-10-17,2025-10-17 18:58:25.260397,AAPL,252.29,2025-10-24,6,277.5,PUT,23.65,24.7,25.65,0,0,0.4185,-0.9586,0.0065,-0.067,0.0287,-0.0439,0.9092,25.21,0.0,9db31a954350,2025-10-17
2025-10-17,2025-10-17 18:58:25.260677,AAPL,252.29,2025-10-24,6,280.0,PUT,34.1,27.15,28.15,40,0,0.4487,-0.9616,0.0057,-0.0675,0.027,-0.0444,0.901,27.71,6.39,a3dda84ab89d,2025-10-17
2025-10-17,2025-10-17 18:58:25.260950,AAPL,252.29,2025-10-24,6,285.0,PUT,28.77,32.2,33.15,1,0,0.5068,-0.9665,0.0045,-0.0676,0.0241,-0.0455,0.8852,32.71,0.0,37018d675e4b,2025-10-17
2025-10-17,2025-10-17 18:58:25.261208,AAPL,252.29,2025-10-24,6,290.0,PUT,51.75,44.05,45.55,0,0,1.2972,-0.7734,0.0072,-1.0238,0.0974,-0.0391,0.87,37.71,14.04,9049c3cfdadd,2025-10-17
2025-10-17,2025-10-17 18:58:25.261468,AAPL,252.29,2025-10-24,6,295.0,PUT,38.47,42.15,43.1,1,0,0.6025,-0.9759,0.0029,-0.0563,0.0183,-0.0475,0.8552,42.71,0.0,44a68d5b0b5d,2025-10-17
2025-10-17,2025-10-17 18:58:25.261724,AAPL,252.29,2025-10-24,6,300.0,PUT,44.2,47.15,48.1,0,0,0.6538,-0.9781,0.0025,-0.0559,0.0169,-0.0484,0.841,47.71,0.0,562da2a0d9c2,2025-10-17
2025-10-17,2025-10-17 18:58:25.261982,AAPL,252.29,2025-10-24,6,315.0,PUT,56.77,62.2,63.1,0,0,0.7988,-0.9825,0.0017,-0.0546,0.014,-0.051,0.8009,62.71,0.0,1aa403592024,2025-10-17
2025-10-17,2025-10-17 18:58:25.262237,AAPL,252.29,2025-10-24,6,325.0,PUT,97.87,78.8,80.65,0,0,1.8068,-0.835,0.0042,-1.1734,0.0803,-0.0473,0.7763,72.71,25.16,ffb986d54ca9,2025-10-17
2025-10-17,2025-10-17 18:58:25.432403,AAPL,252.29,2025-10-31,13,140.0,CALL,107.52,111.65,113.5,1,2,1.3496,0.9928,0.0003,-0.0665,0.0095,0.0491,1.8021,112.29,0.0,0eedb748393e,2025-10-17
2025-10-17,2025-10-17 18:58:25.432690,AAPL,252.29,2025-10-31,13,155.0,CALL,99.15,96.7,98.55,1,1,1.166,0.9901,0.0005,-0.075,0.0126,0.0542,1.6277,97.29,1.86,39de5156819b,2025-10-17
2025-10-17,2025-10-17 18:58:25.432963,AAPL,252.29,2025-10-31,13,170.0,CALL,81.45,81.75,83.6,6,7,0.9902,0.9866,0.0007,-0.0828,0.0164,0.0592,1.4841,82.29,0.0,044383ba6fab,2025-10-17
2025-10-17,2025-10-17 18:58:25.433232,AAPL,252.29,2025-10-31,13,180.0,CALL,67.23,71.8,73.65,10,21,0.8828,0.983,0.001,-0.0899,0.0201,0.0624,1.4016,72.29,0.0,9934d87c92ff,2025-10-17
2025-10-17,2025-10-17 18:58:25.439138,AAPL,252.29,2025-10-31,13,185.0,CALL,64.5,66.85,68.65,1,5,0.8286,0.9809,0.0012,-0.0929,0.0222,0.064,1.3637,67.29,0.0,d919930ef5a8,2025-10-17
2025-10-17,2025-10-17 18:58:25.442126,AAPL,252.29,2025-10-31,13,190.0,CALL,62.71,61.45,63.95,3,7,0.7524,0.9812,0.0013,-0.0861,0.0219,0.0658,1.3278,62.29,0.42,b00c86232e50,2025-10-17
2025-10-17,2025-10-17 18:58:25.443851,AAPL,252.29,2025-10-31,13,195.0,CALL,58.32,56.3,59.05,7,151,0.6856,0.9807,0.0014,-0.0824,0.0224,0.0675,1.2938,57.29,1.03,5faaf812d788,2025-10-17
2025-10-17,2025-10-17 18:58:25.445191,AAPL,252.29,2025-10-31,13,200.0,CALL,53.7,51.85,53.7,4,120,0.6553,0.9746,0.0019,-0.0949,0.0282,0.0687,1.2614,52.29,1.41,866692e3ba64,2025-10-17
2025-10-17,2025-10-17 18:58:25.445587,AAPL,252.29,2025-10-31,13,205.0,CALL,44.83,46.9,48.65,4,55,0.5972,0.9721,0.0023,-0.0944,0.0305,0.0703,1.2307,47.29,0.0,ac35395808a6,2025-10-17
2025-10-17,2025-10-17 18:58:25.448251,AAPL,252.29,2025-10-31,13,210.0,CALL,42.65,41.55,43.45,13,104,0.6543,0.9407,0.0038,-0.1654,0.0562,0.069,1.2014,42.29,0.36,f53dac5fee6e,2025-10-17
2025-10-17,2025-10-17 18:58:25.448558,AAPL,252.29,2025-10-31,13,215.0,CALL,38.6,37.1,38.75,74,93,0.5103,0.9578,0.0037,-0.1092,0.0429,0.0725,1.1734,37.29,1.31,935cbfd8d84e,2025-10-17
2025-10-17,2025-10-17 18:58:25.448845,AAPL,252.29,2025-10-31,13,220.0,CALL,32.84,32.4,33.5,94,192,0.5293,0.9246,0.0056,-0.1623,0.0676,0.0711,1.1468,32.29,0.55,17dc419006aa,2025-10-17
2025-10-17,2025-10-17 18:58:25.449138,AAPL,252.29,2025-10-31,13,225.0,CALL,28.35,27.5,28.65,30,2248,0.4795,0.9079,0.0072,-0.1697,0.0786,0.0714,1.1213,27.29,1.06,ad1bda600b15,2025-10-17
2025-10-17,2025-10-17 18:58:25.449425,AAPL,252.29,2025-10-31,13,230.0,CALL,24.6,23.35,23.75,69,835,0.4214,0.8893,0.0094,-0.1705,0.0899,0.0714,1.0969,22.29,2.31,972e2fd31120,2025-10-17
2025-10-17,2025-10-17 18:58:25.449708,AAPL,252.29,2025-10-31,13,235.0,CALL,19.3,19.0,19.25,188,989,0.3915,0.846,0.0127,-0.194,0.113,0.0692,1.0736,17.29,2.01,3ed35abdd176,2025-10-17
2025-10-17,2025-10-17 18:58:25.449992,AAPL,252.29,2025-10-31,13,240.0,CALL,15.04,14.65,15.15,228,1894,0.3742,0.7779,0.0167,-0.2263,0.1417,0.0645,1.0512,12.29,2.75,4d5d1b4bc65a,2025-10-17
2025-10-17,2025-10-17 18:58:25.450299,AAPL,252.29,2025-10-31,13,245.0,CALL,11.35,11.2,11.45,591,3836,0.3595,0.6878,0.0207,-0.253,0.1685,0.0578,1.0298,7.29,4.06,4384070c8a7e,2025-10-17
2025-10-17,2025-10-17 18:58:25.450604,AAPL,252.29,2025-10-31,13,250.0,CALL,8.2,8.1,8.3,3593,8729,0.3494,0.5775,0.0235,-0.2674,0.1864,0.049,1.0092,2.29,5.91,eac7c1847695,2025-10-17
2025-10-17,2025-10-17 18:58:25.450908,AAPL,252.29,2025-10-31,13,255.0,CALL,5.63,5.5,5.7,2247,6473,0.3399,0.4564,0.0245,-0.2603,0.1888,0.0391,0.9894,0.0,5.63,2524e6f79fde,2025-10-17
2025-10-17,2025-10-17 18:58:25.451213,AAPL,252.29,2025-10-31,13,260.0,CALL,3.65,3.6,3.7,6145,7918,0.3322,0.336,0.0231,-0.2319,0.1737,0.029,0.9703,0.0,3.65,9dbae362c97a,2025-10-17
2025-10-17,2025-10-17 18:58:25.451619,AAPL,252.29,2025-10-31,13,265.0,CALL,2.26,2.24,2.31,2669,6271,0.3289,0.2311,0.0194,-0.1903,0.145,0.02,0.952,0.0,2.26,b764d62b8973,2025-10-17
2025-10-17,2025-10-17 18:58:25.452012,AAPL,252.29,2025-10-31,13,270.0,CALL,1.32,1.31,1.35,3477,9916,0.3247,0.1468,0.0149,-0.1411,0.1094,0.0128,0.9344,0.0,1.32,f04970e9dfe5,2025-10-17
2025-10-17,2025-10-17 18:58:25.452503,AAPL,252.29,2025-10-31,13,275.0,CALL,0.75,0.74,0.77,1144,4523,0.3242,0.0882,0.0104,-0.0977,0.0762,0.0077,0.9174,0.0,0.75,2e2f4fdb44d4,2025-10-17
2025-10-17,2025-10-17 18:58:25.452836,AAPL,252.29,2025-10-31,13,280.0,CALL,0.43,0.41,0.43,954,6462,0.3257,0.0506,0.0067,-0.0637,0.0496,0.0044,0.901,0.0,0.43,605be599101a,2025-10-17
2025-10-17,2025-10-17 18:58:25.453172,AAPL,252.29,2025-10-31,13,285.0,CALL,0.23,0.22,0.24,107,1543,0.3296,0.0285,0.0042,-0.0402,0.0311,0.0025,0.8852,0.0,0.23,9c9cd1368c3b,2025-10-17
2025-10-17,2025-10-17 18:58:25.453521,AAPL,252.29,2025-10-31,13,290.0,CALL,0.14,0.12,0.15,3261,8787,0.3399,0.0172,0.0026,-0.0271,0.0203,0.0015,0.87,0.0,0.14,fafd63941846,2025-10-17
2025-10-17,2025-10-17 18:58:25.453834,AAPL,252.29,2025-10-31,13,295.0,CALL,0.08,0.07,0.09,144,1463,0.3486,0.0102,0.0016,-0.0176,0.0129,0.0009,0.8552,0.0,0.08,b1dd30e1c543,2025-10-17
2025-10-17,2025-10-17 18:58:25.454138,AAPL,252.29,2025-10-31,13,300.0,CALL,0.06,0.05,0.13,728,3250,0.3994,0.0126,0.0017,-0.0242,0.0155,0.0011,0.841,0.0,0.06,4cfac880d59b,2025-10-17
2025-10-17,2025-10-17 18:58:25.454486,AAPL,252.29,2025-10-31,13,305.0,CALL,0.04,0.03,0.05,268,938,0.3818,0.005,0.0008,-0.0103,0.0069,0.0004,0.8272,0.0,0.04,e68e11fbc709,2025-10-17
2025-10-17,2025-10-17 18:58:25.454872,AAPL,252.29,2025-10-31,13,310.0,CALL,0.03,0.01,0.04,15,460,0.4004,0.0038,0.0006,-0.0085,0.0054,0.0003,0.8138,0.0,0.03,36a53eb2127d,2025-10-17
2025-10-17,2025-10-17 18:58:25.455208,AAPL,252.29,2025-10-31,13,315.0,CALL,0.02,0.01,0.23,46,104,0.5356,0.0166,0.0016,-0.041,0.0197,0.0014,0.8009,0.0,0.02,29f3dcdc60ab,2025-10-17
2025-10-17,2025-10-17 18:58:25.455535,AAPL,252.29,2025-10-31,13,320.0,CALL,0.01,0.01,0.22,10,1132,0.5147,0.0086,0.001,-0.0223,0.0111,0.0007,0.7884,0.0,0.01,82e3ff263677,2025-10-17
2025-10-17,2025-10-17 18:58:25.455857,AAPL,252.29,2025-10-31,13,325.0,CALL,0.01,0.0,0.01,2,286,0.4219,0.0009,0.0002,-0.0024,0.0015,0.0001,0.7763,0.0,0.01,c4926da524de,2025-10-17
2025-10-17,2025-10-17 18:58:25.456347,AAPL,252.29,2025-10-31,13,110.0,PUT,0.01,0.0,0.21,10,24,1.6289,-0.0021,0.0001,-0.0199,0.0032,-0.0002,2.2935,0.0,0.01,e322c9fdb527,2025-10-17
2025-10-17,2025-10-17 18:58:25.456665,AAPL,252.29,2025-10-31,13,120.0,PUT,0.05,0.0,0.0,0,0,0.5,-0.0,0.0,-0.0,0.0,-0.0,2.1024,0.0,0.05,c9d00bb0661b,2025-10-17
2025-10-17,2025-10-17 18:58:25.456984,AAPL,252.29,2025-10-31,13,125.0,PUT,0.01,0.0,0.11,1,6,1.3008,-0.0014,0.0001,-0.0108,0.0022,-0.0001,2.0183,0.0,0.01,42ddda388796,2025-10-17
2025-10-17,2025-10-17 18:58:25.457299,AAPL,252.29,2025-10-31,13,130.0,PUT,0.05,0.0,0.22,1,13,1.3301,-0.0028,0.0001,-0.0207,0.0041,-0.0003,1.9407,0.0,0.05,76e7d7085d2d,2025-10-17
2025-10-17,2025-10-17 18:58:25.457617,AAPL,252.29,2025-10-31,13,135.0,PUT,0.02,0.01,0.02,1,3,1.0313,-0.0005,0.0,-0.003,0.0008,-0.0,1.8688,0.0,0.02,b70b737d6051,2025-10-17
2025-10-17,2025-10-17 18:58:25.457933,AAPL,252.29,2025-10-31,13,140.0,PUT,0.01,0.0,0.1,1,23,1.0938,-0.0015,0.0001,-0.0098,0.0023,-0.0001,1.8021,0.0,0.01,8a00c82479d8,2025-10-17
2025-10-17,2025-10-17 18:58:25.458278,AAPL,252.29,2025-10-31,13,145.0,PUT,0.02,0.0,0.1,1,17,1.0313,-0.0016,0.0001,-0.0096,0.0024,-0.0002,1.7399,0.0,0.02,74151d2edcca,2025-10-17
2025-10-17,2025-10-17 18:58:25.458622,AAPL,252.29,2025-10-31,13,150.0,PUT,0.01,0.01,0.23,1,62,1.0742,-0.0037,0.0002,-0.0219,0.0053,-0.0004,1.6819,0.0,0.01,b588c70a0bda,2025-10-17
2025-10-17,2025-10-17 18:58:25.458968,AAPL,252.29,2025-10-31,13,155.0,PUT,0.02,0.0,0.03,10,44,0.8125,-0.0005,0.0001,-0.0029,0.0009,-0.0001,1.6277,0.0,0.02,777a3700ed96,2025-10-17
2025-10-17,2025-10-17 18:58:25.459323,AAPL,252.29,2025-10-31,13,160.0,PUT,0.03,0.01,0.23,1,148,0.9531,-0.0043,0.0003,-0.0217,0.006,-0.0004,1.5768,0.0,0.03,5d693e0fe29f,2025-10-17
2025-10-17,2025-10-17 18:58:25.459674,AAPL,252.29,2025-10-31,13,165.0,PUT,0.03,0.0,0.04,9,20,0.7344,-0.0008,0.0001,-0.0038,0.0014,-0.0001,1.529,0.0,0.03,c0fa510b9018,2025-10-17
2025-10-17,2025-10-17 18:58:25.460025,AAPL,252.29,2025-10-31,13,170.0,PUT,0.05,0.01,0.05,2,57,0.7188,-0.0014,0.0001,-0.006,0.0022,-0.0001,1.4841,0.0,0.05,e24616b20ca7,2025-10-17
2025-10-17,2025-10-17 18:58:25.460371,AAPL,252.29,2025-10-31,13,175.0,PUT,0.05,0.03,0.05,26,80,0.6875,-0.0019,0.0002,-0.0075,0.0029,-0.0002,1.4417,0.0,0.05,ae41d40cb6ce,2025-10-17
2025-10-17,2025-10-17 18:58:25.460713,AAPL,252.29,2025-10-31,13,180.0,PUT,0.05,0.03,0.05,4,101,0.6406,-0.0021,0.0002,-0.0076,0.0031,-0.0002,1.4016,0.0,0.05,4de1ebf52673,2025-10-17
2025-10-17,2025-10-17 18:58:25.461064,AAPL,252.29,2025-10-31,13,185.0,PUT,0.07,0.04,0.07,13,181,0.6133,-0.003,0.0003,-0.0101,0.0043,-0.0003,1.3637,0.0,0.07,85e358b5751a,2025-10-17
2025-10-17,2025-10-17 18:58:25.461406,AAPL,252.29,2025-10-31,13,190.0,PUT,0.08,0.06,0.09,33,215,0.5879,-0.0043,0.0005,-0.0135,0.006,-0.0004,1.3278,0.0,0.08,75d486fba477,2025-10-17
2025-10-17,2025-10-17 18:58:25.461764,AAPL,252.29,2025-10-31,13,195.0,PUT,0.15,0.07,0.1,30,159,0.5479,-0.0053,0.0006,-0.015,0.0072,-0.0005,1.2938,0.0,0.15,0221e5118037,2025-10-17
2025-10-17,2025-10-17 18:58:25.462110,AAPL,252.29,2025-10-31,13,200.0,PUT,0.11,0.09,0.12,39,1158,0.5137,-0.0069,0.0008,-0.0179,0.0092,-0.0006,1.2614,0.0,0.11,28a3a00f4b30,2025-10-17
2025-10-17,2025-10-17 18:58:25.462458,AAPL,252.29,2025-10-31,13,205.0,PUT,0.15,0.13,0.15,19,201,0.4902,-0.0105,0.0012,-0.0247,0.0133,-0.001,1.2307,0.0,0.15,7ba77ea8e320,2025-10-17
2025-10-17,2025-10-17 18:58:25.462801,AAPL,252.29,2025-10-31,13,210.0,PUT,0.18,0.17,0.22,80,682,0.4678,-0.0162,0.0018,-0.0341,0.0192,-0.0015,1.2014,0.0,0.18,94d23a1b36c2,2025-10-17
2025-10-17,2025-10-17 18:58:25.463145,AAPL,252.29,2025-10-31,13,215.0,PUT,0.25,0.23,0.26,33,819,0.4287,-0.0208,0.0025,-0.0387,0.0239,-0.0019,1.1734,0.0,0.25,0047fca2e90f,2025-10-17
2025-10-17,2025-10-17 18:58:25.463491,AAPL,252.29,2025-10-31,13,220.0,PUT,0.35,0.34,0.36,392,2973,0.4004,-0.0306,0.0036,-0.0498,0.033,-0.0028,1.1468,0.0,0.35,2b5fb9b8f668,2025-10-17
2025-10-17,2025-10-17 18:58:25.463835,AAPL,252.29,2025-10-31,13,225.0,PUT,0.56,0.53,0.57,1795,3574,0.3823,-0.05,0.0057,-0.0706,0.0491,-0.0046,1.1213,0.0,0.56,cf4362da4eb5,2025-10-17
2025-10-17,2025-10-17 18:58:25.464181,AAPL,252.29,2025-10-31,13,230.0,PUT,0.87,0.86,0.9,532,3455,0.365,-0.0807,0.0086,-0.0974,0.0712,-0.0075,1.0969,0.0,0.87,2025546ede6e,2025-10-17
2025-10-17,2025-10-17 18:58:25.464520,AAPL,252.29,2025-10-31,13,235.0,PUT,1.46,1.41,1.47,3585,2977,0.3528,-0.1306,0.0126,-0.1329,0.101,-0.0121,1.0736,0.0,1.46,87f41ada9f4b,2025-10-17
2025-10-17,2025-10-17 18:58:25.464867,AAPL,252.29,2025-10-31,13,240.0,PUT,2.3,2.29,2.35,2204,5290,0.3418,-0.2029,0.0174,-0.1702,0.1345,-0.0189,1.0512,0.0,2.3,9474059641b4,2025-10-17
2025-10-17,2025-10-17 18:58:25.465208,AAPL,252.29,2025-10-31,13,245.0,PUT,3.5,3.6,3.7,1673,3355,0.3346,-0.3011,0.0219,-0.2036,0.1658,-0.0282,1.0298,0.0,3.5,5a583e0ec5fd,2025-10-17
2025-10-17,2025-10-17 18:58:25.465549,AAPL,252.29,2025-10-31,13,250.0,PUT,5.4,5.35,5.6,1293,3608,0.3291,-0.4193,0.0249,-0.2218,0.186,-0.0394,1.0092,0.0,5.4,fd0958c242ea,2025-10-17
2025-10-17,2025-10-17 18:58:25.465895,AAPL,252.29,2025-10-31,13,255.0,PUT,7.85,7.7,8.1,161,1655,0.3246,-0.5468,0.0256,-0.2176,0.1886,-0.0518,0.9894,2.71,5.14,78f5fe62b5e8,2025-10-17
2025-10-17,2025-10-17 18:58:25.466237,AAPL,252.29,2025-10-31,13,260.0,PUT,10.85,10.75,11.8,223,2938,0.3529,-0.6534,0.022,-0.2168,0.1757,-0.0627,0.9703,7.71,3.14,712fb1e3ce48,2025-10-17
2025-10-17,2025-10-17 18:58:25.466543,AAPL,252.29,2025-10-31,13,265.0,PUT,14.45,14.4,15.55,40,217,0.3613,-0.7464,0.0186,-0.1868,0.1525,-0.0723,0.952,12.71,1.74,586effe4a395,2025-10-17
2025-10-17,2025-10-17 18:58:25.466852,AAPL,252.29,2025-10-31,13,270.0,PUT,18.6,18.5,19.0,1531,183,0.32,-0.857,0.0148,-0.1034,0.1075,-0.0835,0.9344,17.71,0.89,b06b8157cf1e,2025-10-17
2025-10-17,2025-10-17 18:58:25.467157,AAPL,252.29,2025-10-31,13,275.0,PUT,23.2,22.45,23.8,1,26,0.3572,-0.889,0.0111,-0.0933,0.0901,-0.0881,0.9174,22.71,0.49,2a0b22a182a9,2025-10-17
2025-10-17,2025-10-17 18:58:25.467462,AAPL,252.29,2025-10-31,13,280.0,PUT,32.65,27.3,28.3,3,12,0.3496,-0.936,0.0075,-0.0477,0.0596,-0.094,0.901,27.71,4.94,2acf7e9dbd25,2025-10-17
2025-10-17,2025-10-17 18:58:25.467765,AAPL,252.29,2025-10-31,13,285.0,PUT,29.2,32.05,33.35,2,0,0.4014,-0.9395,0.0063,-0.0549,0.0571,-0.0961,0.8852,32.71,0.0,301764defe2b,2025-10-17
2025-10-17,2025-10-17 18:58:25.468073,AAPL,252.29,2025-10-31,13,290.0,PUT,36.13,37.0,38.35,1,0,0.4443,-0.9452,0.0052,-0.0562,0.0528,-0.0984,0.87,37.71,0.0,9921a4c041ff,2025-10-17
2025-10-17,2025-10-17 18:58:25.468382,AAPL,252.29,2025-10-31,13,295.0,PUT,43.47,42.0,43.35,0,0,0.4858,-0.9497,0.0045,-0.0573,0.0493,-0.1006,0.8552,42.71,0.76,7abb7ee2a6fb,2025-10-17
2025-10-17,2025-10-17 18:58:25.468695,AAPL,252.29,2025-10-31,13,300.0,PUT,50.12,47.0,48.35,1,0,0.5256,-0.9535,0.0039,-0.0581,0.0463,-0.1027,0.841,47.71,2.41,67cb536a21b1,2025-10-17
2025-10-17,2025-10-17 18:58:25.469004,AAPL,252.29,2025-10-31,13,310.0,PUT,56.26,57.0,58.35,0,0,0.6021,-0.9593,0.0031,-0.0595,0.0417,-0.1067,0.8138,57.71,0.0,a601c7873e5b,2025-10-17
2025-10-17,2025-10-17 18:58:25.469311,AAPL,252.29,2025-10-31,13,315.0,PUT,61.11,62.0,63.35,1,0,0.6382,-0.9616,0.0027,-0.0598,0.0397,-0.1087,0.8009,62.71,0.0,690dd7767549,2025-10-17
2025-10-18,2025-10-18 18:36:03.728787,AAPL,252.29,2025-10-24,5,110.0,CALL,138.61,141.85,143.1,5,10,2.5527,0.9983,0.0001,-0.0546,0.0016,0.015,2.2935,142.29,0.0,7eef6a1c85c8,2025-10-18
2025-10-18,2025-10-18 18:36:03.734733,AAPL,252.29,2025-10-24,5,120.0,CALL,128.65,131.75,133.15,25,26,2.2617,0.9984,0.0001,-0.0499,0.0016,0.0164,2.1024,132.29,0.0,cab0f984ef99,2025-10-18
2025-10-18,2025-10-18 18:36:03.735178,AAPL,252.29,2025-10-24,5,125.0,CALL,133.49,126.8,128.1,3,3,2.1484,0.9983,0.0001,-0.0509,0.0017,0.017,2.0183,127.29,6.2,560b6b82aefe,2025-10-18
2025-10-18,2025-10-18 18:36:03.735617,AAPL,252.29,2025-10-24,5,140.0,CALL,116.1,111.75,113.15,1,1,1.8281,0.9979,0.0001,-0.053,0.002,0.0191,1.8021,112.29,3.81,8e168f1810b9,2025-10-18
2025-10-18,2025-10-18 18:36:03.736031,AAPL,252.29,2025-10-24,5,150.0,CALL,102.67,101.9,103.15,10,42,1.7188,0.9964,0.0002,-0.0729,0.0032,0.0204,1.6819,102.29,0.38,e063997b2ccd,2025-10-18
2025-10-18,2025-10-18 18:36:03.736424,AAPL,252.29,2025-10-24,5,160.0,CALL,94.2,91.8,93.15,1,0,1.4766,0.9968,0.0002,-0.062,0.0029,0.0218,1.5768,92.29,1.91,c26a1f4c9733,2025-10-18
2025-10-18,2025-10-18 18:36:03.736773,AAPL,252.29,2025-10-24,5,165.0,CALL,84.52,86.9,88.2,1,5,1.4551,0.9951,0.0003,-0.0813,0.0042,0.0224,1.529,87.29,0.0,8d52b2e583ee,2025-10-18
2025-10-18,2025-10-18 18:36:03.737128,AAPL,252.29,2025-10-24,5,170.0,CALL,78.45,81.85,83.15,2,8,1.3223,0.9958,0.0003,-0.0695,0.0037,0.0231,1.4841,82.29,0.0,730123e96ddc,2025-10-18
2025-10-18,2025-10-18 18:36:03.737475,AAPL,252.29,2025-10-24,5,175.0,CALL,75.73,76.9,78.1,2,3,1.2363,0.9954,0.0004,-0.0704,0.004,0.0238,1.4417,77.29,0.0,0c9ff3b8fef2,2025-10-18
2025-10-18,2025-10-18 18:36:03.737828,AAPL,252.29,2025-10-24,5,180.0,CALL,69.85,71.8,73.15,1,26,1.1309,0.9956,0.0004,-0.0649,0.0038,0.0245,1.4016,72.29,0.0,872fab6ddc1d,2025-10-18
2025-10-18,2025-10-18 18:36:03.738173,AAPL,252.29,2025-10-24,5,185.0,CALL,62.0,66.8,68.2,1,8,1.0693,0.9946,0.0005,-0.0719,0.0046,0.0251,1.3637,67.29,0.0,98a6d64adc8b,2025-10-18
2025-10-18,2025-10-18 18:36:03.738514,AAPL,252.29,2025-10-24,5,190.0,CALL,59.65,61.8,63.2,1,28,0.9883,0.994,0.0006,-0.0725,0.005,0.0258,1.3278,62.29,0.0,f7b3a3297c10,2025-10-18
2025-10-18,2025-10-18 18:36:03.738856,AAPL,252.29,2025-10-24,5,195.0,CALL,54.05,56.85,58.2,7,107,0.9258,0.9926,0.0007,-0.0798,0.006,0.0264,1.2938,57.29,0.0,0734b2cb4d88,2025-10-18
2025-10-18,2025-10-18 18:36:03.739193,AAPL,252.29,2025-10-24,5,200.0,CALL,52.74,51.8,53.1,78,89,0.7979,0.9945,0.0007,-0.0618,0.0047,0.0272,1.2614,52.29,0.45,19cb52d585f9,2025-10-18
2025-10-18,2025-10-18 18:36:03.739532,AAPL,252.29,2025-10-24,5,205.0,CALL,45.8,46.85,48.25,6,30,0.7813,0.9899,0.0012,-0.087,0.0079,0.0277,1.2307,47.29,0.0,c2c79a4bb2aa,2025-10-18
2025-10-18,2025-10-18 18:36:03.739887,AAPL,252.29,2025-10-24,5,210.0,CALL,42.87,41.95,43.1,276,191,0.6924,0.9896,0.0013,-0.0819,0.0081,0.0284,1.2014,42.29,0.58,ef2721139dcd,2025-10-18
2025-10-18,2025-10-18 18:36:03.740225,AAPL,252.29,2025-10-24,5,215.0,CALL,37.7,37.0,38.2,53,232,0.6475,0.9845,0.002,-0.1005,0.0115,0.0289,1.1734,37.29,0.41,cf441275e767,2025-10-18
2025-10-18,2025-10-18 18:36:03.740564,AAPL,252.29,2025-10-24,5,220.0,CALL,32.61,32.05,33.1,2820,1031,0.5606,0.9834,0.0025,-0.095,0.0122,0.0295,1.1468,32.29,0.32,361b0e374e10,2025-10-18
2025-10-18,2025-10-18 18:36:03.740898,AAPL,252.29,2025-10-24,5,225.0,CALL,28.5,26.9,28.25,558,637,0.6367,0.9431,0.0061,-0.2406,0.0337,0.0288,1.1213,27.29,1.21,f3a8c278f3ed,2025-10-18
2025-10-18,2025-10-18 18:36:03.741240,AAPL,252.29,2025-10-24,5,230.0,CALL,22.57,22.05,23.3,1752,1462,0.5518,0.9298,0.0083,-0.2454,0.0397,0.029,1.0969,22.29,0.28,244260f6ad38,2025-10-18
2025-10-18,2025-10-18 18:36:03.741576,AAPL,252.29,2025-10-24,5,235.0,CALL,17.68,17.1,17.95,630,2161,0.4036,0.9382,0.0102,-0.1723,0.036,0.03,1.0736,17.29,0.39,c912af5a2903,2025-10-18
2025-10-18,2025-10-18 18:36:03.741913,AAPL,252.29,2025-10-24,5,237.5,CALL,15.4,15.0,15.75,262,197,0.4016,0.9069,0.014,-0.2238,0.0492,0.0292,1.0623,14.79,0.61,dfdd8c2e0314,2025-10-18
2025-10-18,2025-10-18 18:36:03.742247,AAPL,252.29,2025-10-24,5,240.0,CALL,13.09,12.75,13.15,605,2945,0.3401,0.9015,0.0173,-0.2008,0.0513,0.0294,1.0512,12.29,0.8,fe37fce7e397,2025-10-18
2025-10-18,2025-10-18 18:36:03.742581,AAPL,252.29,2025-10-24,5,242.5,CALL,10.82,10.6,10.9,521,522,0.3193,0.863,0.0233,-0.2323,0.0647,0.0284,1.0404,9.79,1.03,4945171a3781,2025-10-18
2025-10-18,2025-10-18 18:36:03.742916,AAPL,252.29,2025-10-24,5,245.0,CALL,8.61,8.35,8.8,1984,3492,0.3045,0.8045,0.0307,-0.2722,0.0815,0.0267,1.0298,7.29,1.32,41e3b7289c29,2025-10-18
2025-10-18,2025-10-18 18:36:03.743221,AAPL,252.29,2025-10-24,5,247.5,CALL,6.7,6.35,6.7,4247,3238,0.2781,0.7337,0.04,-0.2917,0.097,0.0245,1.0194,4.79,1.91,2429eea2315a,2025-10-18
2025-10-18,2025-10-18 18:36:03.743524,AAPL,252.29,2025-10-24,5,250.0,CALL,4.9,4.75,4.95,22058,11554,0.2661,0.6286,0.0481,-0.3161,0.1116,0.0211,1.0092,2.29,2.61,1ee5a059f4c3,2025-10-18
2025-10-18,2025-10-18 18:36:03.743832,AAPL,252.29,2025-10-24,5,252.5,CALL,3.39,3.35,3.5,22226,7029,0.2584,0.5032,0.0523,-0.3197,0.1178,0.017,0.9992,0.0,3.39,f8649ab02be2,2025-10-18
2025-10-18,2025-10-18 18:36:03.744139,AAPL,252.29,2025-10-24,5,255.0,CALL,2.28,2.25,2.3,39971,30105,0.249,0.3704,0.0514,-0.289,0.1115,0.0125,0.9894,0.0,2.28,5fa75cc92cd5,2025-10-18
2025-10-18,2025-10-18 18:36:03.744443,AAPL,252.29,2025-10-24,5,257.5,CALL,1.45,1.38,1.45,18519,8437,0.2448,0.249,0.0439,-0.2368,0.0936,0.0085,0.9798,0.0,1.45,c89185dabd81,2025-10-18
2025-10-18,2025-10-18 18:36:03.744739,AAPL,252.29,2025-10-24,5,260.0,CALL,0.88,0.85,0.89,32837,26812,0.2446,0.1549,0.033,-0.1768,0.0703,0.0053,0.9703,0.0,0.88,7813c2457095,2025-10-18
2025-10-18,2025-10-18 18:36:03.745041,AAPL,252.29,2025-10-24,5,262.5,CALL,0.52,0.5,0.53,10456,9482,0.2461,0.0899,0.0223,-0.1206,0.0479,0.0031,0.9611,0.0,0.52,030655dbd716,2025-10-18
2025-10-18,2025-10-18 18:36:03.745347,AAPL,252.29,2025-10-24,5,265.0,CALL,0.29,0.28,0.3,10115,10000,0.2471,0.0481,0.0137,-0.0744,0.0295,0.0016,0.952,0.0,0.29,019b7f322d53,2025-10-18
2025-10-18,2025-10-18 18:36:03.745647,AAPL,252.29,2025-10-24,5,267.5,CALL,0.18,0.16,0.19,2269,2994,0.2559,0.0275,0.0084,-0.0486,0.0187,0.0009,0.9431,0.0,0.18,cc3ba785c2f9,2025-10-18
2025-10-18,2025-10-18 18:36:03.745944,AAPL,252.29,2025-10-24,5,270.0,CALL,0.1,0.1,0.11,9941,14577,0.2607,0.0144,0.0047,-0.0285,0.0108,0.0005,0.9344,0.0,0.1,3169d5e6ae6a,2025-10-18
2025-10-18,2025-10-18 18:36:03.746246,AAPL,252.29,2025-10-24,5,272.5,CALL,0.07,0.06,0.07,1268,1626,0.2695,0.008,0.0028,-0.0178,0.0065,0.0003,0.9258,0.0,0.07,3752d73a07e1,2025-10-18
2025-10-18,2025-10-18 18:36:03.746541,AAPL,252.29,2025-10-24,5,275.0,CALL,0.05,0.03,0.05,2129,6650,0.2832,0.0052,0.0018,-0.0126,0.0044,0.0002,0.9174,0.0,0.05,a4195a9c85f8,2025-10-18
2025-10-18,2025-10-18 18:36:03.746841,AAPL,252.29,2025-10-24,5,277.5,CALL,0.03,0.03,0.04,312,311,0.2988,0.0036,0.0012,-0.0096,0.0032,0.0001,0.9092,0.0,0.03,40595eb1cd9e,2025-10-18
2025-10-18,2025-10-18 18:36:03.747137,AAPL,252.29,2025-10-24,5,280.0,CALL,0.02,0.02,0.03,410,3874,0.3125,0.0024,0.0008,-0.0071,0.0022,0.0001,0.901,0.0,0.02,034600a76222,2025-10-18
2025-10-18,2025-10-18 18:36:03.747434,AAPL,252.29,2025-10-24,5,282.5,CALL,0.02,0.0,0.04,14,650,0.3477,0.003,0.0009,-0.0096,0.0027,0.0001,0.8931,0.0,0.02,ca9818ff57c9,2025-10-18
2025-10-18,2025-10-18 18:36:03.747716,AAPL,252.29,2025-10-24,5,285.0,CALL,0.01,0.01,0.02,63,5956,0.3399,0.0012,0.0004,-0.0041,0.0012,0.0,0.8852,0.0,0.01,a7f07b0283fc,2025-10-18
2025-10-18,2025-10-18 18:36:03.747994,AAPL,252.29,2025-10-24,5,290.0,CALL,0.02,0.01,0.02,391,4898,0.3828,0.0011,0.0003,-0.004,0.001,0.0,0.87,0.0,0.02,0e4fa1888986,2025-10-18
2025-10-18,2025-10-18 18:36:03.748267,AAPL,252.29,2025-10-24,5,295.0,CALL,0.01,0.0,0.01,186,450,0.3984,0.0005,0.0001,-0.0019,0.0005,0.0,0.8552,0.0,0.01,1715d2221a8d,2025-10-18
2025-10-18,2025-10-18 18:36:03.748543,AAPL,252.29,2025-10-24,5,300.0,CALL,0.01,0.0,0.01,156,1940,0.4375,0.0004,0.0001,-0.0019,0.0004,0.0,0.841,0.0,0.01,333d28682750,2025-10-18
2025-10-18,2025-10-18 18:36:03.748823,AAPL,252.29,2025-10-24,5,305.0,CALL,0.01,0.0,0.01,111,302,0.4688,0.0003,0.0001,-0.0016,0.0003,0.0,0.8272,0.0,0.01,790b157f477a,2025-10-18
2025-10-18,2025-10-18 18:36:03.749100,AAPL,252.29,2025-10-24,5,310.0,CALL,0.01,0.0,0.01,1,145,0.5078,0.0003,0.0001,-0.0017,0.0003,0.0,0.8138,0.0,0.01,abd759ac466e,2025-10-18
2025-10-18,2025-10-18 18:36:03.749379,AAPL,252.29,2025-10-24,5,315.0,CALL,0.01,0.0,0.21,2,123,0.7012,0.0039,0.0006,-0.0244,0.0035,0.0001,0.8009,0.0,0.01,d76b5fd15c91,2025-10-18
2025-10-18,2025-10-18 18:36:03.749656,AAPL,252.29,2025-10-24,5,320.0,CALL,0.01,0.0,0.01,5,100,0.5469,0.0001,0.0,-0.0008,0.0001,0.0,0.7884,0.0,0.01,a2ab28fd8105,2025-10-18
2025-10-18,2025-10-18 18:36:03.749936,AAPL,252.29,2025-10-24,5,325.0,CALL,0.01,0.0,0.01,2,120,0.5781,0.0001,0.0,-0.0007,0.0001,0.0,0.7763,0.0,0.01,c599b9eb2c68,2025-10-18
2025-10-18,2025-10-18 18:36:03.750215,AAPL,252.29,2025-10-24,5,330.0,CALL,0.01,0.0,0.01,3,2,0.6094,0.0001,0.0,-0.0007,0.0001,0.0,0.7645,0.0,0.01,066dbe6f71a8,2025-10-18
2025-10-18,2025-10-18 18:36:03.750611,AAPL,252.29,2025-10-24,5,110.0,PUT,0.01,0.0,0.21,3,53,2.3867,-0.0009,0.0,-0.022,0.0009,-0.0,2.2935,0.0,0.01,3173f95748ab,2025-10-18
2025-10-18,2025-10-18 18:36:03.750900,AAPL,252.29,2025-10-24,5,130.0,PUT,0.01,0.0,0.01,50,53,1.4375,-0.0,0.0,-0.0005,0.0,-0.0,1.9407,0.0,0.01,97ea67bc0d3c,2025-10-18
2025-10-18,2025-10-18 18:36:03.751187,AAPL,252.29,2025-10-24,5,135.0,PUT,0.02,0.0,0.36,100,103,1.9609,-0.0022,0.0001,-0.0406,0.0021,-0.0001,1.8688,0.0,0.02,1a221a66ea2c,2025-10-18
2025-10-18,2025-10-18 18:36:03.751465,AAPL,252.29,2025-10-24,5,140.0,PUT,0.01,0.0,0.09,5,426,1.5781,-0.0005,0.0,-0.0084,0.0005,-0.0,1.8021,0.0,0.01,f2dd10243c85,2025-10-18
2025-10-18,2025-10-18 18:36:03.751741,AAPL,252.29,2025-10-24,5,145.0,PUT,0.01,0.0,0.09,10,56,1.4922,-0.0006,0.0,-0.0086,0.0006,-0.0,1.7399,0.0,0.01,21f33c193d8f,2025-10-18
2025-10-18,2025-10-18 18:36:03.752022,AAPL,252.29,2025-10-24,5,150.0,PUT,0.01,0.0,0.01,30,208,1.1563,-0.0,0.0,-0.0006,0.0001,-0.0,1.6819,0.0,0.01,92e6ce989632,2025-10-18
2025-10-18,2025-10-18 18:36:03.752298,AAPL,252.29,2025-10-24,5,155.0,PUT,0.05,0.0,0.01,3,6,1.0938,-0.0001,0.0,-0.0007,0.0001,-0.0,1.6277,0.0,0.05,54c6806bedf0,2025-10-18
2025-10-18,2025-10-18 18:36:03.752575,AAPL,252.29,2025-10-24,5,160.0,PUT,0.01,0.0,0.01,119,62,1.0313,-0.0001,0.0,-0.0008,0.0001,-0.0,1.5768,0.0,0.01,6e91939b6b23,2025-10-18
2025-10-18,2025-10-18 18:36:03.752856,AAPL,252.29,2025-10-24,5,165.0,PUT,0.01,0.0,0.01,497,164,0.9688,-0.0001,0.0,-0.0008,0.0001,-0.0,1.529,0.0,0.01,4f141002f091,2025-10-18
2025-10-18,2025-10-18 18:36:03.753133,AAPL,252.29,2025-10-24,5,170.0,PUT,0.01,0.0,0.22,61,281,1.2148,-0.0022,0.0002,-0.0244,0.002,-0.0001,1.4841,0.0,0.01,faab7522d35c,2025-10-18
2025-10-18,2025-10-18 18:36:03.753408,AAPL,252.29,2025-10-24,5,175.0,PUT,0.01,0.01,0.1,60,250,1.043,-0.0011,0.0001,-0.0113,0.0011,-0.0,1.4417,0.0,0.01,23099a97bbee,2025-10-18
2025-10-18,2025-10-18 18:36:03.753689,AAPL,252.29,2025-10-24,5,180.0,PUT,0.01,0.0,0.22,203,83,1.0547,-0.0025,0.0003,-0.0244,0.0023,-0.0001,1.4016,0.0,0.01,be3fa1f57707,2025-10-18
2025-10-18,2025-10-18 18:36:03.753962,AAPL,252.29,2025-10-24,5,185.0,PUT,0.02,0.01,0.23,335,582,0.9883,-0.003,0.0003,-0.0268,0.0027,-0.0001,1.3637,0.0,0.02,8550fecacd53,2025-10-18
2025-10-18,2025-10-18 18:36:03.754221,AAPL,252.29,2025-10-24,5,190.0,PUT,0.02,0.0,0.03,121,312,0.7188,-0.0003,0.0001,-0.0024,0.0003,-0.0,1.3278,0.0,0.02,53086fbe9307,2025-10-18
2025-10-18,2025-10-18 18:36:03.754480,AAPL,252.29,2025-10-24,5,195.0,PUT,0.03,0.0,0.04,194,2048,0.6797,-0.0005,0.0001,-0.0036,0.0005,-0.0,1.2938,0.0,0.03,9f32268803b5,2025-10-18
2025-10-18,2025-10-18 18:36:03.754739,AAPL,252.29,2025-10-24,5,200.0,PUT,0.04,0.02,0.04,209,4308,0.6484,-0.0009,0.0002,-0.0061,0.0009,-0.0,1.2614,0.0,0.04,c3bde6453c53,2025-10-18
2025-10-18,2025-10-18 18:36:03.754996,AAPL,252.29,2025-10-24,5,205.0,PUT,0.04,0.02,0.04,133,2857,0.5859,-0.0011,0.0002,-0.0062,0.0011,-0.0,1.2307,0.0,0.04,20ca5037f555,2025-10-18
2025-10-18,2025-10-18 18:36:03.755254,AAPL,252.29,2025-10-24,5,210.0,PUT,0.04,0.02,0.05,496,1031,0.5313,-0.0014,0.0003,-0.0071,0.0013,-0.0,1.2014,0.0,0.04,a1bb20002194,2025-10-18
2025-10-18,2025-10-18 18:36:03.755515,AAPL,252.29,2025-10-24,5,215.0,PUT,0.05,0.04,0.06,280,818,0.5039,-0.003,0.0006,-0.0134,0.0027,-0.0001,1.1734,0.0,0.05,5ce8e9a725be,2025-10-18
2025-10-18,2025-10-18 18:36:03.755770,AAPL,252.29,2025-10-24,5,220.0,PUT,0.06,0.05,0.07,787,4243,0.4473,-0.004,0.0009,-0.0154,0.0035,-0.0001,1.1468,0.0,0.06,c0029aeeb61d,2025-10-18
2025-10-18,2025-10-18 18:36:03.756028,AAPL,252.29,2025-10-24,5,225.0,PUT,0.07,0.06,0.08,617,2937,0.3906,-0.0055,0.0014,-0.0181,0.0047,-0.0002,1.1213,0.0,0.07,22665cbdf4fe,2025-10-18
2025-10-18,2025-10-18 18:36:03.756289,AAPL,252.29,2025-10-24,5,230.0,PUT,0.11,0.11,0.14,1629,4647,0.3565,-0.0121,0.003,-0.0328,0.0093,-0.0004,1.0969,0.0,0.11,919c50f613d3,2025-10-18
2025-10-18,2025-10-18 18:36:03.756545,AAPL,252.29,2025-10-24,5,235.0,PUT,0.2,0.2,0.22,3459,6549,0.3115,-0.0237,0.0061,-0.0507,0.0165,-0.0008,1.0736,0.0,0.2,43374ce9e89b,2025-10-18
2025-10-18,2025-10-18 18:36:03.756810,AAPL,252.29,2025-10-24,5,237.5,PUT,0.31,0.28,0.32,4834,2093,0.2979,-0.0385,0.0095,-0.0723,0.0247,-0.0014,1.0623,0.0,0.31,ae091b2439ed,2025-10-18
2025-10-18,2025-10-18 18:36:03.757069,AAPL,252.29,2025-10-24,5,240.0,PUT,0.46,0.45,0.48,7709,8182,0.2857,-0.0631,0.0147,-0.1026,0.0366,-0.0022,1.0512,0.0,0.46,bc3cefb7d87a,2025-10-18
2025-10-18,2025-10-18 18:36:03.757327,AAPL,252.29,2025-10-24,5,242.5,PUT,0.72,0.7,0.73,4593,3236,0.2754,-0.1033,0.0221,-0.1428,0.0531,-0.0036,1.0404,0.0,0.72,15476a39c0a6,2025-10-18
2025-10-18,2025-10-18 18:36:03.757591,AAPL,252.29,2025-10-24,5,245.0,PUT,1.08,1.06,1.1,12896,8362,0.2651,-0.1635,0.0315,-0.188,0.0729,-0.0057,1.0298,0.0,1.08,715360bbc2cf,2025-10-18
2025-10-18,2025-10-18 18:36:03.757850,AAPL,252.29,2025-10-24,5,247.5,PUT,1.61,1.59,1.65,9770,2203,0.2566,-0.2502,0.042,-0.233,0.0939,-0.0088,1.0194,0.0,1.61,fdded67ecd1b,2025-10-18
2025-10-18,2025-10-18 18:36:03.758110,AAPL,252.29,2025-10-24,5,250.0,PUT,2.33,2.35,2.45,8664,3463,0.2505,-0.3644,0.0508,-0.2663,0.1109,-0.0129,1.0092,0.0,2.33,bced12e63578,2025-10-18
2025-10-18,2025-10-18 18:36:03.758372,AAPL,252.29,2025-10-24,5,252.5,PUT,3.43,3.35,3.45,3723,691,0.2399,-0.4975,0.0563,-0.2667,0.1178,-0.0176,0.9992,0.21,3.22,ffe9b5e4bc6f,2025-10-18
2025-10-18,2025-10-18 18:36:03.758630,AAPL,252.29,2025-10-24,5,255.0,PUT,4.75,4.5,4.85,2272,3491,0.2369,-0.6365,0.0536,-0.2423,0.1108,-0.0226,0.9894,2.71,2.04,5c6df98ca666,2025-10-18
2025-10-18,2025-10-18 18:36:03.758897,AAPL,252.29,2025-10-24,5,257.5,PUT,6.33,6.35,6.65,1840,881,0.2439,-0.7518,0.044,-0.2039,0.0935,-0.0268,0.9798,5.21,1.12,9a9308c135a5,2025-10-18
2025-10-18,2025-10-18 18:36:03.759156,AAPL,252.29,2025-10-24,5,260.0,PUT,8.26,8.25,8.5,2771,1699,0.234,-0.8561,0.0328,-0.1291,0.067,-0.0307,0.9703,7.71,0.55,b6984bf8cbd4,2025-10-18
2025-10-18,2025-10-18 18:36:03.759418,AAPL,252.29,2025-10-24,5,262.5,PUT,10.55,10.35,10.8,61,718,0.2544,-0.9026,0.0229,-0.0999,0.0508,-0.0326,0.9611,10.21,0.34,d382c0f2912c,2025-10-18
2025-10-18,2025-10-18 18:36:03.759676,AAPL,252.29,2025-10-24,5,265.0,PUT,12.7,12.2,13.5,70,18,0.3223,-0.8976,0.0188,-0.1404,0.0527,-0.0328,0.952,12.71,0.0,ec6e5fafb5d9,2025-10-18
2025-10-18,2025-10-18 18:36:03.759932,AAPL,252.29,2025-10-24,5,267.5,PUT,15.25,14.7,15.55,1,2,0.2908,-0.954,0.0112,-0.0513,0.0285,-0.0351,0.9431,15.21,0.04,f66e348b6184,2025-10-18
2025-10-18,2025-10-18 18:36:03.760192,AAPL,252.29,2025-10-24,5,270.0,PUT,17.42,16.9,18.5,77,77,0.4028,-0.9196,0.0125,-0.1467,0.0441,-0.0342,0.9344,17.71,0.0,0ff6829375cb,2025-10-18
2025-10-18,2025-10-18 18:36:03.760451,AAPL,252.29,2025-10-24,5,272.5,PUT,23.5,19.7,20.5,5,0,0.3472,-0.9686,0.0069,-0.0398,0.0209,-0.0362,0.9258,20.21,3.29,c896474a0c98,2025-10-18
2025-10-18,2025-10-18 18:36:03.760696,AAPL,252.29,2025-10-24,5,275.0,PUT,26.35,22.2,23.1,29,0,0.4033,-0.9632,0.0068,-0.0631,0.0238,-0.0364,0.9174,22.71,3.64,2e28c6f0a3eb,2025-10-18
2025-10-18,2025-10-18 18:36:03.760939,AAPL,252.29,2025-10-24,5,277.5,PUT,23.65,24.7,25.65,0,0,0.4473,-0.9626,0.0062,-0.0747,0.0241,-0.0367,0.9092,25.21,0.0,9db31a954350,2025-10-18
2025-10-18,2025-10-18 18:36:03.761181,AAPL,252.29,2025-10-24,5,280.0,PUT,34.1,27.15,28.15,40,0,0.4795,-0.9655,0.0054,-0.0748,0.0226,-0.0372,0.901,27.71,6.39,a3dda84ab89d,2025-10-18
2025-10-18,2025-10-18 18:36:03.761423,AAPL,252.29,2025-10-24,5,285.0,PUT,28.77,32.2,33.15,1,0,0.542,-0.97,0.0043,-0.0748,0.0201,-0.038,0.8852,32.71,0.0,37018d675e4b,2025-10-18
2025-10-18,2025-10-18 18:36:03.761668,AAPL,252.29,2025-10-24,5,290.0,PUT,51.75,44.05,45.55,0,0,1.3868,-0.7803,0.0072,-1.1821,0.0874,-0.0328,0.87,37.71,14.04,9049c3cfdadd,2025-10-18
2025-10-18,2025-10-18 18:36:03.761913,AAPL,252.29,2025-10-24,5,295.0,PUT,38.47,42.15,43.1,1,0,0.6445,-0.9787,0.0027,-0.0616,0.0151,-0.0397,0.8552,42.71,0.0,44a68d5b0b5d,2025-10-18
2025-10-18,2025-10-18 18:36:03.762157,AAPL,252.29,2025-10-24,5,300.0,PUT,44.2,47.15,48.1,0,0,0.6992,-0.9807,0.0023,-0.0607,0.0139,-0.0404,0.841,47.71,0.0,562da2a0d9c2,2025-10-18
2025-10-18,2025-10-18 18:36:03.762400,AAPL,252.29,2025-10-24,5,315.0,PUT,56.77,62.2,63.1,0,0,0.854,-0.9848,0.0015,-0.0582,0.0113,-0.0426,0.8009,62.71,0.0,1aa403592024,2025-10-18
2025-10-18,2025-10-18 18:36:03.762639,AAPL,252.29,2025-10-24,5,325.0,PUT,97.87,78.8,80.65,0,0,1.9314,-0.8424,0.0042,-1.338,0.0711,-0.0396,0.7763,72.71,25.16,ffb986d54ca9,2025-10-18
2025-10-18,2025-10-18 18:36:03.843216,AAPL,252.29,2025-10-31,12,140.0,CALL,107.52,111.65,113.5,1,2,1.3965,0.993,0.0003,-0.0687,0.0089,0.0453,1.8021,112.29,0.0,0eedb748393e,2025-10-18
2025-10-18,2025-10-18 18:36:03.843635,AAPL,252.29,2025-10-31,12,155.0,CALL,99.15,96.7,98.55,1,1,1.207,0.9904,0.0005,-0.0779,0.0118,0.05,1.6277,97.29,1.86,39de5156819b,2025-10-18
2025-10-18,2025-10-18 18:36:03.844036,AAPL,252.29,2025-10-31,12,170.0,CALL,81.45,81.75,83.6,6,7,1.0254,0.9869,0.0007,-0.0862,0.0154,0.0546,1.4841,82.29,0.0,044383ba6fab,2025-10-18
2025-10-18,2025-10-18 18:36:03.844428,AAPL,252.29,2025-10-31,12,180.0,CALL,67.23,71.8,73.65,10,21,0.9136,0.9834,0.001,-0.0935,0.0189,0.0576,1.4016,72.29,0.0,9934d87c92ff,2025-10-18
2025-10-18,2025-10-18 18:36:03.844823,AAPL,252.29,2025-10-31,12,185.0,CALL,64.5,66.85,68.65,1,5,0.8579,0.9813,0.0012,-0.0969,0.0209,0.0591,1.3637,67.29,0.0,d919930ef5a8,2025-10-18
2025-10-18,2025-10-18 18:36:03.845211,AAPL,252.29,2025-10-31,12,190.0,CALL,62.71,61.45,63.95,3,7,0.7788,0.9816,0.0013,-0.0896,0.0206,0.0608,1.3278,62.29,0.42,b00c86232e50,2025-10-18
2025-10-18,2025-10-18 18:36:03.845597,AAPL,252.29,2025-10-31,12,195.0,CALL,58.32,56.3,59.05,7,151,0.71,0.9811,0.0014,-0.0859,0.0211,0.0624,1.2938,57.29,1.03,5faaf812d788,2025-10-18
2025-10-18,2025-10-18 18:36:03.845992,AAPL,252.29,2025-10-31,12,200.0,CALL,53.7,51.85,53.7,4,120,0.6782,0.9751,0.0019,-0.099,0.0266,0.0635,1.2614,52.29,1.41,866692e3ba64,2025-10-18
2025-10-18,2025-10-18 18:36:03.846380,AAPL,252.29,2025-10-31,12,205.0,CALL,44.83,46.9,48.65,4,55,0.6177,0.9727,0.0022,-0.0983,0.0287,0.0649,1.2307,47.29,0.0,ac35395808a6,2025-10-18
2025-10-18,2025-10-18 18:36:03.846766,AAPL,252.29,2025-10-31,12,210.0,CALL,42.65,41.55,43.45,13,104,0.6772,0.9415,0.0038,-0.1747,0.0534,0.0638,1.2014,42.29,0.36,f53dac5fee6e,2025-10-18
2025-10-18,2025-10-18 18:36:03.847152,AAPL,252.29,2025-10-31,12,215.0,CALL,38.6,37.1,38.75,74,93,0.5283,0.9584,0.0037,-0.1146,0.0407,0.067,1.1734,37.29,1.31,935cbfd8d84e,2025-10-18
2025-10-18,2025-10-18 18:36:03.847534,AAPL,252.29,2025-10-31,12,220.0,CALL,32.84,32.4,33.5,94,192,0.5479,0.9255,0.0056,-0.1717,0.0644,0.0658,1.1468,32.29,0.55,17dc419006aa,2025-10-18
2025-10-18,2025-10-18 18:36:03.847921,AAPL,252.29,2025-10-31,12,225.0,CALL,28.35,27.5,28.65,30,2248,0.4963,0.9088,0.0072,-0.1799,0.075,0.066,1.1213,27.29,1.06,ad1bda600b15,2025-10-18
2025-10-18,2025-10-18 18:36:03.848308,AAPL,252.29,2025-10-31,12,230.0,CALL,24.6,23.35,23.75,69,835,0.436,0.8903,0.0094,-0.1807,0.0858,0.066,1.0969,22.29,2.31,972e2fd31120,2025-10-18
2025-10-18,2025-10-18 18:36:03.848677,AAPL,252.29,2025-10-31,12,235.0,CALL,19.3,19.0,19.25,188,989,0.4053,0.8468,0.0128,-0.2066,0.1081,0.0639,1.0736,17.29,2.01,3ed35abdd176,2025-10-18
2025-10-18,2025-10-18 18:36:03.849016,AAPL,252.29,2025-10-31,12,240.0,CALL,15.04,14.65,15.15,228,1894,0.3873,0.7785,0.0168,-0.2418,0.136,0.0597,1.0512,12.29,2.75,4d5d1b4bc65a,2025-10-18
2025-10-18,2025-10-18 18:36:03.849354,AAPL,252.29,2025-10-31,12,245.0,CALL,11.35,11.2,11.45,591,3836,0.3721,0.688,0.0208,-0.2709,0.1618,0.0534,1.0298,7.29,4.06,4384070c8a7e,2025-10-18
2025-10-18,2025-10-18 18:36:03.849689,AAPL,252.29,2025-10-31,12,250.0,CALL,8.2,8.1,8.3,3593,8729,0.3617,0.5771,0.0237,-0.2869,0.1791,0.0452,1.0092,2.29,5.91,eac7c1847695,2025-10-18
2025-10-18,2025-10-18 18:36:03.850030,AAPL,252.29,2025-10-31,12,255.0,CALL,5.63,5.5,5.7,2247,6473,0.3518,0.4553,0.0246,-0.2793,0.1813,0.036,0.9894,0.0,5.63,2524e6f79fde,2025-10-18
2025-10-18,2025-10-18 18:36:03.851617,AAPL,252.29,2025-10-31,12,260.0,CALL,3.65,3.6,3.7,6145,7918,0.3438,0.3343,0.0231,-0.2485,0.1665,0.0266,0.9703,0.0,3.65,9dbae362c97a,2025-10-18
2025-10-18,2025-10-18 18:36:03.851951,AAPL,252.29,2025-10-31,12,265.0,CALL,2.26,2.24,2.31,2669,6271,0.3403,0.2292,0.0195,-0.2034,0.1386,0.0183,0.952,0.0,2.26,b764d62b8973,2025-10-18
2025-10-18,2025-10-18 18:36:03.852286,AAPL,252.29,2025-10-31,12,270.0,CALL,1.32,1.31,1.35,3477,9916,0.3362,0.145,0.0148,-0.1504,0.1043,0.0117,0.9344,0.0,1.32,f04970e9dfe5,2025-10-18
2025-10-18,2025-10-18 18:36:03.852618,AAPL,252.29,2025-10-31,12,275.0,CALL,0.75,0.74,0.77,1144,4523,0.3357,0.0867,0.0103,-0.1037,0.0723,0.007,0.9174,0.0,0.75,2e2f4fdb44d4,2025-10-18
2025-10-18,2025-10-18 18:36:03.852948,AAPL,252.29,2025-10-31,12,280.0,CALL,0.43,0.41,0.43,954,6462,0.3374,0.0496,0.0066,-0.0674,0.0469,0.004,0.901,0.0,0.43,605be599101a,2025-10-18
2025-10-18,2025-10-18 18:36:03.853248,AAPL,252.29,2025-10-31,12,285.0,CALL,0.23,0.22,0.24,107,1543,0.3413,0.0277,0.0041,-0.0423,0.0292,0.0022,0.8852,0.0,0.23,9c9cd1368c3b,2025-10-18
2025-10-18,2025-10-18 18:36:03.853550,AAPL,252.29,2025-10-31,12,290.0,CALL,0.14,0.12,0.15,3261,8787,0.3521,0.0167,0.0026,-0.0284,0.019,0.0014,0.87,0.0,0.14,fafd63941846,2025-10-18
2025-10-18,2025-10-18 18:36:03.853846,AAPL,252.29,2025-10-31,12,295.0,CALL,0.08,0.07,0.09,144,1463,0.3604,0.0097,0.0016,-0.0181,0.0119,0.0008,0.8552,0.0,0.08,b1dd30e1c543,2025-10-18
2025-10-18,2025-10-18 18:36:03.854150,AAPL,252.29,2025-10-31,12,300.0,CALL,0.06,0.05,0.13,728,3250,0.4141,0.0122,0.0017,-0.0254,0.0145,0.001,0.841,0.0,0.06,4cfac880d59b,2025-10-18
2025-10-18,2025-10-18 18:36:03.854454,AAPL,252.29,2025-10-31,12,305.0,CALL,0.04,0.03,0.05,268,938,0.3945,0.0047,0.0008,-0.0105,0.0063,0.0004,0.8272,0.0,0.04,e68e11fbc709,2025-10-18
2025-10-18,2025-10-18 18:36:03.854752,AAPL,252.29,2025-10-31,12,310.0,CALL,0.03,0.01,0.04,15,460,0.4141,0.0036,0.0006,-0.0086,0.0049,0.0003,0.8138,0.0,0.03,36a53eb2127d,2025-10-18
2025-10-18,2025-10-18 18:36:03.855051,AAPL,252.29,2025-10-31,12,315.0,CALL,0.02,0.01,0.23,46,104,0.5049,0.0091,0.0011,-0.0238,0.0112,0.0007,0.8009,0.0,0.02,29f3dcdc60ab,2025-10-18
2025-10-18,2025-10-18 18:36:03.855353,AAPL,252.29,2025-10-31,12,320.0,CALL,0.01,0.01,0.22,10,1132,0.5322,0.0082,0.0009,-0.023,0.0102,0.0007,0.7884,0.0,0.01,82e3ff263677,2025-10-18
2025-10-18,2025-10-18 18:36:03.855651,AAPL,252.29,2025-10-31,12,325.0,CALL,0.01,0.0,0.01,2,286,0.4375,0.0009,0.0001,-0.0025,0.0013,0.0001,0.7763,0.0,0.01,c4926da524de,2025-10-18
2025-10-18,2025-10-18 18:36:03.856046,AAPL,252.29,2025-10-31,12,110.0,PUT,0.01,0.0,0.21,10,24,1.6875,-0.002,0.0001,-0.0208,0.003,-0.0002,2.2935,0.0,0.01,e322c9fdb527,2025-10-18
2025-10-18,2025-10-18 18:36:03.856350,AAPL,252.29,2025-10-31,12,120.0,PUT,0.05,0.0,0.0,0,0,0.5,-0.0,0.0,-0.0,0.0,-0.0,2.1024,0.0,0.05,c9d00bb0661b,2025-10-18
2025-10-18,2025-10-18 18:36:03.856654,AAPL,252.29,2025-10-31,12,125.0,PUT,0.01,0.0,0.11,1,6,1.3438,-0.0013,0.0001,-0.011,0.002,-0.0001,2.0183,0.0,0.01,42ddda388796,2025-10-18
2025-10-18,2025-10-18 18:36:03.856957,AAPL,252.29,2025-10-31,12,130.0,PUT,0.05,0.0,0.22,1,13,1.377,-0.0027,0.0001,-0.0215,0.0038,-0.0002,1.9407,0.0,0.05,76e7d7085d2d,2025-10-18
2025-10-18,2025-10-18 18:36:03.857256,AAPL,252.29,2025-10-31,12,135.0,PUT,0.02,0.01,0.02,1,3,1.0625,-0.0004,0.0,-0.0029,0.0007,-0.0,1.8688,0.0,0.02,b70b737d6051,2025-10-18
2025-10-18,2025-10-18 18:36:03.857558,AAPL,252.29,2025-10-31,12,140.0,PUT,0.01,0.0,0.1,1,23,1.1328,-0.0015,0.0001,-0.0102,0.0022,-0.0001,1.8021,0.0,0.01,8a00c82479d8,2025-10-18
2025-10-18,2025-10-18 18:36:03.857859,AAPL,252.29,2025-10-31,12,145.0,PUT,0.02,0.0,0.1,1,17,1.0664,-0.0015,0.0001,-0.0098,0.0022,-0.0001,1.7399,0.0,0.02,74151d2edcca,2025-10-18
2025-10-18,2025-10-18 18:36:03.858159,AAPL,252.29,2025-10-31,12,150.0,PUT,0.01,0.01,0.23,1,62,1.1133,-0.0036,0.0002,-0.023,0.005,-0.0003,1.6819,0.0,0.01,b588c70a0bda,2025-10-18
2025-10-18,2025-10-18 18:36:03.858459,AAPL,252.29,2025-10-31,12,155.0,PUT,0.02,0.0,0.03,10,44,0.8438,-0.0005,0.0,-0.003,0.0009,-0.0,1.6277,0.0,0.02,777a3700ed96,2025-10-18
2025-10-18,2025-10-18 18:36:03.858755,AAPL,252.29,2025-10-31,12,160.0,PUT,0.03,0.01,0.23,1,148,0.9863,-0.0041,0.0003,-0.0226,0.0055,-0.0004,1.5768,0.0,0.03,5d693e0fe29f,2025-10-18
2025-10-18,2025-10-18 18:36:03.859051,AAPL,252.29,2025-10-31,12,165.0,PUT,0.03,0.0,0.04,9,20,0.7656,-0.0008,0.0001,-0.0042,0.0013,-0.0001,1.529,0.0,0.03,c0fa510b9018,2025-10-18
2025-10-18,2025-10-18 18:36:03.859349,AAPL,252.29,2025-10-31,12,170.0,PUT,0.05,0.01,0.05,2,57,0.7422,-0.0013,0.0001,-0.006,0.002,-0.0001,1.4841,0.0,0.05,e24616b20ca7,2025-10-18
2025-10-18,2025-10-18 18:36:03.859641,AAPL,252.29,2025-10-31,12,175.0,PUT,0.05,0.03,0.05,26,80,0.7109,-0.0018,0.0002,-0.0077,0.0026,-0.0002,1.4417,0.0,0.05,ae41d40cb6ce,2025-10-18
2025-10-18,2025-10-18 18:36:03.859915,AAPL,252.29,2025-10-31,12,180.0,PUT,0.05,0.03,0.05,4,101,0.6621,-0.002,0.0002,-0.0078,0.0028,-0.0002,1.4016,0.0,0.05,4de1ebf52673,2025-10-18
2025-10-18,2025-10-18 18:36:03.860191,AAPL,252.29,2025-10-31,12,185.0,PUT,0.07,0.04,0.07,13,181,0.6367,-0.0029,0.0003,-0.0107,0.0041,-0.0003,1.3637,0.0,0.07,85e358b5751a,2025-10-18
2025-10-18,2025-10-18 18:36:03.860472,AAPL,252.29,2025-10-31,12,190.0,PUT,0.08,0.06,0.09,33,215,0.6074,-0.0041,0.0004,-0.0139,0.0056,-0.0004,1.3278,0.0,0.08,75d486fba477,2025-10-18
2025-10-18,2025-10-18 18:36:03.860746,AAPL,252.29,2025-10-31,12,195.0,PUT,0.15,0.07,0.1,30,159,0.5664,-0.005,0.0006,-0.0155,0.0066,-0.0004,1.2938,0.0,0.15,0221e5118037,2025-10-18
2025-10-18,2025-10-18 18:36:03.861024,AAPL,252.29,2025-10-31,12,200.0,PUT,0.11,0.09,0.12,39,1158,0.5313,-0.0067,0.0008,-0.0187,0.0085,-0.0006,1.2614,0.0,0.11,28a3a00f4b30,2025-10-18
2025-10-18,2025-10-18 18:36:03.861305,AAPL,252.29,2025-10-31,12,205.0,PUT,0.15,0.13,0.15,19,201,0.502,-0.0096,0.0011,-0.0243,0.0117,-0.0008,1.2307,0.0,0.15,7ba77ea8e320,2025-10-18
2025-10-18,2025-10-18 18:36:03.861582,AAPL,252.29,2025-10-31,12,210.0,PUT,0.18,0.17,0.22,80,682,0.4844,-0.0158,0.0018,-0.036,0.0181,-0.0014,1.2014,0.0,0.18,94d23a1b36c2,2025-10-18
2025-10-18,2025-10-18 18:36:03.861863,AAPL,252.29,2025-10-31,12,215.0,PUT,0.25,0.23,0.26,33,819,0.4434,-0.0203,0.0024,-0.0407,0.0224,-0.0017,1.1734,0.0,0.25,0047fca2e90f,2025-10-18
2025-10-18,2025-10-18 18:36:03.862138,AAPL,252.29,2025-10-31,12,220.0,PUT,0.35,0.34,0.36,392,2973,0.4146,-0.0301,0.0036,-0.053,0.0312,-0.0026,1.1468,0.0,0.35,2b5fb9b8f668,2025-10-18
2025-10-18,2025-10-18 18:36:03.862413,AAPL,252.29,2025-10-31,12,225.0,PUT,0.56,0.53,0.57,1795,3574,0.3958,-0.0493,0.0056,-0.0753,0.0466,-0.0042,1.1213,0.0,0.56,cf4362da4eb5,2025-10-18
2025-10-18,2025-10-18 18:36:03.862685,AAPL,252.29,2025-10-31,12,230.0,PUT,0.87,0.86,0.9,532,3455,0.3777,-0.0798,0.0086,-0.1042,0.0679,-0.0068,1.0969,0.0,0.87,2025546ede6e,2025-10-18
2025-10-18,2025-10-18 18:36:03.862961,AAPL,252.29,2025-10-31,12,235.0,PUT,1.46,1.41,1.47,3585,2977,0.3651,-0.1297,0.0126,-0.1428,0.0966,-0.0111,1.0736,0.0,1.46,87f41ada9f4b,2025-10-18
2025-10-18,2025-10-18 18:36:03.863243,AAPL,252.29,2025-10-31,12,240.0,PUT,2.3,2.29,2.35,2204,5290,0.3538,-0.2022,0.0174,-0.1835,0.1289,-0.0174,1.0512,0.0,2.3,9474059641b4,2025-10-18
2025-10-18,2025-10-18 18:36:03.863518,AAPL,252.29,2025-10-31,12,245.0,PUT,3.5,3.6,3.7,1673,3355,0.3463,-0.3009,0.022,-0.2201,0.1593,-0.026,1.0298,0.0,3.5,5a583e0ec5fd,2025-10-18
2025-10-18,2025-10-18 18:36:03.863795,AAPL,252.29,2025-10-31,12,250.0,PUT,5.4,5.35,5.6,1293,3608,0.3406,-0.4198,0.0251,-0.2401,0.1788,-0.0364,1.0092,0.0,5.4,fd0958c242ea,2025-10-18
2025-10-18,2025-10-18 18:36:03.864079,AAPL,252.29,2025-10-31,12,255.0,PUT,7.85,7.7,8.1,161,1655,0.3361,-0.548,0.0258,-0.2357,0.1812,-0.0479,0.9894,2.71,5.14,78f5fe62b5e8,2025-10-18
2025-10-18,2025-10-18 18:36:03.864356,AAPL,252.29,2025-10-31,12,260.0,PUT,10.85,10.75,11.8,223,2938,0.3652,-0.6551,0.022,-0.2347,0.1685,-0.058,0.9703,7.71,3.14,712fb1e3ce48,2025-10-18
2025-10-18,2025-10-18 18:36:03.864640,AAPL,252.29,2025-10-31,12,265.0,PUT,14.45,14.4,15.55,40,217,0.374,-0.7483,0.0186,-0.2023,0.1459,-0.0669,0.952,12.71,1.74,586effe4a395,2025-10-18
2025-10-18,2025-10-18 18:36:03.864918,AAPL,252.29,2025-10-31,12,270.0,PUT,18.6,18.5,19.0,1531,183,0.3312,-0.8588,0.0148,-0.1123,0.1024,-0.0773,0.9344,17.71,0.89,b06b8157cf1e,2025-10-18
2025-10-18,2025-10-18 18:36:03.865199,AAPL,252.29,2025-10-31,12,275.0,PUT,23.2,22.45,23.8,1,26,0.3696,-0.8907,0.0111,-0.1013,0.0856,-0.0815,0.9174,22.71,0.49,2a0b22a182a9,2025-10-18
2025-10-18,2025-10-18 18:36:03.865476,AAPL,252.29,2025-10-31,12,280.0,PUT,32.65,27.3,28.3,3,12,0.3621,-0.9372,0.0074,-0.0526,0.0564,-0.0869,0.901,27.71,4.94,2acf7e9dbd25,2025-10-18
2025-10-18,2025-10-18 18:36:03.865758,AAPL,252.29,2025-10-31,12,285.0,PUT,29.2,32.05,33.35,2,0,0.4153,-0.9408,0.0062,-0.06,0.0539,-0.0888,0.8852,32.71,0.0,301764defe2b,2025-10-18
2025-10-18,2025-10-18 18:36:03.866034,AAPL,252.29,2025-10-31,12,290.0,PUT,36.13,37.0,38.35,1,0,0.46,-0.9464,0.0052,-0.0615,0.0499,-0.0909,0.87,37.71,0.0,9921a4c041ff,2025-10-18
2025-10-18,2025-10-18 18:36:03.866297,AAPL,252.29,2025-10-31,12,295.0,PUT,43.47,42.0,43.35,0,0,0.5027,-0.9509,0.0044,-0.0625,0.0465,-0.0929,0.8552,42.71,0.76,7abb7ee2a6fb,2025-10-18
2025-10-18,2025-10-18 18:36:03.866559,AAPL,252.29,2025-10-31,12,300.0,PUT,50.12,47.0,48.35,1,0,0.5442,-0.9546,0.0038,-0.0635,0.0437,-0.0949,0.841,47.71,2.41,67cb536a21b1,2025-10-18
2025-10-18,2025-10-18 18:36:03.866823,AAPL,252.29,2025-10-31,12,310.0,PUT,56.26,57.0,58.35,0,0,0.6231,-0.9603,0.003,-0.0648,0.0392,-0.0986,0.8138,57.71,0.0,a601c7873e5b,2025-10-18
2025-10-18,2025-10-18 18:36:03.867078,AAPL,252.29,2025-10-31,12,315.0,PUT,61.11,62.0,63.35,1,0,0.6606,-0.9625,0.0027,-0.0652,0.0374,-0.1004,0.8009,62.71,0.0,690dd7767549,2025-10-18
2025-10-18,2025-10-18 18:36:03.950345,AAPL,252.29,2025-11-07,19,110.0,CALL,148.43,141.7,143.55,5,6,1.5947,0.9932,0.0002,-0.0589,0.0109,0.0561,2.2935,142.29,6.14,815e612b4ff4,2025-10-18
2025-10-18,2025-10-18 18:36:03.950719,AAPL,252.29,2025-11-07,19,120.0,CALL,136.28,131.75,133.55,1,1,1.4561,0.992,0.0003,-0.0627,0.0126,0.0611,2.1024,132.29,3.99,33887b66e8d4,2025-10-18
2025-10-18,2025-10-18 18:36:03.951069,AAPL,252.29,2025-11-07,19,140.0,CALL,116.3,111.8,113.6,0,1,1.2031,0.989,0.0004,-0.0695,0.0166,0.0711,1.8021,112.29,4.01,dd7dc6f203b7,2025-10-18
2025-10-18,2025-10-18 18:36:03.951420,AAPL,252.29,2025-11-07,19,145.0,CALL,111.61,106.7,108.7,0,1,1.1387,0.9884,0.0005,-0.0697,0.0174,0.0736,1.7399,107.29,4.32,f46c4cb4c920,2025-10-18
2025-10-18,2025-10-18 18:36:03.951770,AAPL,252.29,2025-11-07,19,150.0,CALL,105.04,101.85,103.65,0,1,1.0967,0.9865,0.0005,-0.0753,0.0199,0.076,1.6819,102.29,2.75,1741a0e31463,2025-10-18
2025-10-18,2025-10-18 18:36:03.952114,AAPL,252.29,2025-11-07,19,160.0,CALL,85.8,91.85,93.7,0,0,0.9844,0.9842,0.0007,-0.0781,0.0227,0.0808,1.5768,92.29,0.0,977eb899dd3c,2025-10-18
2025-10-18,2025-10-18 18:36:03.952466,AAPL,252.29,2025-11-07,19,165.0,CALL,91.99,86.8,88.8,0,1,0.9341,0.9826,0.0008,-0.0806,0.0248,0.0832,1.529,87.29,4.7,7a20b7e7f363,2025-10-18
2025-10-18,2025-10-18 18:36:03.952810,AAPL,252.29,2025-11-07,19,190.0,CALL,60.95,62.25,63.65,1,11,0.6939,0.9703,0.0017,-0.0933,0.0388,0.0945,1.3278,62.29,0.0,922d1c76ec70,2025-10-18
2025-10-18,2025-10-18 18:36:03.953155,AAPL,252.29,2025-11-07,19,195.0,CALL,58.88,57.3,58.7,4,7,0.6499,0.9662,0.002,-0.0969,0.0433,0.0966,1.2938,57.29,1.59,f57fa55e262e,2025-10-18
2025-10-18,2025-10-18 18:36:03.953497,AAPL,252.29,2025-11-07,19,200.0,CALL,53.05,52.35,53.7,5,526,0.6013,0.9623,0.0024,-0.0981,0.0472,0.0986,1.2614,52.29,0.76,c0bda88db44c,2025-10-18
2025-10-18,2025-10-18 18:36:03.953840,AAPL,252.29,2025-11-07,19,205.0,CALL,44.82,47.4,48.8,6,196,0.5606,0.9559,0.0029,-0.1029,0.0537,0.1004,1.2307,47.29,0.0,af1c8da42cc0,2025-10-18
2025-10-18,2025-10-18 18:36:03.954183,AAPL,252.29,2025-11-07,19,210.0,CALL,40.95,42.55,43.8,3,154,0.5181,0.9486,0.0035,-0.1069,0.0607,0.102,1.2014,42.29,0.0,79b60447ed40,2025-10-18
2025-10-18,2025-10-18 18:36:03.954521,AAPL,252.29,2025-11-07,19,215.0,CALL,38.21,37.7,38.85,4,58,0.5386,0.9165,0.005,-0.1489,0.0884,0.1,1.1734,37.29,0.92,4ccc3a43bc21,2025-10-18
2025-10-18,2025-10-18 18:36:03.954856,AAPL,252.29,2025-11-07,19,220.0,CALL,33.61,33.05,34.2,6,192,0.5107,0.895,0.0062,-0.1643,0.1047,0.0997,1.1468,32.29,1.32,7353ab081473,2025-10-18
2025-10-18,2025-10-18 18:36:03.955191,AAPL,252.29,2025-11-07,19,225.0,CALL,28.87,28.15,29.0,12,75,0.4346,0.8902,0.0075,-0.1477,0.1081,0.1017,1.1213,27.29,1.58,c5d5fcdd32ed,2025-10-18
2025-10-18,2025-10-18 18:36:03.955530,AAPL,252.29,2025-11-07,19,230.0,CALL,25.0,23.9,24.45,55,263,0.4069,0.8573,0.0096,-0.1626,0.1298,0.0998,1.0969,22.29,2.71,e4e1630b492b,2025-10-18
2025-10-18,2025-10-18 18:36:03.955868,AAPL,252.29,2025-11-07,19,235.0,CALL,19.96,19.8,20.05,43,669,0.3795,0.8133,0.0123,-0.1771,0.1545,0.0963,1.0736,17.29,2.67,468bfcfe3131,2025-10-18
2025-10-18,2025-10-18 18:36:03.956197,AAPL,252.29,2025-11-07,19,240.0,CALL,16.3,15.75,16.05,240,518,0.3624,0.7497,0.0152,-0.1959,0.183,0.0901,1.0512,12.29,4.01,0173e1649096,2025-10-18
2025-10-18,2025-10-18 18:36:03.956501,AAPL,252.29,2025-11-07,19,245.0,CALL,13.05,12.1,12.45,169,1760,0.3489,0.6691,0.018,-0.2109,0.2087,0.0814,1.0298,7.29,5.76,ccba69abee9e,2025-10-18
2025-10-18,2025-10-18 18:36:03.956802,AAPL,252.29,2025-11-07,19,250.0,CALL,9.22,9.15,9.3,1953,3463,0.3373,0.5743,0.0202,-0.217,0.2256,0.0706,1.0092,2.29,6.93,32c8a9451902,2025-10-18
2025-10-18,2025-10-18 18:36:03.957107,AAPL,252.29,2025-11-07,19,255.0,CALL,6.7,6.55,6.7,2539,3023,0.3289,0.4707,0.021,-0.2121,0.229,0.0584,0.9894,0.0,6.7,00ad58297a44,2025-10-18
2025-10-18,2025-10-18 18:36:03.957407,AAPL,252.29,2025-11-07,19,260.0,CALL,4.65,4.5,4.75,2237,5965,0.3274,0.3691,0.02,-0.198,0.2172,0.0461,0.9703,0.0,4.65,d89a8cbb0bc0,2025-10-18
2025-10-18,2025-10-18 18:36:03.957710,AAPL,252.29,2025-11-07,19,265.0,CALL,2.97,2.93,3.1,1024,7239,0.3184,0.2716,0.0181,-0.168,0.1909,0.0341,0.952,0.0,2.97,a91e5d3ddee8,2025-10-18
2025-10-18,2025-10-18 18:36:03.958015,AAPL,252.29,2025-11-07,19,270.0,CALL,1.94,1.75,2.04,908,42501,0.3181,0.1932,0.015,-0.1379,0.1578,0.0244,0.9344,0.0,1.94,a1f43ec8826b,2025-10-18
2025-10-18,2025-10-18 18:36:03.958315,AAPL,252.29,2025-11-07,19,275.0,CALL,1.22,1.19,1.26,582,5178,0.3151,0.1291,0.0116,-0.1044,0.1212,0.0164,0.9174,0.0,1.22,2f6441ca05f3,2025-10-18
2025-10-18,2025-10-18 18:36:03.958617,AAPL,252.29,2025-11-07,19,280.0,CALL,0.72,0.73,0.77,893,5969,0.3149,0.0835,0.0085,-0.0758,0.0884,0.0106,0.901,0.0,0.72,689d62119888,2025-10-18
2025-10-18,2025-10-18 18:36:03.958917,AAPL,252.29,2025-11-07,19,285.0,CALL,0.46,0.45,0.48,375,1276,0.3184,0.0537,0.006,-0.0543,0.0629,0.0068,0.8852,0.0,0.46,01c38cf54472,2025-10-18
2025-10-18,2025-10-18 18:36:03.959215,AAPL,252.29,2025-11-07,19,290.0,CALL,0.29,0.27,0.3,92,1680,0.3228,0.0341,0.0041,-0.0381,0.0436,0.0044,0.87,0.0,0.29,acbc0f17a465,2025-10-18
2025-10-18,2025-10-18 18:36:03.959515,AAPL,252.29,2025-11-07,19,295.0,CALL,0.19,0.17,0.19,27,737,0.3286,0.0218,0.0028,-0.0266,0.03,0.0028,0.8552,0.0,0.19,4e0d833121c8,2025-10-18
2025-10-18,2025-10-18 18:36:03.959814,AAPL,252.29,2025-11-07,19,300.0,CALL,0.14,0.1,0.12,74,1003,0.334,0.0138,0.0018,-0.0182,0.0202,0.0018,0.841,0.0,0.14,0e8b4ec31648,2025-10-18
2025-10-18,2025-10-18 18:36:03.960110,AAPL,252.29,2025-11-07,19,305.0,CALL,0.1,0.06,0.09,10,482,0.3467,0.0099,0.0013,-0.0142,0.0152,0.0013,0.8272,0.0,0.1,22cf14531dfc,2025-10-18
2025-10-18,2025-10-18 18:36:03.960411,AAPL,252.29,2025-11-07,19,310.0,CALL,0.07,0.03,0.07,39,1142,0.3613,0.0076,0.001,-0.0117,0.012,0.001,0.8138,0.0,0.07,6cbd9f1b697d,2025-10-18
2025-10-18,2025-10-18 18:36:03.960701,AAPL,252.29,2025-11-07,19,315.0,CALL,0.06,0.02,0.05,2,242,0.3701,0.0053,0.0007,-0.0086,0.0087,0.0007,0.8009,0.0,0.06,9ae987347494,2025-10-18
2025-10-18,2025-10-18 18:36:03.960977,AAPL,252.29,2025-11-07,19,320.0,CALL,0.04,0.03,0.04,54,234,0.3828,0.004,0.0005,-0.007,0.0068,0.0005,0.7884,0.0,0.04,54d06eee2e69,2025-10-18
2025-10-18,2025-10-18 18:36:03.961254,AAPL,252.29,2025-11-07,19,325.0,CALL,0.01,0.0,0.04,15,112,0.4063,0.0039,0.0005,-0.0072,0.0067,0.0005,0.7763,0.0,0.01,b32c7080c6c6,2025-10-18
2025-10-18,2025-10-18 18:36:03.961531,AAPL,252.29,2025-11-07,19,330.0,CALL,0.02,0.0,0.03,22,18,0.4141,0.0028,0.0004,-0.0055,0.005,0.0004,0.7645,0.0,0.02,e854ccc7a111,2025-10-18
2025-10-18,2025-10-18 18:36:03.961883,AAPL,252.29,2025-11-07,19,110.0,PUT,0.02,0.0,0.15,2,27,1.3281,-0.0019,0.0001,-0.012,0.0034,-0.0003,2.2935,0.0,0.02,887421f11a84,2025-10-18
2025-10-18,2025-10-18 18:36:03.962163,AAPL,252.29,2025-11-07,19,140.0,PUT,0.02,0.0,0.14,735,922,0.957,-0.0024,0.0001,-0.0109,0.0043,-0.0003,1.8021,0.0,0.02,ed2ba3441860,2025-10-18
2025-10-18,2025-10-18 18:36:03.962443,AAPL,252.29,2025-11-07,19,145.0,PUT,0.04,0.0,0.19,2,6,0.9355,-0.0033,0.0002,-0.0142,0.0058,-0.0005,1.7399,0.0,0.04,9ca3edf31b85,2025-10-18
2025-10-18,2025-10-18 18:36:03.962725,AAPL,252.29,2025-11-07,19,150.0,PUT,0.01,0.0,0.04,2,3,0.75,-0.0009,0.0001,-0.0033,0.0017,-0.0001,1.6819,0.0,0.01,5a1cacf0cb99,2025-10-18
2025-10-18,2025-10-18 18:36:03.963002,AAPL,252.29,2025-11-07,19,155.0,PUT,0.05,0.0,0.13,54,58,0.7969,-0.0027,0.0002,-0.0099,0.0048,-0.0004,1.6277,0.0,0.05,ddea8acae0bc,2025-10-18
2025-10-18,2025-10-18 18:36:03.963283,AAPL,252.29,2025-11-07,19,160.0,PUT,0.06,0.0,0.04,48,56,0.6641,-0.001,0.0001,-0.0033,0.0019,-0.0001,1.5768,0.0,0.06,519a0f96e95d,2025-10-18
2025-10-18,2025-10-18 18:36:03.963565,AAPL,252.29,2025-11-07,19,165.0,PUT,0.04,0.03,0.14,12,9,0.7246,-0.0038,0.0003,-0.0124,0.0066,-0.0005,1.529,0.0,0.04,07d5c088e9e0,2025-10-18
2025-10-18,2025-10-18 18:36:03.963842,AAPL,252.29,2025-11-07,19,170.0,PUT,0.07,0.03,0.1,2,27,0.6582,-0.0033,0.0003,-0.0097,0.0057,-0.0004,1.4841,0.0,0.07,6799b677d114,2025-10-18
2025-10-18,2025-10-18 18:36:03.964119,AAPL,252.29,2025-11-07,19,175.0,PUT,0.09,0.03,0.13,4,9,0.6289,-0.0042,0.0003,-0.0116,0.0071,-0.0006,1.4417,0.0,0.09,c36d68760640,2025-10-18
2025-10-18,2025-10-18 18:36:03.964399,AAPL,252.29,2025-11-07,19,180.0,PUT,0.08,0.05,0.11,15,112,0.5859,-0.0045,0.0004,-0.0116,0.0076,-0.0006,1.4016,0.0,0.08,f05443e2c63e,2025-10-18
2025-10-18,2025-10-18 18:36:03.964680,AAPL,252.29,2025-11-07,19,185.0,PUT,0.11,0.06,0.12,4,87,0.5508,-0.0054,0.0005,-0.0127,0.0089,-0.0007,1.3637,0.0,0.11,d9a6255bdd3a,2025-10-18
2025-10-18,2025-10-18 18:36:03.964955,AAPL,252.29,2025-11-07,19,190.0,PUT,0.12,0.08,0.15,10,1224,0.5244,-0.0072,0.0007,-0.0156,0.0114,-0.001,1.3278,0.0,0.12,199977de0489,2025-10-18
2025-10-18,2025-10-18 18:36:03.965234,AAPL,252.29,2025-11-07,19,195.0,PUT,0.16,0.14,0.17,3,35,0.502,-0.01,0.0009,-0.0199,0.0153,-0.0014,1.2938,0.0,0.16,ea880b411d25,2025-10-18
2025-10-18,2025-10-18 18:36:03.965518,AAPL,252.29,2025-11-07,19,200.0,PUT,0.21,0.18,0.21,82,908,0.4805,-0.0141,0.0013,-0.0257,0.0206,-0.0019,1.2614,0.0,0.21,6255761373ee,2025-10-18
2025-10-18,2025-10-18 18:36:03.965797,AAPL,252.29,2025-11-07,19,205.0,PUT,0.24,0.24,0.29,22,84,0.46,-0.0201,0.0018,-0.0332,0.0279,-0.0027,1.2307,0.0,0.24,a2220421f4bf,2025-10-18
2025-10-18,2025-10-18 18:36:03.966077,AAPL,252.29,2025-11-07,19,210.0,PUT,0.34,0.31,0.34,11,248,0.4263,-0.025,0.0024,-0.037,0.0337,-0.0034,1.2014,0.0,0.34,d92b5351d2b2,2025-10-18
2025-10-18,2025-10-18 18:36:03.966359,AAPL,252.29,2025-11-07,19,215.0,PUT,0.44,0.43,0.45,92,575,0.4014,-0.0345,0.0033,-0.0454,0.044,-0.0047,1.1734,0.0,0.44,f22f70925818,2025-10-18
2025-10-18,2025-10-18 18:36:03.966637,AAPL,252.29,2025-11-07,19,220.0,PUT,0.6,0.59,0.68,107,1003,0.3875,-0.0526,0.0048,-0.0613,0.0618,-0.0072,1.1468,0.0,0.6,01ee22c14cf5,2025-10-18
2025-10-18,2025-10-18 18:36:03.966918,AAPL,252.29,2025-11-07,19,225.0,PUT,0.82,0.87,0.96,171,1436,0.3677,-0.0757,0.0067,-0.077,0.0821,-0.0103,1.1213,0.0,0.82,3707b0fbd54a,2025-10-18
2025-10-18,2025-10-18 18:36:03.967198,AAPL,252.29,2025-11-07,19,230.0,PUT,1.36,1.33,1.38,525,1253,0.3499,-0.1097,0.0093,-0.0959,0.108,-0.015,1.0969,0.0,1.36,906edc2d80e9,2025-10-18
2025-10-18,2025-10-18 18:36:03.967460,AAPL,252.29,2025-11-07,19,235.0,PUT,2.05,2.0,2.07,484,860,0.3379,-0.1611,0.0126,-0.1199,0.1407,-0.0221,1.0736,0.0,2.05,1a47b538d967,2025-10-18
2025-10-18,2025-10-18 18:36:03.967722,AAPL,252.29,2025-11-07,19,240.0,PUT,3.0,2.9,3.1,197,1648,0.3289,-0.2314,0.0161,-0.1442,0.1754,-0.0318,1.0512,0.0,3.0,799ab8ca800a,2025-10-18
2025-10-18,2025-10-18 18:36:03.967988,AAPL,252.29,2025-11-07,19,245.0,PUT,4.32,4.35,4.5,231,1123,0.3193,-0.3188,0.0194,-0.1623,0.2055,-0.0439,1.0298,0.0,4.32,db199df2cbfb,2025-10-18
2025-10-18,2025-10-18 18:36:03.968250,AAPL,252.29,2025-11-07,19,250.0,PUT,6.25,6.1,6.5,1343,1558,0.3159,-0.4227,0.0215,-0.1734,0.2253,-0.0586,1.0092,0.0,6.25,b49b40dd4ed4,2025-10-18
2025-10-18,2025-10-18 18:36:03.968514,AAPL,252.29,2025-11-07,19,255.0,PUT,8.68,8.45,8.9,447,490,0.3077,-0.5334,0.0224,-0.1677,0.2288,-0.0743,0.9894,2.71,5.97,66631f10d7b2,2025-10-18
2025-10-18,2025-10-18 18:36:03.968777,AAPL,252.29,2025-11-07,19,260.0,PUT,11.62,11.05,12.25,20,212,0.3182,-0.6353,0.0205,-0.16,0.2163,-0.0894,0.9703,7.71,3.91,65c6eed0859a,2025-10-18
2025-10-18,2025-10-18 18:36:03.969035,AAPL,252.29,2025-11-07,19,265.0,PUT,15.98,15.05,15.4,11,101,0.2977,-0.7438,0.0188,-0.1202,0.1853,-0.1053,0.952,12.71,3.27,ee22eb9dccb0,2025-10-18
2025-10-18,2025-10-18 18:36:03.969296,AAPL,252.29,2025-11-07,19,270.0,PUT,18.15,18.95,19.25,6,28,0.2872,-0.8332,0.0151,-0.0806,0.1439,-0.119,0.9344,17.71,0.44,0a26c7b47f9e,2025-10-18
2025-10-18,2025-10-18 18:36:03.969557,AAPL,252.29,2025-11-07,19,275.0,PUT,24.9,23.3,23.7,1,23,0.2937,-0.8883,0.0112,-0.0541,0.1094,-0.1286,0.9174,22.71,2.19,e4caf7e71b91,2025-10-18
2025-10-18,2025-10-18 18:36:03.969817,AAPL,252.29,2025-11-07,19,280.0,PUT,32.75,27.2,28.75,1,9,0.3407,-0.8982,0.0091,-0.0603,0.1023,-0.1325,0.901,27.71,5.04,fe2333ccd352,2025-10-18
2025-10-18,2025-10-18 18:36:03.970077,AAPL,252.29,2025-11-07,19,290.0,PUT,35.97,36.95,38.35,0,0,0.3755,-0.9401,0.0055,-0.0338,0.0685,-0.143,0.87,37.71,0.0,159c7ddae796,2025-10-18
2025-10-18,2025-10-18 18:36:03.970339,AAPL,252.29,2025-11-07,19,295.0,PUT,40.72,41.9,43.45,0,0,0.4236,-0.9389,0.005,-0.0431,0.0695,-0.1455,0.8552,42.71,0.0,8103edb167d0,2025-10-18
2025-10-18,2025-10-18 18:36:03.970597,AAPL,252.29,2025-11-07,19,300.0,PUT,52.52,46.7,48.35,0,0,0.4443,-0.9489,0.0041,-0.0352,0.0604,-0.1494,0.841,47.71,4.81,118d9e91ae65,2025-10-18
2025-10-19,2025-10-19 18:30:09.597210,AAPL,252.29,2025-10-24,4,110.0,CALL,138.61,141.85,143.1,5,10,2.7578,0.9987,0.0001,-0.0514,0.0011,0.012,2.2935,142.29,0.0,7eef6a1c85c8,2025-10-19
2025-10-19,2025-10-19 18:30:09.601320,AAPL,252.29,2025-10-24,4,120.0,CALL,128.65,131.75,133.15,25,26,2.4453,0.9988,0.0001,-0.0472,0.0011,0.0131,2.1024,132.29,0.0,cab0f984ef99,2025-10-19
2025-10-19,2025-10-19 18:30:09.601900,AAPL,252.29,2025-10-24,4,125.0,CALL,133.49,126.8,128.1,3,3,2.3203,0.9987,0.0001,-0.0478,0.0011,0.0137,2.0183,127.29,6.2,560b6b82aefe,2025-10-19
2025-10-19,2025-10-19 18:30:09.602393,AAPL,252.29,2025-10-24,4,140.0,CALL,116.1,111.75,113.15,1,1,1.9727,0.9984,0.0001,-0.05,0.0013,0.0153,1.8021,112.29,3.81,8e168f1810b9,2025-10-19
2025-10-19,2025-10-19 18:30:09.602838,AAPL,252.29,2025-10-24,4,150.0,CALL,102.67,101.9,103.15,10,42,1.8555,0.9973,0.0002,-0.0702,0.0022,0.0163,1.6819,102.29,0.38,e063997b2ccd,2025-10-19
2025-10-19,2025-10-19 18:30:09.603241,AAPL,252.29,2025-10-24,4,155.0,CALL,95.88,96.8,98.2,1,0,1.7227,0.9974,0.0002,-0.0648,0.0021,0.0169,1.6277,97.29,0.0,96b0f85574a2,2025-10-19
2025-10-19,2025-10-19 18:30:09.603641,AAPL,252.29,2025-10-24,4,160.0,CALL,94.2,91.8,93.15,1,0,1.5938,0.9976,0.0002,-0.0595,0.002,0.0175,1.5768,92.29,1.91,c26a1f4c9733,2025-10-19
2025-10-19,2025-10-19 18:30:09.604038,AAPL,252.29,2025-10-24,4,165.0,CALL,84.52,86.9,88.2,1,5,1.5723,0.9962,0.0003,-0.0796,0.003,0.018,1.529,87.29,0.0,8d52b2e583ee,2025-10-19
2025-10-19,2025-10-19 18:30:09.604442,AAPL,252.29,2025-10-24,4,170.0,CALL,78.45,81.85,83.15,2,8,1.4287,0.9967,0.0003,-0.0677,0.0026,0.0185,1.4841,82.29,0.0,730123e96ddc,2025-10-19
2025-10-19,2025-10-19 18:30:09.604841,AAPL,252.29,2025-10-24,4,175.0,CALL,75.73,76.9,78.1,2,3,1.3359,0.9964,0.0003,-0.0688,0.0028,0.0191,1.4417,77.29,0.0,0c9ff3b8fef2,2025-10-19
2025-10-19,2025-10-19 18:30:09.605231,AAPL,252.29,2025-10-24,4,180.0,CALL,69.85,71.8,73.15,1,26,1.2227,0.9966,0.0003,-0.0635,0.0027,0.0196,1.4016,72.29,0.0,872fab6ddc1d,2025-10-19
2025-10-19,2025-10-19 18:30:09.605625,AAPL,252.29,2025-10-24,4,185.0,CALL,62.0,66.8,68.2,1,8,1.1553,0.9957,0.0004,-0.0706,0.0033,0.0201,1.3637,67.29,0.0,98a6d64adc8b,2025-10-19
2025-10-19,2025-10-19 18:30:09.606013,AAPL,252.29,2025-10-24,4,190.0,CALL,59.65,61.8,63.2,1,28,1.0684,0.9953,0.0005,-0.0717,0.0036,0.0207,1.3278,62.29,0.0,f7b3a3297c10,2025-10-19
2025-10-19,2025-10-19 18:30:09.606407,AAPL,252.29,2025-10-24,4,195.0,CALL,54.05,56.85,58.2,7,107,0.999,0.9941,0.0006,-0.0788,0.0044,0.0212,1.2938,57.29,0.0,0734b2cb4d88,2025-10-19
2025-10-19,2025-10-19 18:30:09.606794,AAPL,252.29,2025-10-24,4,200.0,CALL,52.74,51.8,53.1,78,89,0.8613,0.9957,0.0006,-0.0606,0.0033,0.0218,1.2614,52.29,0.45,19cb52d585f9,2025-10-19
2025-10-19,2025-10-19 18:30:09.607183,AAPL,252.29,2025-10-24,4,205.0,CALL,45.8,46.85,48.25,6,30,0.8438,0.9918,0.001,-0.0874,0.0059,0.0222,1.2307,47.29,0.0,c2c79a4bb2aa,2025-10-19
2025-10-19,2025-10-19 18:30:09.607572,AAPL,252.29,2025-10-24,4,210.0,CALL,42.87,41.95,43.1,276,191,0.7471,0.9916,0.0012,-0.082,0.006,0.0228,1.2014,42.29,0.58,ef2721139dcd,2025-10-19
2025-10-19,2025-10-19 18:30:09.607966,AAPL,252.29,2025-10-24,4,215.0,CALL,37.7,37.0,38.2,53,232,0.6992,0.9871,0.0018,-0.103,0.0088,0.0232,1.1734,37.29,0.41,cf441275e767,2025-10-19
2025-10-19,2025-10-19 18:30:09.608351,AAPL,252.29,2025-10-24,4,220.0,CALL,32.61,32.05,33.1,2820,1031,0.6055,0.9861,0.0022,-0.0976,0.0094,0.0237,1.1468,32.29,0.32,361b0e374e10,2025-10-19
2025-10-19,2025-10-19 18:30:09.608733,AAPL,252.29,2025-10-24,4,222.5,CALL,29.85,29.5,30.65,268,29,0.5635,0.9849,0.0026,-0.0977,0.01,0.0239,1.1339,29.79,0.06,2bbe5061e767,2025-10-19
2025-10-19,2025-10-19 18:30:09.609125,AAPL,252.29,2025-10-24,4,225.0,CALL,28.5,26.9,28.25,558,637,0.5225,0.9834,0.003,-0.0985,0.0109,0.0242,1.1213,27.29,1.21,f3a8c278f3ed,2025-10-19
2025-10-19,2025-10-19 18:30:09.609467,AAPL,252.29,2025-10-24,4,227.5,CALL,25.07,24.5,25.7,1177,88,0.6284,0.9466,0.0065,-0.2518,0.0287,0.0234,1.109,24.79,0.28,8884d4cb67d0,2025-10-19
2025-10-19,2025-10-19 18:30:09.609801,AAPL,252.29,2025-10-24,4,230.0,CALL,22.57,22.05,23.3,1752,1462,0.596,0.936,0.008,-0.2729,0.0331,0.0234,1.0969,22.29,0.28,244260f6ad38,2025-10-19
2025-10-19,2025-10-19 18:30:09.610136,AAPL,252.29,2025-10-24,4,232.5,CALL,20.37,19.6,20.7,168,164,0.5283,0.9349,0.0091,-0.2479,0.0335,0.0236,1.0851,19.79,0.58,dfc56b86f7ec,2025-10-19
2025-10-19,2025-10-19 18:30:09.610478,AAPL,252.29,2025-10-24,4,235.0,CALL,17.68,17.1,17.95,630,2161,0.436,0.944,0.0098,-0.1897,0.0298,0.0242,1.0736,17.29,0.39,c912af5a2903,2025-10-19
2025-10-19,2025-10-19 18:30:09.610817,AAPL,252.29,2025-10-24,4,237.5,CALL,15.4,15.0,15.75,262,197,0.4338,0.9137,0.0137,-0.252,0.0416,0.0236,1.0623,14.79,0.61,dfdd8c2e0314,2025-10-19
2025-10-19,2025-10-19 18:30:09.611155,AAPL,252.29,2025-10-24,4,240.0,CALL,13.09,12.75,13.15,605,2945,0.3674,0.9083,0.017,-0.2264,0.0435,0.0237,1.0512,12.29,0.8,fe37fce7e397,2025-10-19
2025-10-19,2025-10-19 18:30:09.611490,AAPL,252.29,2025-10-24,4,242.5,CALL,10.82,10.6,10.9,521,522,0.345,0.8703,0.0232,-0.2664,0.0558,0.0229,1.0404,9.79,1.03,4945171a3781,2025-10-19
2025-10-19,2025-10-19 18:30:09.611827,AAPL,252.29,2025-10-24,4,245.0,CALL,8.61,8.35,8.8,1984,3492,0.3289,0.8114,0.0311,-0.3175,0.0713,0.0215,1.0298,7.29,1.32,41e3b7289c29,2025-10-19
2025-10-19,2025-10-19 18:30:09.612160,AAPL,252.29,2025-10-24,4,247.5,CALL,6.7,6.35,6.7,4247,3238,0.3003,0.7393,0.041,-0.3443,0.0858,0.0198,1.0194,4.79,1.91,2429eea2315a,2025-10-19
2025-10-19,2025-10-19 18:30:09.612494,AAPL,252.29,2025-10-24,4,250.0,CALL,4.9,4.75,4.95,22058,11554,0.2875,0.631,0.0497,-0.3771,0.0996,0.017,1.0092,2.29,2.61,1ee5a059f4c3,2025-10-19
2025-10-19,2025-10-19 18:30:09.612827,AAPL,252.29,2025-10-24,4,252.5,CALL,3.39,3.35,3.5,22226,7029,0.2792,0.5012,0.0541,-0.3829,0.1054,0.0135,0.9992,0.0,3.39,f8649ab02be2,2025-10-19
2025-10-19,2025-10-19 18:30:09.613163,AAPL,252.29,2025-10-24,4,255.0,CALL,2.28,2.25,2.3,39971,30105,0.2689,0.364,0.0529,-0.3445,0.0992,0.0099,0.9894,0.0,2.28,5fa75cc92cd5,2025-10-19
2025-10-19,2025-10-19 18:30:09.613492,AAPL,252.29,2025-10-24,4,257.5,CALL,1.45,1.38,1.45,18519,8437,0.2644,0.2398,0.0445,-0.2786,0.0821,0.0065,0.9798,0.0,1.45,c89185dabd81,2025-10-19
2025-10-19,2025-10-19 18:30:09.613821,AAPL,252.29,2025-10-24,4,260.0,CALL,0.88,0.85,0.89,32837,26812,0.2642,0.1453,0.0327,-0.2035,0.0603,0.004,0.9703,0.0,0.88,7813c2457095,2025-10-19
2025-10-19,2025-10-19 18:30:09.614161,AAPL,252.29,2025-10-24,4,262.5,CALL,0.52,0.5,0.53,10456,9482,0.2659,0.0817,0.0215,-0.1351,0.0399,0.0022,0.9611,0.0,0.52,030655dbd716,2025-10-19
2025-10-19,2025-10-19 18:30:09.614491,AAPL,252.29,2025-10-24,4,265.0,CALL,0.29,0.28,0.3,10115,10000,0.2671,0.0422,0.0127,-0.0806,0.0237,0.0012,0.952,0.0,0.29,019b7f322d53,2025-10-19
2025-10-19,2025-10-19 18:30:09.614821,AAPL,252.29,2025-10-24,4,267.5,CALL,0.18,0.16,0.19,2269,2994,0.2764,0.0232,0.0075,-0.0508,0.0145,0.0006,0.9431,0.0,0.18,cc3ba785c2f9,2025-10-19
2025-10-19,2025-10-19 18:30:09.615159,AAPL,252.29,2025-10-24,4,270.0,CALL,0.1,0.1,0.11,9941,14577,0.2813,0.0115,0.0041,-0.0284,0.008,0.0003,0.9344,0.0,0.1,3169d5e6ae6a,2025-10-19
2025-10-19,2025-10-19 18:30:09.615493,AAPL,252.29,2025-10-24,4,272.5,CALL,0.07,0.06,0.07,1268,1626,0.291,0.0062,0.0023,-0.0171,0.0047,0.0002,0.9258,0.0,0.07,3752d73a07e1,2025-10-19
2025-10-19,2025-10-19 18:30:09.615829,AAPL,252.29,2025-10-24,4,275.0,CALL,0.05,0.03,0.05,2129,6650,0.3047,0.0038,0.0014,-0.0115,0.003,0.0001,0.9174,0.0,0.05,a4195a9c85f8,2025-10-19
2025-10-19,2025-10-19 18:30:09.616144,AAPL,252.29,2025-10-24,4,277.5,CALL,0.03,0.03,0.04,312,311,0.3223,0.0026,0.001,-0.0087,0.0021,0.0001,0.9092,0.0,0.03,40595eb1cd9e,2025-10-19
2025-10-19,2025-10-19 18:30:09.616455,AAPL,252.29,2025-10-24,4,280.0,CALL,0.02,0.02,0.03,410,3874,0.3359,0.0017,0.0006,-0.0061,0.0014,0.0,0.901,0.0,0.02,034600a76222,2025-10-19
2025-10-19,2025-10-19 18:30:09.616753,AAPL,252.29,2025-10-24,4,282.5,CALL,0.02,0.0,0.04,14,650,0.375,0.0022,0.0007,-0.0086,0.0018,0.0001,0.8931,0.0,0.02,ca9818ff57c9,2025-10-19
2025-10-19,2025-10-19 18:30:09.617055,AAPL,252.29,2025-10-24,4,285.0,CALL,0.01,0.01,0.02,63,5956,0.3672,0.0008,0.0003,-0.0035,0.0008,0.0,0.8852,0.0,0.01,a7f07b0283fc,2025-10-19
2025-10-19,2025-10-19 18:30:09.617359,AAPL,252.29,2025-10-24,4,290.0,CALL,0.02,0.01,0.02,391,4898,0.4141,0.0007,0.0002,-0.0035,0.0007,0.0,0.87,0.0,0.02,0e4fa1888986,2025-10-19
2025-10-19,2025-10-19 18:30:09.617655,AAPL,252.29,2025-10-24,4,295.0,CALL,0.01,0.0,0.01,186,450,0.4297,0.0003,0.0001,-0.0015,0.0003,0.0,0.8552,0.0,0.01,1715d2221a8d,2025-10-19
2025-10-19,2025-10-19 18:30:09.617949,AAPL,252.29,2025-10-24,4,300.0,CALL,0.01,0.0,0.01,156,1940,0.4688,0.0002,0.0001,-0.0014,0.0002,0.0,0.841,0.0,0.01,333d28682750,2025-10-19
2025-10-19,2025-10-19 18:30:09.618250,AAPL,252.29,2025-10-24,4,305.0,CALL,0.01,0.0,0.01,111,302,0.5078,0.0002,0.0001,-0.0013,0.0002,0.0,0.8272,0.0,0.01,790b157f477a,2025-10-19
2025-10-19,2025-10-19 18:30:09.618548,AAPL,252.29,2025-10-24,4,310.0,CALL,0.01,0.0,0.01,1,145,0.5156,0.0001,0.0,-0.0005,0.0001,0.0,0.8138,0.0,0.01,abd759ac466e,2025-10-19
2025-10-19,2025-10-19 18:30:09.618851,AAPL,252.29,2025-10-24,4,315.0,CALL,0.01,0.0,0.21,2,123,0.7578,0.003,0.0005,-0.0227,0.0024,0.0001,0.8009,0.0,0.01,d76b5fd15c91,2025-10-19
2025-10-19,2025-10-19 18:30:09.619147,AAPL,252.29,2025-10-24,4,320.0,CALL,0.01,0.0,0.01,5,100,0.5938,0.0001,0.0,-0.0006,0.0001,0.0,0.7884,0.0,0.01,a2ab28fd8105,2025-10-19
2025-10-19,2025-10-19 18:30:09.619444,AAPL,252.29,2025-10-24,4,325.0,CALL,0.01,0.0,0.01,2,120,0.625,0.0001,0.0,-0.0005,0.0001,0.0,0.7763,0.0,0.01,c599b9eb2c68,2025-10-19
2025-10-19,2025-10-19 18:30:09.619746,AAPL,252.29,2025-10-24,4,330.0,CALL,0.01,0.0,0.01,3,2,0.6563,0.0001,0.0,-0.0005,0.0001,0.0,0.7645,0.0,0.01,066dbe6f71a8,2025-10-19
2025-10-19,2025-10-19 18:30:09.620178,AAPL,252.29,2025-10-24,4,110.0,PUT,0.01,0.0,0.21,3,53,2.5781,-0.0007,0.0,-0.0195,0.0006,-0.0,2.2935,0.0,0.01,3173f95748ab,2025-10-19
2025-10-19,2025-10-19 18:30:09.620479,AAPL,252.29,2025-10-24,4,130.0,PUT,0.01,0.0,0.01,50,53,1.5625,-0.0,0.0,-0.0004,0.0,-0.0,1.9407,0.0,0.01,97ea67bc0d3c,2025-10-19
2025-10-19,2025-10-19 18:30:09.620787,AAPL,252.29,2025-10-24,4,135.0,PUT,0.02,0.0,0.36,100,103,2.1172,-0.0017,0.0001,-0.0376,0.0014,-0.0,1.8688,0.0,0.02,1a221a66ea2c,2025-10-19
2025-10-19,2025-10-19 18:30:09.621085,AAPL,252.29,2025-10-24,4,140.0,PUT,0.01,0.0,0.09,5,426,1.7109,-0.0004,0.0,-0.0074,0.0003,-0.0,1.8021,0.0,0.01,f2dd10243c85,2025-10-19
2025-10-19,2025-10-19 18:30:09.621382,AAPL,252.29,2025-10-24,4,145.0,PUT,0.01,0.0,0.09,10,56,1.6172,-0.0004,0.0,-0.0075,0.0004,-0.0,1.7399,0.0,0.01,21f33c193d8f,2025-10-19
2025-10-19,2025-10-19 18:30:09.621682,AAPL,252.29,2025-10-24,4,150.0,PUT,0.01,0.0,0.01,30,208,1.25,-0.0,0.0,-0.0005,0.0,-0.0,1.6819,0.0,0.01,92e6ce989632,2025-10-19
2025-10-19,2025-10-19 18:30:09.621980,AAPL,252.29,2025-10-24,4,155.0,PUT,0.05,0.0,0.01,3,6,1.1875,-0.0,0.0,-0.0006,0.0,-0.0,1.6277,0.0,0.05,54c6806bedf0,2025-10-19
2025-10-19,2025-10-19 18:30:09.622282,AAPL,252.29,2025-10-24,4,160.0,PUT,0.01,0.0,0.01,119,62,1.0938,-0.0,0.0,-0.0004,0.0,-0.0,1.5768,0.0,0.01,6e91939b6b23,2025-10-19
2025-10-19,2025-10-19 18:30:09.622565,AAPL,252.29,2025-10-24,4,165.0,PUT,0.01,0.0,0.01,497,164,1.0313,-0.0,0.0,-0.0005,0.0,-0.0,1.529,0.0,0.01,4f141002f091,2025-10-19
2025-10-19,2025-10-19 18:30:09.622844,AAPL,252.29,2025-10-24,4,170.0,PUT,0.01,0.0,0.22,61,281,1.3106,-0.0016,0.0001,-0.0222,0.0014,-0.0,1.4841,0.0,0.01,faab7522d35c,2025-10-19
2025-10-19,2025-10-19 18:30:09.623119,AAPL,252.29,2025-10-24,4,175.0,PUT,0.01,0.01,0.1,60,250,1.125,-0.0008,0.0001,-0.0097,0.0007,-0.0,1.4417,0.0,0.01,23099a97bbee,2025-10-19
2025-10-19,2025-10-19 18:30:09.623393,AAPL,252.29,2025-10-24,4,180.0,PUT,0.01,0.0,0.22,203,83,1.1387,-0.0019,0.0002,-0.0226,0.0016,-0.0001,1.4016,0.0,0.01,be3fa1f57707,2025-10-19
2025-10-19,2025-10-19 18:30:09.623671,AAPL,252.29,2025-10-24,4,185.0,PUT,0.02,0.01,0.23,335,582,1.0684,-0.0023,0.0003,-0.0253,0.0019,-0.0001,1.3637,0.0,0.02,8550fecacd53,2025-10-19
2025-10-19,2025-10-19 18:30:09.623945,AAPL,252.29,2025-10-24,4,190.0,PUT,0.02,0.0,0.03,121,312,0.7813,-0.0002,0.0,-0.0021,0.0002,-0.0,1.3278,0.0,0.02,53086fbe9307,2025-10-19
2025-10-19,2025-10-19 18:30:09.624221,AAPL,252.29,2025-10-24,4,195.0,PUT,0.03,0.0,0.04,194,2048,0.7344,-0.0003,0.0001,-0.003,0.0003,-0.0,1.2938,0.0,0.03,9f32268803b5,2025-10-19
2025-10-19,2025-10-19 18:30:09.624500,AAPL,252.29,2025-10-24,4,200.0,PUT,0.04,0.02,0.04,209,4308,0.6992,-0.0006,0.0001,-0.0052,0.0006,-0.0,1.2614,0.0,0.04,c3bde6453c53,2025-10-19
2025-10-19,2025-10-19 18:30:09.624772,AAPL,252.29,2025-10-24,4,205.0,PUT,0.04,0.02,0.04,133,2857,0.6328,-0.0008,0.0002,-0.0054,0.0007,-0.0,1.2307,0.0,0.04,20ca5037f555,2025-10-19
2025-10-19,2025-10-19 18:30:09.625046,AAPL,252.29,2025-10-24,4,210.0,PUT,0.04,0.02,0.05,496,1031,0.5742,-0.001,0.0002,-0.0063,0.0009,-0.0,1.2014,0.0,0.04,a1bb20002194,2025-10-19
2025-10-19,2025-10-19 18:30:09.625322,AAPL,252.29,2025-10-24,4,215.0,PUT,0.05,0.04,0.06,280,818,0.5313,-0.0018,0.0004,-0.01,0.0015,-0.0001,1.1734,0.0,0.05,5ce8e9a725be,2025-10-19
2025-10-19,2025-10-19 18:30:09.625593,AAPL,252.29,2025-10-24,4,220.0,PUT,0.06,0.05,0.07,787,4243,0.4844,-0.0031,0.0007,-0.015,0.0025,-0.0001,1.1468,0.0,0.06,c0029aeeb61d,2025-10-19
2025-10-19,2025-10-19 18:30:09.625869,AAPL,252.29,2025-10-24,4,222.5,PUT,0.06,0.05,0.07,114,85,0.4492,-0.0034,0.0009,-0.0151,0.0027,-0.0001,1.1339,0.0,0.06,b3eab530b143,2025-10-19
2025-10-19,2025-10-19 18:30:09.626142,AAPL,252.29,2025-10-24,4,225.0,PUT,0.07,0.06,0.08,617,2937,0.4219,-0.0043,0.0011,-0.0176,0.0034,-0.0001,1.1213,0.0,0.07,22665cbdf4fe,2025-10-19
2025-10-19,2025-10-19 18:30:09.626417,AAPL,252.29,2025-10-24,4,227.5,PUT,0.08,0.08,0.1,351,551,0.4004,-0.0062,0.0017,-0.023,0.0046,-0.0002,1.109,0.0,0.08,1ca3925d91b5,2025-10-19
2025-10-19,2025-10-19 18:30:09.626694,AAPL,252.29,2025-10-24,4,230.0,PUT,0.11,0.11,0.14,1629,4647,0.3848,-0.0099,0.0026,-0.0333,0.007,-0.0003,1.0969,0.0,0.11,919c50f613d3,2025-10-19
2025-10-19,2025-10-19 18:30:09.626948,AAPL,252.29,2025-10-24,4,232.5,PUT,0.15,0.14,0.18,1127,1690,0.3633,-0.0146,0.0039,-0.044,0.0098,-0.0004,1.0851,0.0,0.15,17cd89cc1a2f,2025-10-19
2025-10-19,2025-10-19 18:30:09.627206,AAPL,252.29,2025-10-24,4,235.0,PUT,0.2,0.2,0.22,3459,6549,0.3369,-0.0205,0.0055,-0.0542,0.013,-0.0006,1.0736,0.0,0.2,43374ce9e89b,2025-10-19
2025-10-19,2025-10-19 18:30:09.627462,AAPL,252.29,2025-10-24,4,237.5,PUT,0.31,0.28,0.32,4834,2093,0.3218,-0.034,0.0089,-0.0791,0.0199,-0.001,1.0623,0.0,0.31,ae091b2439ed,2025-10-19
2025-10-19,2025-10-19 18:30:09.627717,AAPL,252.29,2025-10-24,4,240.0,PUT,0.46,0.45,0.48,7709,8182,0.3086,-0.0574,0.0141,-0.1154,0.0304,-0.0016,1.0512,0.0,0.46,bc3cefb7d87a,2025-10-19
2025-10-19,2025-10-19 18:30:09.627970,AAPL,252.29,2025-10-24,4,242.5,PUT,0.72,0.7,0.73,4593,3236,0.2974,-0.0963,0.0217,-0.1646,0.0451,-0.0027,1.0404,0.0,0.72,15476a39c0a6,2025-10-19
2025-10-19,2025-10-19 18:30:09.628227,AAPL,252.29,2025-10-24,4,245.0,PUT,1.08,1.06,1.1,12896,8362,0.2864,-0.1564,0.0317,-0.2217,0.0633,-0.0044,1.0298,0.0,1.08,715360bbc2cf,2025-10-19
2025-10-19,2025-10-19 18:30:09.628480,AAPL,252.29,2025-10-24,4,247.5,PUT,1.61,1.59,1.65,9770,2203,0.2771,-0.2444,0.0429,-0.2795,0.0829,-0.0069,1.0194,0.0,1.61,fdded67ecd1b,2025-10-19
2025-10-19,2025-10-19 18:30:09.628734,AAPL,252.29,2025-10-24,4,250.0,PUT,2.33,2.35,2.45,8664,3463,0.2705,-0.3618,0.0525,-0.3232,0.099,-0.0102,1.0092,0.0,2.33,bced12e63578,2025-10-19
2025-10-19,2025-10-19 18:30:09.628992,AAPL,252.29,2025-10-24,4,252.5,PUT,3.43,3.35,3.45,3723,691,0.259,-0.4996,0.0583,-0.3253,0.1054,-0.0141,0.9992,0.21,3.22,ffe9b5e4bc6f,2025-10-19
2025-10-19,2025-10-19 18:30:09.629248,AAPL,252.29,2025-10-24,4,255.0,PUT,4.75,4.5,4.85,2272,3491,0.256,-0.6432,0.0552,-0.2947,0.0985,-0.0182,0.9894,2.71,2.04,5c6df98ca666,2025-10-19
2025-10-19,2025-10-19 18:30:09.629503,AAPL,252.29,2025-10-24,4,257.5,PUT,6.33,6.35,6.65,1840,881,0.2634,-0.761,0.0446,-0.2453,0.0819,-0.0217,0.9798,5.21,1.12,9a9308c135a5,2025-10-19
2025-10-19,2025-10-19 18:30:09.629759,AAPL,252.29,2025-10-24,4,260.0,PUT,8.26,8.25,8.5,2771,1699,0.2527,-0.8657,0.0324,-0.1526,0.0572,-0.0248,0.9703,7.71,0.55,b6984bf8cbd4,2025-10-19
2025-10-19,2025-10-19 18:30:09.630013,AAPL,252.29,2025-10-24,4,262.5,PUT,10.55,10.35,10.8,61,718,0.2747,-0.9112,0.0222,-0.1162,0.0425,-0.0263,0.9611,10.21,0.34,d382c0f2912c,2025-10-19
2025-10-19,2025-10-19 18:30:09.630267,AAPL,252.29,2025-10-24,4,265.0,PUT,12.7,12.2,13.5,70,18,0.3482,-0.9061,0.0182,-0.1629,0.0443,-0.0265,0.952,12.71,0.0,ec6e5fafb5d9,2025-10-19
2025-10-19,2025-10-19 18:30:09.630522,AAPL,252.29,2025-10-24,4,267.5,PUT,15.25,14.7,15.55,1,2,0.314,-0.9599,0.0104,-0.0578,0.0228,-0.0282,0.9431,15.21,0.04,f66e348b6184,2025-10-19
2025-10-19,2025-10-19 18:30:09.630783,AAPL,252.29,2025-10-24,4,270.0,PUT,17.42,16.9,18.5,77,77,0.4351,-0.9273,0.012,-0.1675,0.0365,-0.0276,0.9344,17.71,0.0,0ff6829375cb,2025-10-19
2025-10-19,2025-10-19 18:30:09.631036,AAPL,252.29,2025-10-24,4,272.5,PUT,23.5,19.7,20.5,5,0,0.375,-0.9732,0.0062,-0.0438,0.0163,-0.0291,0.9258,20.21,3.29,c896474a0c98,2025-10-19
2025-10-19,2025-10-19 18:30:09.631288,AAPL,252.29,2025-10-24,4,275.0,PUT,26.35,22.2,23.1,29,0,0.4356,-0.9683,0.0062,-0.0694,0.0188,-0.0293,0.9174,22.71,3.64,2e28c6f0a3eb,2025-10-19
2025-10-19,2025-10-19 18:30:09.631544,AAPL,252.29,2025-10-24,4,277.5,PUT,23.65,24.7,25.65,0,0,0.4829,-0.9678,0.0057,-0.0819,0.0191,-0.0295,0.9092,25.21,0.0,9db31a954350,2025-10-19
2025-10-19,2025-10-19 18:30:09.631799,AAPL,252.29,2025-10-24,4,280.0,PUT,34.1,27.15,28.15,40,0,0.5181,-0.9703,0.0049,-0.0818,0.0178,-0.0299,0.901,27.71,6.39,a3dda84ab89d,2025-10-19
2025-10-19,2025-10-19 18:30:09.632059,AAPL,252.29,2025-10-24,4,285.0,PUT,28.77,32.2,33.15,1,0,0.585,-0.9745,0.0038,-0.0803,0.0157,-0.0305,0.8852,32.71,0.0,37018d675e4b,2025-10-19
2025-10-19,2025-10-19 18:30:09.632312,AAPL,252.29,2025-10-24,4,290.0,PUT,51.75,44.05,45.55,0,0,1.4979,-0.7901,0.0073,-1.395,0.0761,-0.0264,0.87,37.71,14.04,9049c3cfdadd,2025-10-19
2025-10-19,2025-10-19 18:30:09.632567,AAPL,252.29,2025-10-24,4,295.0,PUT,38.47,42.15,43.1,1,0,0.6958,-0.9823,0.0024,-0.0644,0.0115,-0.0318,0.8552,42.71,0.0,44a68d5b0b5d,2025-10-19
2025-10-19,2025-10-19 18:30:09.632830,AAPL,252.29,2025-10-24,4,300.0,PUT,44.2,47.15,48.1,0,0,0.7549,-0.9841,0.002,-0.0629,0.0105,-0.0324,0.841,47.71,0.0,562da2a0d9c2,2025-10-19
2025-10-19,2025-10-19 18:30:09.633087,AAPL,252.29,2025-10-24,4,315.0,PUT,56.77,62.2,63.1,0,0,0.9224,-0.9876,0.0013,-0.0591,0.0085,-0.0342,0.8009,62.71,0.0,1aa403592024,2025-10-19
2025-10-19,2025-10-19 18:30:09.633338,AAPL,252.29,2025-10-24,4,325.0,PUT,97.87,78.8,80.65,0,0,2.0862,-0.8527,0.0042,-1.5504,0.0608,-0.0319,0.7763,72.71,25.16,ffb986d54ca9,2025-10-19
2025-10-19,2025-10-19 18:30:09.849037,AAPL,252.29,2025-10-31,11,140.0,CALL,107.52,111.65,113.5,1,2,1.4492,0.9933,0.0003,-0.0712,0.0082,0.0416,1.8021,112.29,0.0,0eedb748393e,2025-10-19
2025-10-19,2025-10-19 18:30:09.849338,AAPL,252.29,2025-10-31,11,150.0,CALL,97.69,101.7,103.5,0,20,1.3115,0.9919,0.0004,-0.0762,0.0097,0.0445,1.6819,102.29,0.0,b0eec1776b62,2025-10-19
2025-10-19,2025-10-19 18:30:09.849628,AAPL,252.29,2025-10-31,11,155.0,CALL,99.15,96.7,98.55,1,1,1.252,0.9908,0.0005,-0.0807,0.0109,0.0459,1.6277,97.29,1.86,39de5156819b,2025-10-19
2025-10-19,2025-10-19 18:30:09.849910,AAPL,252.29,2025-10-31,11,170.0,CALL,81.45,81.75,83.6,6,7,1.0635,0.9874,0.0007,-0.0895,0.0143,0.0501,1.4841,82.29,0.0,044383ba6fab,2025-10-19
2025-10-19,2025-10-19 18:30:09.850195,AAPL,252.29,2025-10-31,11,175.0,CALL,72.15,76.75,78.6,0,1,0.9951,0.9865,0.0008,-0.0896,0.0151,0.0516,1.4417,77.29,0.0,d6cb05ea8553,2025-10-19
2025-10-19,2025-10-19 18:30:09.850474,AAPL,252.29,2025-10-31,11,180.0,CALL,67.23,71.8,73.65,10,21,0.9482,0.9839,0.001,-0.0977,0.0176,0.0529,1.4016,72.29,0.0,9934d87c92ff,2025-10-19
2025-10-19,2025-10-19 18:30:09.850757,AAPL,252.29,2025-10-31,11,185.0,CALL,64.5,66.85,68.65,1,5,0.8901,0.9819,0.0011,-0.1012,0.0195,0.0542,1.3637,67.29,0.0,d919930ef5a8,2025-10-19
2025-10-19,2025-10-19 18:30:09.851033,AAPL,252.29,2025-10-31,11,190.0,CALL,62.71,61.45,63.95,3,7,0.8081,0.9822,0.0012,-0.0934,0.0192,0.0558,1.3278,62.29,0.42,b00c86232e50,2025-10-19
2025-10-19,2025-10-19 18:30:09.851317,AAPL,252.29,2025-10-31,11,195.0,CALL,58.32,56.3,59.05,7,151,0.7363,0.9817,0.0014,-0.0893,0.0197,0.0572,1.2938,57.29,1.03,5faaf812d788,2025-10-19
2025-10-19,2025-10-19 18:30:09.851591,AAPL,252.29,2025-10-31,11,200.0,CALL,53.7,51.85,53.7,4,120,0.7041,0.9757,0.0018,-0.1038,0.025,0.0583,1.2614,52.29,1.41,866692e3ba64,2025-10-19
2025-10-19,2025-10-19 18:30:09.851870,AAPL,252.29,2025-10-31,11,205.0,CALL,44.83,46.9,48.65,4,55,0.6411,0.9734,0.0022,-0.103,0.027,0.0596,1.2307,47.29,0.0,ac35395808a6,2025-10-19
2025-10-19,2025-10-19 18:30:09.852146,AAPL,252.29,2025-10-31,11,210.0,CALL,42.65,41.55,43.45,13,104,0.7026,0.9425,0.0037,-0.1851,0.0504,0.0586,1.2014,42.29,0.36,f53dac5fee6e,2025-10-19
2025-10-19,2025-10-19 18:30:09.852423,AAPL,252.29,2025-10-31,11,215.0,CALL,38.6,37.1,38.75,74,93,0.5481,0.9593,0.0036,-0.1205,0.0383,0.0615,1.1734,37.29,1.31,935cbfd8d84e,2025-10-19
2025-10-19,2025-10-19 18:30:09.852700,AAPL,252.29,2025-10-31,11,220.0,CALL,32.84,32.4,33.5,94,192,0.5686,0.9265,0.0056,-0.1824,0.061,0.0604,1.1468,32.29,0.55,17dc419006aa,2025-10-19
2025-10-19,2025-10-19 18:30:09.852976,AAPL,252.29,2025-10-31,11,225.0,CALL,28.35,27.5,28.65,30,2248,0.5151,0.9099,0.0072,-0.1915,0.0712,0.0606,1.1213,27.29,1.06,ad1bda600b15,2025-10-19
2025-10-19,2025-10-19 18:30:09.853254,AAPL,252.29,2025-10-31,11,227.5,CALL,26.21,25.6,26.45,37,15,0.5098,0.8903,0.0084,-0.2149,0.0822,0.0598,1.109,24.79,1.42,509de2c30dfd,2025-10-19
2025-10-19,2025-10-19 18:30:09.853530,AAPL,252.29,2025-10-31,11,230.0,CALL,24.6,23.35,23.75,69,835,0.4526,0.8913,0.0094,-0.1928,0.0816,0.0606,1.0969,22.29,2.31,972e2fd31120,2025-10-19
2025-10-19,2025-10-19 18:30:09.853802,AAPL,252.29,2025-10-31,11,232.5,CALL,22.08,21.05,21.55,11,23,0.4429,0.8683,0.011,-0.2125,0.0935,0.0596,1.0851,19.79,2.29,8e8c3e6949c5,2025-10-19
2025-10-19,2025-10-19 18:30:09.854079,AAPL,252.29,2025-10-31,11,235.0,CALL,19.3,19.0,19.25,188,989,0.4205,0.8479,0.0128,-0.221,0.1031,0.0587,1.0736,17.29,2.01,3ed35abdd176,2025-10-19
2025-10-19,2025-10-19 18:30:09.854345,AAPL,252.29,2025-10-31,11,237.5,CALL,17.25,16.85,17.25,116,192,0.4177,0.8127,0.0147,-0.2468,0.1178,0.0567,1.0623,14.79,2.46,7250abdf794f,2025-10-19
2025-10-19,2025-10-19 18:30:09.854602,AAPL,252.29,2025-10-31,11,240.0,CALL,15.04,14.65,15.15,228,1894,0.402,0.7793,0.0168,-0.2598,0.1299,0.0548,1.0512,12.29,2.75,4d5d1b4bc65a,2025-10-19
2025-10-19,2025-10-19 18:30:09.854861,AAPL,252.29,2025-10-31,11,242.5,CALL,13.75,13.05,13.25,302,305,0.3942,0.7364,0.0189,-0.2776,0.1431,0.0521,1.0404,9.79,3.96,c0bca075c336,2025-10-19
2025-10-19,2025-10-19 18:30:09.855115,AAPL,252.29,2025-10-31,11,245.0,CALL,11.35,11.2,11.45,591,3836,0.3861,0.6884,0.0209,-0.2918,0.1549,0.049,1.0298,7.29,4.06,4384070c8a7e,2025-10-19
2025-10-19,2025-10-19 18:30:09.855373,AAPL,252.29,2025-10-31,11,247.5,CALL,9.75,9.3,9.8,926,774,0.3801,0.6346,0.0226,-0.3031,0.1647,0.0454,1.0194,4.79,4.96,8c24f6fb6cd3,2025-10-19
2025-10-19,2025-10-19 18:30:09.855628,AAPL,252.29,2025-10-31,11,250.0,CALL,8.2,8.1,8.3,3593,8729,0.3754,0.5766,0.0238,-0.3096,0.1715,0.0415,1.0092,2.29,5.91,eac7c1847695,2025-10-19
2025-10-19,2025-10-19 18:30:09.855885,AAPL,252.29,2025-10-31,11,252.5,CALL,6.9,6.8,7.1,1909,573,0.3792,0.5163,0.024,-0.3161,0.1746,0.0372,0.9992,0.0,6.9,2bfdcfa3e629,2025-10-19
2025-10-19,2025-10-19 18:30:09.856144,AAPL,252.29,2025-10-31,11,255.0,CALL,5.63,5.5,5.7,2247,6473,0.3651,0.454,0.0248,-0.3015,0.1736,0.0329,0.9894,0.0,5.63,2524e6f79fde,2025-10-19
2025-10-19,2025-10-19 18:30:09.856398,AAPL,252.29,2025-10-31,11,257.5,CALL,4.52,4.55,4.65,1015,1688,0.3621,0.3927,0.0242,-0.2888,0.1684,0.0286,0.9798,0.0,4.52,15db2fd3cab7,2025-10-19
2025-10-19,2025-10-19 18:30:09.856653,AAPL,252.29,2025-10-31,11,260.0,CALL,3.65,3.6,3.7,6145,7918,0.3568,0.3324,0.0232,-0.2679,0.1591,0.0243,0.9703,0.0,3.65,9dbae362c97a,2025-10-19
2025-10-19,2025-10-19 18:30:09.856911,AAPL,252.29,2025-10-31,11,262.5,CALL,2.89,2.85,3.1,1736,458,0.3645,0.283,0.0212,-0.254,0.1482,0.0207,0.9611,0.0,2.89,cb57f2bd931c,2025-10-19
2025-10-19,2025-10-19 18:30:09.857164,AAPL,252.29,2025-10-31,11,265.0,CALL,2.26,2.24,2.31,2669,6271,0.3532,0.227,0.0195,-0.2187,0.132,0.0167,0.952,0.0,2.26,b764d62b8973,2025-10-19
2025-10-19,2025-10-19 18:30:09.857423,AAPL,252.29,2025-10-31,11,267.5,CALL,1.75,1.66,1.76,1997,2246,0.3495,0.1808,0.0172,-0.1885,0.1153,0.0133,0.9431,0.0,1.75,deea8ee63475,2025-10-19
2025-10-19,2025-10-19 18:30:09.857680,AAPL,252.29,2025-10-31,11,270.0,CALL,1.32,1.31,1.35,3477,9916,0.3489,0.1429,0.0148,-0.1611,0.0988,0.0105,0.9344,0.0,1.32,f04970e9dfe5,2025-10-19
2025-10-19,2025-10-19 18:30:09.857935,AAPL,252.29,2025-10-31,11,272.5,CALL,1.01,0.98,1.02,198,74,0.348,0.1107,0.0124,-0.1342,0.0827,0.0082,0.9258,0.0,1.01,22da91fce876,2025-10-19
2025-10-19,2025-10-19 18:30:09.858189,AAPL,252.29,2025-10-31,11,275.0,CALL,0.75,0.74,0.77,1144,4523,0.3484,0.085,0.0102,-0.1105,0.0681,0.0063,0.9174,0.0,0.75,2e2f4fdb44d4,2025-10-19
2025-10-19,2025-10-19 18:30:09.858442,AAPL,252.29,2025-10-31,11,277.5,CALL,0.54,0.55,0.58,119,131,0.3494,0.0646,0.0082,-0.0897,0.0552,0.0048,0.9092,0.0,0.54,490291293997,2025-10-19
2025-10-19,2025-10-19 18:30:09.858695,AAPL,252.29,2025-10-31,11,280.0,CALL,0.43,0.41,0.43,954,6462,0.3501,0.0483,0.0065,-0.0714,0.0439,0.0036,0.901,0.0,0.43,605be599101a,2025-10-19
2025-10-19,2025-10-19 18:30:09.858935,AAPL,252.29,2025-10-31,11,282.5,CALL,0.31,0.3,0.33,122,368,0.3535,0.0367,0.0052,-0.0577,0.0352,0.0027,0.8931,0.0,0.31,9a70d9ed6c70,2025-10-19
2025-10-19,2025-10-19 18:30:09.859180,AAPL,252.29,2025-10-31,11,285.0,CALL,0.23,0.22,0.24,107,1543,0.354,0.0267,0.004,-0.0444,0.0271,0.002,0.8852,0.0,0.23,9c9cd1368c3b,2025-10-19
2025-10-19,2025-10-19 18:30:09.859421,AAPL,252.29,2025-10-31,11,290.0,CALL,0.14,0.12,0.15,3261,8787,0.3652,0.016,0.0025,-0.0296,0.0176,0.0012,0.87,0.0,0.14,fafd63941846,2025-10-19
2025-10-19,2025-10-19 18:30:09.859660,AAPL,252.29,2025-10-31,11,295.0,CALL,0.08,0.07,0.09,144,1463,0.374,0.0093,0.0015,-0.0188,0.0109,0.0007,0.8552,0.0,0.08,b1dd30e1c543,2025-10-19
2025-10-19,2025-10-19 18:30:09.859904,AAPL,252.29,2025-10-31,11,300.0,CALL,0.06,0.05,0.13,728,3250,0.4297,0.0117,0.0016,-0.0265,0.0134,0.0009,0.841,0.0,0.06,4cfac880d59b,2025-10-19
2025-10-19,2025-10-19 18:30:09.860144,AAPL,252.29,2025-10-31,11,305.0,CALL,0.04,0.03,0.05,268,938,0.4102,0.0045,0.0007,-0.0109,0.0058,0.0003,0.8272,0.0,0.04,e68e11fbc709,2025-10-19
2025-10-19,2025-10-19 18:30:09.860383,AAPL,252.29,2025-10-31,11,310.0,CALL,0.03,0.01,0.04,15,460,0.4297,0.0034,0.0005,-0.0089,0.0045,0.0003,0.8138,0.0,0.03,36a53eb2127d,2025-10-19
2025-10-19,2025-10-19 18:30:09.860625,AAPL,252.29,2025-10-31,11,315.0,CALL,0.02,0.01,0.23,46,104,0.5244,0.0087,0.001,-0.0249,0.0103,0.0006,0.8009,0.0,0.02,29f3dcdc60ab,2025-10-19
2025-10-19,2025-10-19 18:30:09.860866,AAPL,252.29,2025-10-31,11,320.0,CALL,0.01,0.01,0.22,10,1132,0.5527,0.0079,0.0009,-0.024,0.0094,0.0006,0.7884,0.0,0.01,82e3ff263677,2025-10-19
2025-10-19,2025-10-19 18:30:09.861107,AAPL,252.29,2025-10-31,11,325.0,CALL,0.01,0.0,0.01,2,286,0.4531,0.0008,0.0001,-0.0024,0.0012,0.0001,0.7763,0.0,0.01,c4926da524de,2025-10-19
2025-10-19,2025-10-19 18:30:09.861349,AAPL,252.29,2025-10-31,11,330.0,CALL,0.01,0.0,0.21,12,2,0.6055,0.0064,0.0007,-0.0219,0.0079,0.0005,0.7645,0.0,0.01,3d380f812f56,2025-10-19
2025-10-19,2025-10-19 18:30:09.861670,AAPL,252.29,2025-10-31,11,110.0,PUT,0.01,0.0,0.21,10,24,1.75,-0.0019,0.0001,-0.0214,0.0027,-0.0002,2.2935,0.0,0.01,e322c9fdb527,2025-10-19
2025-10-19,2025-10-19 18:30:09.861915,AAPL,252.29,2025-10-31,11,120.0,PUT,0.05,0.0,0.0,0,0,0.5,0.0,0.0,-0.0,0.0,-0.0,2.1024,0.0,0.05,c9d00bb0661b,2025-10-19
2025-10-19,2025-10-19 18:30:09.862160,AAPL,252.29,2025-10-31,11,125.0,PUT,0.01,0.0,0.11,1,6,1.3984,-0.0013,0.0001,-0.0116,0.0018,-0.0001,2.0183,0.0,0.01,42ddda388796,2025-10-19
2025-10-19,2025-10-19 18:30:09.862406,AAPL,252.29,2025-10-31,11,130.0,PUT,0.05,0.0,0.22,1,13,1.4297,-0.0025,0.0001,-0.0224,0.0035,-0.0002,1.9407,0.0,0.05,76e7d7085d2d,2025-10-19
2025-10-19,2025-10-19 18:30:09.862648,AAPL,252.29,2025-10-31,11,135.0,PUT,0.02,0.01,0.02,1,3,1.1094,-0.0004,0.0,-0.0032,0.0006,-0.0,1.8688,0.0,0.02,b70b737d6051,2025-10-19
2025-10-19,2025-10-19 18:30:09.862894,AAPL,252.29,2025-10-31,11,140.0,PUT,0.01,0.0,0.1,1,23,1.1719,-0.0013,0.0001,-0.0102,0.0019,-0.0001,1.8021,0.0,0.01,8a00c82479d8,2025-10-19
2025-10-19,2025-10-19 18:30:09.863138,AAPL,252.29,2025-10-31,11,145.0,PUT,0.02,0.0,0.1,1,17,1.1094,-0.0014,0.0001,-0.0104,0.0021,-0.0001,1.7399,0.0,0.02,74151d2edcca,2025-10-19
2025-10-19,2025-10-19 18:30:09.863379,AAPL,252.29,2025-10-31,11,150.0,PUT,0.01,0.01,0.23,1,62,1.1543,-0.0034,0.0002,-0.0237,0.0045,-0.0003,1.6819,0.0,0.01,b588c70a0bda,2025-10-19
2025-10-19,2025-10-19 18:30:09.863621,AAPL,252.29,2025-10-31,11,155.0,PUT,0.02,0.0,0.03,10,44,0.875,-0.0005,0.0,-0.0031,0.0008,-0.0,1.6277,0.0,0.02,777a3700ed96,2025-10-19
2025-10-19,2025-10-19 18:30:09.863865,AAPL,252.29,2025-10-31,11,160.0,PUT,0.03,0.01,0.23,1,148,1.0234,-0.0039,0.0003,-0.0235,0.0051,-0.0003,1.5768,0.0,0.03,5d693e0fe29f,2025-10-19
2025-10-19,2025-10-19 18:30:09.864108,AAPL,252.29,2025-10-31,11,165.0,PUT,0.03,0.0,0.04,9,20,0.7891,-0.0007,0.0001,-0.004,0.0011,-0.0001,1.529,0.0,0.03,c0fa510b9018,2025-10-19
2025-10-19,2025-10-19 18:30:09.864347,AAPL,252.29,2025-10-31,11,170.0,PUT,0.05,0.01,0.05,2,57,0.7695,-0.0012,0.0001,-0.0061,0.0018,-0.0001,1.4841,0.0,0.05,e24616b20ca7,2025-10-19
2025-10-19,2025-10-19 18:30:09.864589,AAPL,252.29,2025-10-31,11,175.0,PUT,0.05,0.03,0.05,26,80,0.7383,-0.0017,0.0002,-0.008,0.0024,-0.0001,1.4417,0.0,0.05,ae41d40cb6ce,2025-10-19
2025-10-19,2025-10-19 18:30:09.864833,AAPL,252.29,2025-10-31,11,180.0,PUT,0.05,0.03,0.05,4,101,0.6875,-0.0019,0.0002,-0.0081,0.0026,-0.0001,1.4016,0.0,0.05,4de1ebf52673,2025-10-19
2025-10-19,2025-10-19 18:30:09.865073,AAPL,252.29,2025-10-31,11,185.0,PUT,0.07,0.04,0.07,13,181,0.6602,-0.0028,0.0003,-0.011,0.0037,-0.0002,1.3637,0.0,0.07,85e358b5751a,2025-10-19
2025-10-19,2025-10-19 18:30:09.865306,AAPL,252.29,2025-10-31,11,190.0,PUT,0.08,0.06,0.09,33,215,0.6309,-0.004,0.0004,-0.0146,0.0051,-0.0003,1.3278,0.0,0.08,75d486fba477,2025-10-19
2025-10-19,2025-10-19 18:30:09.865536,AAPL,252.29,2025-10-31,11,195.0,PUT,0.15,0.07,0.1,30,159,0.5879,-0.0048,0.0005,-0.0162,0.0061,-0.0004,1.2938,0.0,0.15,0221e5118037,2025-10-19
2025-10-19,2025-10-19 18:30:09.865767,AAPL,252.29,2025-10-31,11,200.0,PUT,0.11,0.09,0.12,39,1158,0.5518,-0.0064,0.0007,-0.0197,0.0079,-0.0005,1.2614,0.0,0.11,28a3a00f4b30,2025-10-19
2025-10-19,2025-10-19 18:30:09.865995,AAPL,252.29,2025-10-31,11,205.0,PUT,0.15,0.13,0.15,19,201,0.5205,-0.0092,0.0011,-0.0254,0.0109,-0.0007,1.2307,0.0,0.15,7ba77ea8e320,2025-10-19
2025-10-19,2025-10-19 18:30:09.866223,AAPL,252.29,2025-10-31,11,210.0,PUT,0.18,0.17,0.22,80,682,0.5024,-0.0153,0.0017,-0.038,0.0169,-0.0012,1.2014,0.0,0.18,94d23a1b36c2,2025-10-19
2025-10-19,2025-10-19 18:30:09.866454,AAPL,252.29,2025-10-31,11,215.0,PUT,0.25,0.23,0.26,33,819,0.4605,-0.0198,0.0024,-0.0434,0.021,-0.0016,1.1734,0.0,0.25,0047fca2e90f,2025-10-19
2025-10-19,2025-10-19 18:30:09.866683,AAPL,252.29,2025-10-31,11,220.0,PUT,0.35,0.34,0.36,392,2973,0.4302,-0.0294,0.0036,-0.0564,0.0293,-0.0023,1.1468,0.0,0.35,2b5fb9b8f668,2025-10-19
2025-10-19,2025-10-19 18:30:09.866914,AAPL,252.29,2025-10-31,11,225.0,PUT,0.56,0.53,0.57,1795,3574,0.4107,-0.0484,0.0056,-0.0806,0.044,-0.0038,1.1213,0.0,0.56,cf4362da4eb5,2025-10-19
2025-10-19,2025-10-19 18:30:09.867145,AAPL,252.29,2025-10-31,11,227.5,PUT,0.66,0.67,0.71,740,45,0.4004,-0.0615,0.0069,-0.0948,0.0532,-0.0048,1.109,0.0,0.66,828a02def93e,2025-10-19
2025-10-19,2025-10-19 18:30:09.867378,AAPL,252.29,2025-10-31,11,230.0,PUT,0.87,0.86,0.9,532,3455,0.3919,-0.0787,0.0086,-0.112,0.0643,-0.0062,1.0969,0.0,0.87,2025546ede6e,2025-10-19
2025-10-19,2025-10-19 18:30:09.867610,AAPL,252.29,2025-10-31,11,232.5,PUT,1.14,1.08,1.16,692,79,0.386,-0.1015,0.0105,-0.1331,0.0777,-0.008,1.0851,0.0,1.14,81f6bb0f8aa2,2025-10-19
2025-10-19,2025-10-19 18:30:09.867839,AAPL,252.29,2025-10-31,11,235.0,PUT,1.46,1.41,1.47,3585,2977,0.3789,-0.1287,0.0127,-0.1543,0.092,-0.0101,1.0736,0.0,1.46,87f41ada9f4b,2025-10-19
2025-10-19,2025-10-19 18:30:09.868071,AAPL,252.29,2025-10-31,11,237.5,PUT,1.85,1.77,1.91,559,3343,0.3765,-0.1641,0.015,-0.1801,0.1083,-0.0129,1.0623,0.0,1.85,69316adbf825,2025-10-19
2025-10-19,2025-10-19 18:30:09.868301,AAPL,252.29,2025-10-31,11,240.0,PUT,2.3,2.29,2.35,2204,5290,0.3671,-0.2013,0.0175,-0.1989,0.1231,-0.0159,1.0512,0.0,2.3,9474059641b4,2025-10-19
2025-10-19,2025-10-19 18:30:09.868531,AAPL,252.29,2025-10-31,11,242.5,PUT,2.85,2.81,3.1,411,801,0.3717,-0.2525,0.0196,-0.2282,0.1399,-0.02,1.0404,0.0,2.85,82ac5eba33fb,2025-10-19
2025-10-19,2025-10-19 18:30:09.868759,AAPL,252.29,2025-10-31,11,245.0,PUT,3.5,3.6,3.7,1673,3355,0.3594,-0.3005,0.0221,-0.2392,0.1524,-0.0238,1.0298,0.0,3.5,5a583e0ec5fd,2025-10-19
2025-10-19,2025-10-19 18:30:09.868986,AAPL,252.29,2025-10-31,11,247.5,PUT,4.5,4.35,4.55,745,501,0.3547,-0.3579,0.024,-0.2521,0.1635,-0.0284,1.0194,0.0,4.5,2f0179180354,2025-10-19
2025-10-19,2025-10-19 18:30:09.869216,AAPL,252.29,2025-10-31,11,250.0,PUT,5.4,5.35,5.6,1293,3608,0.3535,-0.4202,0.0252,-0.2615,0.1712,-0.0334,1.0092,0.0,5.4,fd0958c242ea,2025-10-19
2025-10-19,2025-10-19 18:30:09.869444,AAPL,252.29,2025-10-31,11,252.5,PUT,6.55,6.5,6.7,1945,239,0.3471,-0.4845,0.0262,-0.2597,0.1746,-0.0386,0.9992,0.21,6.34,507e2b184a87,2025-10-19
2025-10-19,2025-10-19 18:30:09.869668,AAPL,252.29,2025-10-31,11,255.0,PUT,7.85,7.7,8.1,161,1655,0.3487,-0.5493,0.0259,-0.2568,0.1734,-0.044,0.9894,2.71,5.14,78f5fe62b5e8,2025-10-19
2025-10-19,2025-10-19 18:30:09.869890,AAPL,252.29,2025-10-31,11,257.5,PUT,8.8,9.15,9.45,9,198,0.3396,-0.6157,0.0257,-0.2381,0.1673,-0.0494,0.9798,5.21,3.59,79bb166596e1,2025-10-19
2025-10-19,2025-10-19 18:30:09.870111,AAPL,252.29,2025-10-31,11,260.0,PUT,10.85,10.75,11.8,223,2938,0.379,-0.6569,0.0221,-0.2557,0.161,-0.0533,0.9703,7.71,3.14,712fb1e3ce48,2025-10-19
2025-10-19,2025-10-19 18:30:09.870332,AAPL,252.29,2025-10-31,11,262.5,PUT,12.05,12.35,13.3,29,75,0.3639,-0.7173,0.0212,-0.2211,0.1481,-0.0583,0.9611,10.21,1.84,db81baae931f,2025-10-19
2025-10-19,2025-10-19 18:30:09.870559,AAPL,252.29,2025-10-31,11,265.0,PUT,14.45,14.4,15.55,40,217,0.3882,-0.7503,0.0187,-0.2202,0.1391,-0.0615,0.952,12.71,1.74,586effe4a395,2025-10-19
2025-10-19,2025-10-19 18:30:09.870782,AAPL,252.29,2025-10-31,11,267.5,PUT,17.04,16.3,17.55,110,5,0.3917,-0.7901,0.0168,-0.198,0.1262,-0.0651,0.9431,15.21,1.83,be2980049476,2025-10-19
2025-10-19,2025-10-19 18:30:09.871000,AAPL,252.29,2025-10-31,11,270.0,PUT,18.6,18.5,19.0,1531,183,0.3438,-0.8609,0.0147,-0.1226,0.0971,-0.071,0.9344,17.71,0.89,b06b8157cf1e,2025-10-19
2025-10-19,2025-10-19 18:30:09.871218,AAPL,252.29,2025-10-31,11,275.0,PUT,23.2,22.45,23.8,1,26,0.3837,-0.8926,0.011,-0.1106,0.081,-0.0749,0.9174,22.71,0.49,2a0b22a182a9,2025-10-19
2025-10-19,2025-10-19 18:30:09.871436,AAPL,252.29,2025-10-31,11,280.0,PUT,32.65,27.3,28.3,3,12,0.3757,-0.9387,0.0074,-0.058,0.053,-0.0797,0.901,27.71,4.94,2acf7e9dbd25,2025-10-19
2025-10-19,2025-10-19 18:30:09.871656,AAPL,252.29,2025-10-31,11,285.0,PUT,29.2,32.05,33.35,2,0,0.4312,-0.9422,0.0061,-0.066,0.0507,-0.0815,0.8852,32.71,0.0,301764defe2b,2025-10-19
2025-10-19,2025-10-19 18:30:09.871874,AAPL,252.29,2025-10-31,11,290.0,PUT,36.13,37.0,38.35,1,0,0.4773,-0.9477,0.0051,-0.0674,0.0468,-0.0834,0.87,37.71,0.0,9921a4c041ff,2025-10-19
2025-10-19,2025-10-19 18:30:09.872097,AAPL,252.29,2025-10-31,11,295.0,PUT,43.47,42.0,43.35,0,0,0.5217,-0.9522,0.0044,-0.0685,0.0436,-0.0853,0.8552,42.71,0.76,7abb7ee2a6fb,2025-10-19
2025-10-19,2025-10-19 18:30:09.872315,AAPL,252.29,2025-10-31,11,300.0,PUT,50.12,47.0,48.35,1,0,0.5647,-0.9558,0.0038,-0.0694,0.0409,-0.0871,0.841,47.71,2.41,67cb536a21b1,2025-10-19
2025-10-19,2025-10-19 18:30:09.872534,AAPL,252.29,2025-10-31,11,310.0,PUT,56.26,57.0,58.35,0,0,0.6465,-0.9614,0.003,-0.0707,0.0367,-0.0905,0.8138,57.71,0.0,a601c7873e5b,2025-10-19
2025-10-19,2025-10-19 18:30:09.872753,AAPL,252.29,2025-10-31,11,315.0,PUT,61.11,62.0,63.35,1,0,0.6856,-0.9636,0.0027,-0.0711,0.0349,-0.0922,0.8009,62.71,0.0,690dd7767549,2025-10-19
2025-10-19,2025-10-19 18:30:10.001703,AAPL,252.29,2025-11-07,18,110.0,CALL,148.43,141.7,143.55,5,6,1.6348,0.9933,0.0002,-0.0608,0.0105,0.0532,2.2935,142.29,6.14,815e612b4ff4,2025-10-19
2025-10-19,2025-10-19 18:30:10.002272,AAPL,252.29,2025-11-07,18,120.0,CALL,136.28,131.75,133.55,1,1,1.4922,0.9921,0.0003,-0.0647,0.0121,0.0579,2.1024,132.29,3.99,33887b66e8d4,2025-10-19
2025-10-19,2025-10-19 18:30:10.002828,AAPL,252.29,2025-11-07,18,140.0,CALL,116.3,111.8,113.6,0,1,1.2324,0.9892,0.0004,-0.0716,0.016,0.0674,1.8021,112.29,4.01,dd7dc6f203b7,2025-10-19
2025-10-19,2025-10-19 18:30:10.003331,AAPL,252.29,2025-11-07,18,145.0,CALL,111.61,106.7,108.7,0,1,1.167,0.9886,0.0005,-0.0719,0.0168,0.0698,1.7399,107.29,4.32,f46c4cb4c920,2025-10-19
2025-10-19,2025-10-19 18:30:10.003789,AAPL,252.29,2025-11-07,18,150.0,CALL,105.04,101.85,103.65,0,1,1.124,0.9867,0.0005,-0.0778,0.0192,0.072,1.6819,102.29,2.75,1741a0e31463,2025-10-19
2025-10-19,2025-10-19 18:30:10.004253,AAPL,252.29,2025-11-07,18,160.0,CALL,85.8,91.85,93.7,0,0,1.0088,0.9844,0.0007,-0.0806,0.0219,0.0766,1.5768,92.29,0.0,977eb899dd3c,2025-10-19
2025-10-19,2025-10-19 18:30:10.004704,AAPL,252.29,2025-11-07,18,165.0,CALL,91.99,86.8,88.8,0,1,0.957,0.9828,0.0008,-0.0832,0.0239,0.0789,1.529,87.29,4.7,7a20b7e7f363,2025-10-19
2025-10-19,2025-10-19 18:30:10.005157,AAPL,252.29,2025-11-07,18,170.0,CALL,79.7,82.1,83.55,1,1,0.9063,0.9809,0.0009,-0.0859,0.0261,0.0811,1.4841,82.29,0.0,03ea99c5d496,2025-10-19
2025-10-19,2025-10-19 18:30:10.005605,AAPL,252.29,2025-11-07,18,175.0,CALL,72.63,76.85,78.85,0,1,0.8555,0.9789,0.0011,-0.0882,0.0284,0.0833,1.4417,77.29,0.0,eb2bdffdfd6b,2025-10-19
2025-10-19,2025-10-19 18:30:10.006050,AAPL,252.29,2025-11-07,18,185.0,CALL,68.15,67.15,68.7,2,0,0.7612,0.9734,0.0014,-0.0949,0.0345,0.0875,1.3637,67.29,0.86,fcb0cdb79297,2025-10-19
2025-10-19,2025-10-19 18:30:10.006497,AAPL,252.29,2025-11-07,18,190.0,CALL,60.95,62.25,63.65,1,11,0.7109,0.9706,0.0017,-0.0965,0.0375,0.0896,1.3278,62.29,0.0,922d1c76ec70,2025-10-19
2025-10-19,2025-10-19 18:30:10.006950,AAPL,252.29,2025-11-07,18,195.0,CALL,58.88,57.3,58.7,4,7,0.666,0.9664,0.002,-0.1003,0.0419,0.0915,1.2938,57.29,1.59,f57fa55e262e,2025-10-19
2025-10-19,2025-10-19 18:30:10.007396,AAPL,252.29,2025-11-07,18,200.0,CALL,53.05,52.35,53.7,5,526,0.6162,0.9626,0.0024,-0.1016,0.0457,0.0935,1.2614,52.29,0.76,c0bda88db44c,2025-10-19
2025-10-19,2025-10-19 18:30:10.007852,AAPL,252.29,2025-11-07,18,205.0,CALL,44.82,47.4,48.8,6,196,0.5742,0.9563,0.0029,-0.1066,0.0519,0.0951,1.2307,47.29,0.0,af1c8da42cc0,2025-10-19
2025-10-19,2025-10-19 18:30:10.008298,AAPL,252.29,2025-11-07,18,210.0,CALL,40.95,42.55,43.8,3,154,0.531,0.9488,0.0035,-0.111,0.0589,0.0966,1.2014,42.29,0.0,79b60447ed40,2025-10-19
2025-10-19,2025-10-19 18:30:10.008751,AAPL,252.29,2025-11-07,18,215.0,CALL,38.21,37.7,38.85,4,58,0.552,0.9168,0.0049,-0.1552,0.0858,0.0948,1.1734,37.29,0.92,4ccc3a43bc21,2025-10-19
2025-10-19,2025-10-19 18:30:10.009198,AAPL,252.29,2025-11-07,18,220.0,CALL,33.61,33.05,34.2,6,192,0.5233,0.8954,0.0062,-0.1713,0.1016,0.0945,1.1468,32.29,1.32,7353ab081473,2025-10-19
2025-10-19,2025-10-19 18:30:10.009642,AAPL,252.29,2025-11-07,18,225.0,CALL,28.87,28.15,29.0,12,75,0.4453,0.8906,0.0075,-0.1539,0.105,0.0964,1.1213,27.29,1.58,c5d5fcdd32ed,2025-10-19
2025-10-19,2025-10-19 18:30:10.010032,AAPL,252.29,2025-11-07,18,230.0,CALL,25.0,23.9,24.45,55,263,0.4169,0.8576,0.0096,-0.1697,0.1262,0.0946,1.0969,22.29,2.71,e4e1630b492b,2025-10-19
2025-10-19,2025-10-19 18:30:10.010412,AAPL,252.29,2025-11-07,18,235.0,CALL,19.96,19.8,20.05,43,669,0.3889,0.8135,0.0123,-0.1852,0.1503,0.0913,1.0736,17.29,2.67,468bfcfe3131,2025-10-19
2025-10-19,2025-10-19 18:30:10.010788,AAPL,252.29,2025-11-07,18,240.0,CALL,16.3,15.75,16.05,240,518,0.3714,0.7497,0.0153,-0.2051,0.1781,0.0854,1.0512,12.29,4.01,0173e1649096,2025-10-19
2025-10-19,2025-10-19 18:30:10.011170,AAPL,252.29,2025-11-07,18,245.0,CALL,13.05,12.1,12.45,169,1760,0.3576,0.6689,0.0181,-0.2211,0.2032,0.0771,1.0298,7.29,5.76,ccba69abee9e,2025-10-19
2025-10-19,2025-10-19 18:30:10.011549,AAPL,252.29,2025-11-07,18,250.0,CALL,9.22,9.15,9.3,1953,3463,0.3456,0.5738,0.0203,-0.2276,0.2197,0.0669,1.0092,2.29,6.93,32c8a9451902,2025-10-19
2025-10-19,2025-10-19 18:30:10.011926,AAPL,252.29,2025-11-07,18,255.0,CALL,6.7,6.55,6.7,2539,3023,0.337,0.4698,0.0211,-0.2225,0.2229,0.0552,0.9894,0.0,6.7,00ad58297a44,2025-10-19
2025-10-19,2025-10-19 18:30:10.012309,AAPL,252.29,2025-11-07,18,260.0,CALL,4.65,4.5,4.75,2237,5965,0.3355,0.368,0.0201,-0.2077,0.2112,0.0435,0.9703,0.0,4.65,d89a8cbb0bc0,2025-10-19
2025-10-19,2025-10-19 18:30:10.012688,AAPL,252.29,2025-11-07,18,265.0,CALL,2.97,2.93,3.1,1024,7239,0.3263,0.2705,0.0181,-0.1761,0.1854,0.0322,0.952,0.0,2.97,a91e5d3ddee8,2025-10-19
2025-10-19,2025-10-19 18:30:10.013073,AAPL,252.29,2025-11-07,18,270.0,CALL,1.94,1.75,2.04,908,42501,0.3259,0.192,0.015,-0.1443,0.153,0.023,0.9344,0.0,1.94,a1f43ec8826b,2025-10-19
2025-10-19,2025-10-19 18:30:10.013454,AAPL,252.29,2025-11-07,18,275.0,CALL,1.22,1.19,1.26,582,5178,0.3229,0.1281,0.0116,-0.1091,0.1173,0.0154,0.9174,0.0,1.22,2f6441ca05f3,2025-10-19
2025-10-19,2025-10-19 18:30:10.013832,AAPL,252.29,2025-11-07,18,280.0,CALL,0.72,0.73,0.77,893,5969,0.3228,0.0827,0.0084,-0.0791,0.0854,0.01,0.901,0.0,0.72,689d62119888,2025-10-19
2025-10-19,2025-10-19 18:30:10.014213,AAPL,252.29,2025-11-07,18,285.0,CALL,0.46,0.45,0.48,375,1276,0.3262,0.053,0.0059,-0.0565,0.0605,0.0064,0.8852,0.0,0.46,01c38cf54472,2025-10-19
2025-10-19,2025-10-19 18:30:10.014594,AAPL,252.29,2025-11-07,18,290.0,CALL,0.29,0.27,0.3,92,1680,0.3311,0.0338,0.004,-0.0397,0.0421,0.0041,0.87,0.0,0.29,acbc0f17a465,2025-10-19
2025-10-19,2025-10-19 18:30:10.014972,AAPL,252.29,2025-11-07,18,295.0,CALL,0.19,0.17,0.19,27,737,0.3364,0.0214,0.0027,-0.0275,0.0287,0.0026,0.8552,0.0,0.19,4e0d833121c8,2025-10-19
2025-10-19,2025-10-19 18:30:10.015351,AAPL,252.29,2025-11-07,18,300.0,CALL,0.14,0.1,0.12,74,1003,0.3423,0.0135,0.0018,-0.0188,0.0194,0.0016,0.841,0.0,0.14,0e8b4ec31648,2025-10-19
2025-10-19,2025-10-19 18:30:10.015730,AAPL,252.29,2025-11-07,18,305.0,CALL,0.1,0.06,0.09,10,482,0.3555,0.0097,0.0013,-0.0147,0.0146,0.0012,0.8272,0.0,0.1,22cf14531dfc,2025-10-19
2025-10-19,2025-10-19 18:30:10.016115,AAPL,252.29,2025-11-07,18,310.0,CALL,0.07,0.03,0.07,39,1142,0.3701,0.0074,0.001,-0.012,0.0114,0.0009,0.8138,0.0,0.07,6cbd9f1b697d,2025-10-19
2025-10-19,2025-10-19 18:30:10.016458,AAPL,252.29,2025-11-07,18,315.0,CALL,0.06,0.02,0.05,2,242,0.3789,0.0051,0.0007,-0.0088,0.0082,0.0006,0.8009,0.0,0.06,9ae987347494,2025-10-19
2025-10-19,2025-10-19 18:30:10.016788,AAPL,252.29,2025-11-07,18,320.0,CALL,0.04,0.03,0.04,54,234,0.3926,0.0039,0.0005,-0.0072,0.0065,0.0005,0.7884,0.0,0.04,54d06eee2e69,2025-10-19
2025-10-19,2025-10-19 18:30:10.017121,AAPL,252.29,2025-11-07,18,325.0,CALL,0.01,0.0,0.04,15,112,0.416,0.0038,0.0005,-0.0074,0.0063,0.0005,0.7763,0.0,0.01,b32c7080c6c6,2025-10-19
2025-10-19,2025-10-19 18:30:10.017454,AAPL,252.29,2025-11-07,18,330.0,CALL,0.02,0.0,0.03,22,18,0.4238,0.0027,0.0004,-0.0056,0.0047,0.0003,0.7645,0.0,0.02,e854ccc7a111,2025-10-19
2025-10-19,2025-10-19 18:30:10.017880,AAPL,252.29,2025-11-07,18,110.0,PUT,0.02,0.0,0.15,2,27,1.3594,-0.0018,0.0001,-0.0122,0.0033,-0.0002,2.2935,0.0,0.02,887421f11a84,2025-10-19
2025-10-19,2025-10-19 18:30:10.018215,AAPL,252.29,2025-11-07,18,125.0,PUT,0.01,0.01,0.16,15,21,1.1797,-0.0024,0.0001,-0.0137,0.0042,-0.0003,2.0183,0.0,0.01,860b6d275c63,2025-10-19
2025-10-19,2025-10-19 18:30:10.018550,AAPL,252.29,2025-11-07,18,135.0,PUT,0.02,0.0,0.18,10,0,1.0664,-0.0028,0.0001,-0.0143,0.0048,-0.0004,1.8688,0.0,0.02,4d66949f4afc,2025-10-19
2025-10-19,2025-10-19 18:30:10.018883,AAPL,252.29,2025-11-07,18,140.0,PUT,0.02,0.0,0.14,735,922,0.9805,-0.0024,0.0001,-0.0112,0.0041,-0.0003,1.8021,0.0,0.02,ed2ba3441860,2025-10-19
2025-10-19,2025-10-19 18:30:10.019214,AAPL,252.29,2025-11-07,18,145.0,PUT,0.04,0.0,0.19,2,6,0.959,-0.0033,0.0002,-0.0147,0.0056,-0.0004,1.7399,0.0,0.04,9ca3edf31b85,2025-10-19
2025-10-19,2025-10-19 18:30:10.019550,AAPL,252.29,2025-11-07,18,150.0,PUT,0.01,0.0,0.04,2,3,0.7734,-0.0009,0.0001,-0.0036,0.0017,-0.0001,1.6819,0.0,0.01,5a1cacf0cb99,2025-10-19
2025-10-19,2025-10-19 18:30:10.019883,AAPL,252.29,2025-11-07,18,155.0,PUT,0.05,0.0,0.13,54,58,0.8164,-0.0026,0.0002,-0.0103,0.0046,-0.0003,1.6277,0.0,0.05,ddea8acae0bc,2025-10-19
2025-10-19,2025-10-19 18:30:10.020213,AAPL,252.29,2025-11-07,18,160.0,PUT,0.06,0.0,0.04,48,56,0.6797,-0.0009,0.0001,-0.0033,0.0018,-0.0001,1.5768,0.0,0.06,519a0f96e95d,2025-10-19
2025-10-19,2025-10-19 18:30:10.020541,AAPL,252.29,2025-11-07,18,165.0,PUT,0.04,0.03,0.14,12,9,0.7422,-0.0038,0.0003,-0.0128,0.0063,-0.0005,1.529,0.0,0.04,07d5c088e9e0,2025-10-19
2025-10-19,2025-10-19 18:30:10.020841,AAPL,252.29,2025-11-07,18,170.0,PUT,0.07,0.03,0.1,2,27,0.6738,-0.0032,0.0003,-0.01,0.0054,-0.0004,1.4841,0.0,0.07,6799b677d114,2025-10-19
2025-10-19,2025-10-19 18:30:10.021135,AAPL,252.29,2025-11-07,18,175.0,PUT,0.09,0.03,0.13,4,9,0.6445,-0.0041,0.0003,-0.012,0.0068,-0.0005,1.4417,0.0,0.09,c36d68760640,2025-10-19
2025-10-19,2025-10-19 18:30:10.021431,AAPL,252.29,2025-11-07,18,180.0,PUT,0.08,0.05,0.11,15,112,0.5996,-0.0044,0.0004,-0.0119,0.0072,-0.0006,1.4016,0.0,0.08,f05443e2c63e,2025-10-19
2025-10-19,2025-10-19 18:30:10.021733,AAPL,252.29,2025-11-07,18,185.0,PUT,0.11,0.06,0.12,4,87,0.5645,-0.0053,0.0005,-0.0132,0.0085,-0.0007,1.3637,0.0,0.11,d9a6255bdd3a,2025-10-19
2025-10-19,2025-10-19 18:30:10.022031,AAPL,252.29,2025-11-07,18,190.0,PUT,0.12,0.08,0.15,10,1224,0.5371,-0.007,0.0007,-0.0161,0.011,-0.0009,1.3278,0.0,0.12,199977de0489,2025-10-19
2025-10-19,2025-10-19 18:30:10.022326,AAPL,252.29,2025-11-07,18,195.0,PUT,0.16,0.14,0.17,3,35,0.5147,-0.0099,0.0009,-0.0208,0.0148,-0.0013,1.2938,0.0,0.16,ea880b411d25,2025-10-19
2025-10-19,2025-10-19 18:30:10.022619,AAPL,252.29,2025-11-07,18,200.0,PUT,0.21,0.18,0.21,82,908,0.4922,-0.0139,0.0013,-0.0267,0.0199,-0.0018,1.2614,0.0,0.21,6255761373ee,2025-10-19
2025-10-19,2025-10-19 18:30:10.022917,AAPL,252.29,2025-11-07,18,205.0,PUT,0.24,0.24,0.29,22,84,0.4712,-0.0198,0.0018,-0.0346,0.0269,-0.0026,1.2307,0.0,0.24,a2220421f4bf,2025-10-19
2025-10-19,2025-10-19 18:30:10.023218,AAPL,252.29,2025-11-07,18,210.0,PUT,0.34,0.31,0.34,11,248,0.4365,-0.0248,0.0024,-0.0386,0.0325,-0.0032,1.2014,0.0,0.34,d92b5351d2b2,2025-10-19
2025-10-19,2025-10-19 18:30:10.023521,AAPL,252.29,2025-11-07,18,215.0,PUT,0.44,0.43,0.45,92,575,0.4111,-0.0342,0.0033,-0.0475,0.0425,-0.0044,1.1734,0.0,0.44,f22f70925818,2025-10-19
2025-10-19,2025-10-19 18:30:10.023815,AAPL,252.29,2025-11-07,18,220.0,PUT,0.6,0.59,0.68,107,1003,0.397,-0.0523,0.0048,-0.0644,0.0599,-0.0068,1.1468,0.0,0.6,01ee22c14cf5,2025-10-19
2025-10-19,2025-10-19 18:30:10.024111,AAPL,252.29,2025-11-07,18,225.0,PUT,0.82,0.87,0.96,171,1436,0.3767,-0.0754,0.0067,-0.0809,0.0796,-0.0097,1.1213,0.0,0.82,3707b0fbd54a,2025-10-19
2025-10-19,2025-10-19 18:30:10.024414,AAPL,252.29,2025-11-07,18,230.0,PUT,1.36,1.33,1.38,525,1253,0.3585,-0.1094,0.0093,-0.101,0.105,-0.0142,1.0969,0.0,1.36,906edc2d80e9,2025-10-19
2025-10-19,2025-10-19 18:30:10.024711,AAPL,252.29,2025-11-07,18,235.0,PUT,2.05,2.0,2.07,484,860,0.3463,-0.161,0.0126,-0.1264,0.1369,-0.0209,1.0736,0.0,2.05,1a47b538d967,2025-10-19
2025-10-19,2025-10-19 18:30:10.025008,AAPL,252.29,2025-11-07,18,240.0,PUT,3.0,2.9,3.1,197,1648,0.337,-0.2314,0.0161,-0.1523,0.1707,-0.0301,1.0512,0.0,3.0,799ab8ca800a,2025-10-19
2025-10-19,2025-10-19 18:30:10.025309,AAPL,252.29,2025-11-07,18,245.0,PUT,4.32,4.35,4.5,231,1123,0.3272,-0.319,0.0195,-0.1715,0.2001,-0.0416,1.0298,0.0,4.32,db199df2cbfb,2025-10-19
2025-10-19,2025-10-19 18:30:10.025605,AAPL,252.29,2025-11-07,18,250.0,PUT,6.25,6.1,6.5,1343,1558,0.3237,-0.4232,0.0216,-0.1834,0.2194,-0.0555,1.0092,0.0,6.25,b49b40dd4ed4,2025-10-19
2025-10-19,2025-10-19 18:30:10.025899,AAPL,252.29,2025-11-07,18,255.0,PUT,8.68,8.45,8.9,447,490,0.3153,-0.5342,0.0225,-0.1774,0.2227,-0.0705,0.9894,2.71,5.97,66631f10d7b2,2025-10-19
2025-10-19,2025-10-19 18:30:10.026196,AAPL,252.29,2025-11-07,18,260.0,PUT,11.62,11.05,12.25,20,212,0.3261,-0.6364,0.0205,-0.1693,0.2103,-0.0849,0.9703,7.71,3.91,65c6eed0859a,2025-10-19
2025-10-19,2025-10-19 18:30:10.026497,AAPL,252.29,2025-11-07,18,265.0,PUT,15.98,15.05,15.4,11,101,0.3051,-0.745,0.0188,-0.1275,0.1799,-0.0999,0.952,12.71,3.27,ee22eb9dccb0,2025-10-19
2025-10-19,2025-10-19 18:30:10.026795,AAPL,252.29,2025-11-07,18,270.0,PUT,18.15,18.95,19.25,6,28,0.2943,-0.8343,0.0151,-0.0858,0.1394,-0.1129,0.9344,17.71,0.44,0a26c7b47f9e,2025-10-19
2025-10-19,2025-10-19 18:30:10.027092,AAPL,252.29,2025-11-07,18,275.0,PUT,24.9,23.3,23.7,1,23,0.3009,-0.8894,0.0112,-0.0579,0.1058,-0.122,0.9174,22.71,2.19,e4caf7e71b91,2025-10-19
2025-10-19,2025-10-19 18:30:10.027391,AAPL,252.29,2025-11-07,18,280.0,PUT,32.75,27.2,28.75,1,9,0.3491,-0.8992,0.009,-0.0645,0.0989,-0.1257,0.901,27.71,5.04,fe2333ccd352,2025-10-19
2025-10-19,2025-10-19 18:30:10.027666,AAPL,252.29,2025-11-07,18,290.0,PUT,35.97,36.95,38.35,0,0,0.3848,-0.9408,0.0055,-0.0367,0.066,-0.1356,0.87,37.71,0.0,159c7ddae796,2025-10-19
2025-10-19,2025-10-19 18:30:10.027940,AAPL,252.29,2025-11-07,18,295.0,PUT,40.72,41.9,43.45,0,0,0.4341,-0.9396,0.0049,-0.0464,0.0671,-0.1379,0.8552,42.71,0.0,8103edb167d0,2025-10-19
2025-10-19,2025-10-19 18:30:10.028216,AAPL,252.29,2025-11-07,18,300.0,PUT,52.52,46.7,48.35,0,0,0.4553,-0.9495,0.0041,-0.0382,0.0582,-0.1416,0.841,47.71,4.81,118d9e91ae65,2025-10-19
2025-10-20,2025-10-20 18:36:02.107698,AAPL,262.24,2025-10-24,3,110.0,CALL,152.8,151.6,152.95,2,10,2.625,0.9999,0.0,-0.0169,0.0001,0.009,2.384,152.24,0.56,7eef6a1c85c8,2025-10-20
2025-10-20,2025-10-20 18:36:02.112226,AAPL,262.24,2025-10-24,3,120.0,CALL,128.65,141.7,142.85,25,26,2.375,0.9999,0.0,-0.0182,0.0001,0.0099,2.1853,142.24,0.0,cab0f984ef99,2025-10-20
2025-10-20,2025-10-20 18:36:02.113159,AAPL,262.24,2025-10-24,3,125.0,CALL,133.49,136.7,137.85,3,3,2.25,0.9999,0.0,-0.0187,0.0001,0.0103,2.0979,137.24,0.0,560b6b82aefe,2025-10-20
2025-10-20,2025-10-20 18:36:02.114205,AAPL,262.24,2025-10-24,3,140.0,CALL,116.1,121.7,122.9,1,1,2.0391,0.9998,0.0,-0.0246,0.0002,0.0115,1.8731,122.24,0.0,8e168f1810b9,2025-10-20
2025-10-20,2025-10-20 18:36:02.114870,AAPL,262.24,2025-10-24,3,150.0,CALL,102.67,111.7,112.9,10,51,1.8281,0.9997,0.0,-0.0259,0.0002,0.0123,1.7483,112.24,0.0,e063997b2ccd,2025-10-20
2025-10-20,2025-10-20 18:36:02.116053,AAPL,262.24,2025-10-24,3,155.0,CALL,95.88,106.7,107.9,1,1,1.7266,0.9997,0.0,-0.0264,0.0003,0.0127,1.6919,107.24,0.0,96b0f85574a2,2025-10-20
2025-10-20,2025-10-20 18:36:02.117073,AAPL,262.24,2025-10-24,3,160.0,CALL,94.2,101.7,102.9,1,0,1.6328,0.9997,0.0,-0.0273,0.0003,0.0131,1.639,102.24,0.0,c26a1f4c9733,2025-10-20
2025-10-20,2025-10-20 18:36:02.117856,AAPL,262.24,2025-10-24,3,165.0,CALL,84.52,96.75,97.9,1,5,1.6016,0.9995,0.0001,-0.0325,0.0005,0.0135,1.5893,97.24,0.0,8d52b2e583ee,2025-10-20
2025-10-20,2025-10-20 18:36:02.118826,AAPL,262.24,2025-10-24,3,170.0,CALL,78.45,91.75,92.9,2,8,1.5078,0.9994,0.0001,-0.0334,0.0005,0.014,1.5426,92.24,0.0,730123e96ddc,2025-10-20
2025-10-20,2025-10-20 18:36:02.119432,AAPL,262.24,2025-10-24,3,175.0,CALL,75.73,86.75,87.9,2,4,1.4141,0.9994,0.0001,-0.034,0.0005,0.0144,1.4985,87.24,0.0,0c9ff3b8fef2,2025-10-20
2025-10-20,2025-10-20 18:36:02.120852,AAPL,262.24,2025-10-24,3,180.0,CALL,69.85,81.75,82.9,1,26,1.3242,0.9993,0.0001,-0.0348,0.0006,0.0148,1.4569,82.24,0.0,872fab6ddc1d,2025-10-20
2025-10-20,2025-10-20 18:36:02.121682,AAPL,262.24,2025-10-24,3,185.0,CALL,78.0,76.75,77.9,1,8,1.2383,0.9992,0.0001,-0.0358,0.0006,0.0152,1.4175,77.24,0.76,98a6d64adc8b,2025-10-20
2025-10-20,2025-10-20 18:36:02.122530,AAPL,262.24,2025-10-24,3,190.0,CALL,73.2,71.6,72.95,10,28,1.0391,0.9997,0.0,-0.0274,0.0002,0.0156,1.3802,72.24,0.96,f7b3a3297c10,2025-10-20
2025-10-20,2025-10-20 18:36:02.123508,AAPL,262.24,2025-10-24,3,195.0,CALL,54.05,66.75,67.9,7,107,1.0703,0.9991,0.0001,-0.0376,0.0008,0.016,1.3448,67.24,0.0,0734b2cb4d88,2025-10-20
2025-10-20,2025-10-20 18:36:02.124242,AAPL,262.24,2025-10-24,3,200.0,CALL,63.6,61.6,63.05,28,156,0.9883,0.9989,0.0002,-0.0385,0.0008,0.0164,1.3112,62.24,1.36,19cb52d585f9,2025-10-20
2025-10-20,2025-10-20 18:36:02.125274,AAPL,262.24,2025-10-24,3,205.0,CALL,58.24,56.6,58.0,11,36,0.8672,0.9993,0.0001,-0.0341,0.0006,0.0168,1.2792,57.24,1.0,c2c79a4bb2aa,2025-10-20
2025-10-20,2025-10-20 18:36:02.126012,AAPL,262.24,2025-10-24,3,210.0,CALL,53.8,52.05,52.85,63,433,0.9414,0.996,0.0005,-0.0702,0.0028,0.0172,1.2488,52.24,1.56,ef2721139dcd,2025-10-20
2025-10-20,2025-10-20 18:36:02.127384,AAPL,262.24,2025-10-24,3,215.0,CALL,48.7,46.65,48.05,12,272,0.7773,0.9979,0.0004,-0.0471,0.0016,0.0176,1.2197,47.24,1.46,cf441275e767,2025-10-20
2025-10-20,2025-10-20 18:36:02.128713,AAPL,262.24,2025-10-24,3,220.0,CALL,42.1,41.8,43.05,16,3493,0.7539,0.9955,0.0007,-0.0666,0.0032,0.018,1.192,42.24,0.0,361b0e374e10,2025-10-20
2025-10-20,2025-10-20 18:36:02.129466,AAPL,262.24,2025-10-24,3,222.5,CALL,39.61,39.1,40.65,5,290,0.6777,0.9966,0.0006,-0.0545,0.0024,0.0182,1.1786,39.74,0.0,2bbe5061e767,2025-10-20
2025-10-20,2025-10-20 18:36:02.130332,AAPL,262.24,2025-10-24,3,225.0,CALL,37.28,36.95,37.95,627,1012,0.6856,0.9938,0.0011,-0.075,0.0042,0.0184,1.1655,37.24,0.04,f3a8c278f3ed,2025-10-20
2025-10-20,2025-10-20 18:36:02.131374,AAPL,262.24,2025-10-24,3,227.5,CALL,35.65,34.05,35.7,3,1212,0.5986,0.996,0.0008,-0.056,0.0028,0.0186,1.1527,34.74,0.91,8884d4cb67d0,2025-10-20
2025-10-20,2025-10-20 18:36:02.132068,AAPL,262.24,2025-10-24,3,230.0,CALL,32.0,32.1,33.25,544,2980,0.6899,0.9836,0.0025,-0.1396,0.0097,0.0185,1.1402,32.24,0.0,244260f6ad38,2025-10-20
2025-10-20,2025-10-20 18:36:02.133085,AAPL,262.24,2025-10-24,3,232.5,CALL,31.41,29.35,30.4,47,310,0.5195,0.9952,0.0011,-0.0574,0.0033,0.019,1.1279,29.74,1.67,dfc56b86f7ec,2025-10-20
2025-10-20,2025-10-20 18:36:02.134239,AAPL,262.24,2025-10-24,3,235.0,CALL,27.55,27.2,28.15,606,2419,0.5977,0.9802,0.0034,-0.142,0.0114,0.0189,1.1159,27.24,0.31,c912af5a2903,2025-10-20
2025-10-20,2025-10-20 18:36:02.135295,AAPL,262.24,2025-10-24,3,237.5,CALL,26.05,24.65,25.35,51,281,0.5962,0.9691,0.0049,-0.1931,0.0166,0.0188,1.1042,24.74,1.31,dfdd8c2e0314,2025-10-20
2025-10-20,2025-10-20 18:36:02.136151,AAPL,262.24,2025-10-24,3,240.0,CALL,22.29,22.25,22.85,758,2954,0.5469,0.9656,0.0059,-0.1935,0.0181,0.019,1.0927,22.24,0.05,fe37fce7e397,2025-10-20
2025-10-20,2025-10-20 18:36:02.137278,AAPL,262.24,2025-10-24,3,242.5,CALL,20.52,19.8,20.2,291,588,0.4644,0.9705,0.0061,-0.1522,0.0159,0.0193,1.0814,19.74,0.78,4945171a3781,2025-10-20
2025-10-20,2025-10-20 18:36:02.138158,AAPL,262.24,2025-10-24,3,245.0,CALL,17.65,17.4,17.9,771,3509,0.4578,0.9524,0.0091,-0.2086,0.0236,0.0191,1.0704,17.24,0.41,41e3b7289c29,2025-10-20
2025-10-20,2025-10-20 18:36:02.139455,AAPL,262.24,2025-10-24,3,247.5,CALL,15.17,14.95,15.3,1230,3441,0.3887,0.9525,0.0107,-0.1813,0.0235,0.0193,1.0596,14.74,0.43,2429eea2315a,2025-10-20
2025-10-20,2025-10-20 18:36:02.140207,AAPL,262.24,2025-10-24,3,250.0,CALL,12.75,12.65,12.95,8764,13248,0.3628,0.9307,0.0154,-0.2201,0.0317,0.019,1.049,12.24,0.51,1ee5a059f4c3,2025-10-20
2025-10-20,2025-10-20 18:36:02.141126,AAPL,262.24,2025-10-24,3,252.5,CALL,10.65,10.3,10.6,5969,8238,0.3301,0.9018,0.0221,-0.2543,0.0412,0.0186,1.0386,9.74,0.91,f8649ab02be2,2025-10-20
2025-10-20,2025-10-20 18:36:02.141835,AAPL,262.24,2025-10-24,3,255.0,CALL,8.25,8.2,8.4,22816,32185,0.3071,0.8491,0.0321,-0.3113,0.0556,0.0177,1.0284,7.24,1.01,5fa75cc92cd5,2025-10-20
2025-10-20,2025-10-20 18:36:02.142876,AAPL,262.24,2025-10-24,3,257.5,CALL,6.31,6.2,6.35,24140,11134,0.2866,0.7671,0.0449,-0.3714,0.0727,0.0161,1.0184,4.74,1.57,c89185dabd81,2025-10-20
2025-10-20,2025-10-20 18:36:02.143674,AAPL,262.24,2025-10-24,3,260.0,CALL,4.55,4.5,4.65,146723,29677,0.28,0.6425,0.0561,-0.4344,0.0887,0.0135,1.0086,2.24,2.31,7813c2457095,2025-10-20
2025-10-20,2025-10-20 18:36:02.144461,AAPL,262.24,2025-10-24,3,262.5,CALL,3.11,3.05,3.2,59088,13640,0.2717,0.4949,0.0617,-0.4452,0.0948,0.0105,0.999,0.0,3.11,030655dbd716,2025-10-20
2025-10-20,2025-10-20 18:36:02.145415,AAPL,262.24,2025-10-24,3,265.0,CALL,2.0,2.0,2.1,133768,14590,0.268,0.3432,0.0577,-0.4014,0.0874,0.0073,0.9896,0.0,2.0,019b7f322d53,2025-10-20
2025-10-20,2025-10-20 18:36:02.146445,AAPL,262.24,2025-10-24,3,267.5,CALL,1.25,1.22,1.27,38070,4173,0.2622,0.2096,0.0462,-0.3058,0.0684,0.0045,0.9803,0.0,1.25,cc3ba785c2f9,2025-10-20
2025-10-20,2025-10-20 18:36:02.147273,AAPL,262.24,2025-10-24,3,270.0,CALL,0.71,0.71,0.73,84365,12130,0.26,0.1132,0.0311,-0.2014,0.0456,0.0024,0.9713,0.0,0.71,3169d5e6ae6a,2025-10-20
2025-10-20,2025-10-20 18:36:02.148211,AAPL,262.24,2025-10-24,3,272.5,CALL,0.41,0.4,0.41,38943,2522,0.2612,0.0556,0.0181,-0.1179,0.0267,0.0012,0.9623,0.0,0.41,3752d73a07e1,2025-10-20
2025-10-20,2025-10-20 18:36:02.148997,AAPL,262.24,2025-10-24,3,275.0,CALL,0.23,0.21,0.23,26578,8069,0.2656,0.0259,0.0095,-0.0641,0.0143,0.0006,0.9536,0.0,0.23,a4195a9c85f8,2025-10-20
2025-10-20,2025-10-20 18:36:02.149956,AAPL,262.24,2025-10-24,3,277.5,CALL,0.12,0.12,0.13,5291,455,0.272,0.0117,0.0047,-0.0333,0.0073,0.0003,0.945,0.0,0.12,40595eb1cd9e,2025-10-20
2025-10-20,2025-10-20 18:36:02.151074,AAPL,262.24,2025-10-24,3,280.0,CALL,0.07,0.07,0.08,14494,4008,0.2822,0.0056,0.0024,-0.0182,0.0038,0.0001,0.9366,0.0,0.07,034600a76222,2025-10-20
2025-10-20,2025-10-20 18:36:02.152318,AAPL,262.24,2025-10-24,3,282.5,CALL,0.05,0.04,0.05,3435,650,0.293,0.0028,0.0012,-0.01,0.002,0.0001,0.9283,0.0,0.05,ca9818ff57c9,2025-10-20
2025-10-20,2025-10-20 18:36:02.153276,AAPL,262.24,2025-10-24,3,285.0,CALL,0.03,0.03,0.04,3043,5939,0.3125,0.0018,0.0008,-0.0072,0.0014,0.0,0.9201,0.0,0.03,a7f07b0283fc,2025-10-20
2025-10-20,2025-10-20 18:36:02.154095,AAPL,262.24,2025-10-24,3,290.0,CALL,0.02,0.01,0.02,7810,5224,0.3399,0.0006,0.0003,-0.0029,0.0005,0.0,0.9043,0.0,0.02,0e4fa1888986,2025-10-20
2025-10-20,2025-10-20 18:36:02.155284,AAPL,262.24,2025-10-24,3,295.0,CALL,0.01,0.01,0.02,649,575,0.3906,0.0005,0.0002,-0.0027,0.0004,0.0,0.8889,0.0,0.01,1715d2221a8d,2025-10-20
2025-10-20,2025-10-20 18:36:02.156261,AAPL,262.24,2025-10-24,3,300.0,CALL,0.01,0.0,0.01,903,1948,0.4063,0.0001,0.0001,-0.0009,0.0001,0.0,0.8741,0.0,0.01,333d28682750,2025-10-20
2025-10-20,2025-10-20 18:36:02.157195,AAPL,262.24,2025-10-24,3,305.0,CALL,0.01,0.0,0.01,7,302,0.4531,0.0001,0.0,-0.0009,0.0001,0.0,0.8598,0.0,0.01,790b157f477a,2025-10-20
2025-10-20,2025-10-20 18:36:02.158004,AAPL,262.24,2025-10-24,3,310.0,CALL,0.01,0.0,0.01,1,145,0.5,0.0001,0.0,-0.001,0.0001,0.0,0.8459,0.0,0.01,abd759ac466e,2025-10-20
2025-10-20,2025-10-20 18:36:02.158793,AAPL,262.24,2025-10-24,3,315.0,CALL,0.01,0.0,0.01,2,125,0.5156,0.0001,0.0,-0.0004,0.0,0.0,0.8325,0.0,0.01,d76b5fd15c91,2025-10-20
2025-10-20,2025-10-20 18:36:02.159533,AAPL,262.24,2025-10-24,3,320.0,CALL,0.01,0.0,0.01,10,100,0.5469,0.0,0.0,-0.0003,0.0,0.0,0.8195,0.0,0.01,a2ab28fd8105,2025-10-20
2025-10-20,2025-10-20 18:36:02.160693,AAPL,262.24,2025-10-24,3,325.0,CALL,0.01,0.0,0.01,1,122,0.5938,0.0,0.0,-0.0004,0.0,0.0,0.8069,0.0,0.01,c599b9eb2c68,2025-10-20
2025-10-20,2025-10-20 18:36:02.162433,AAPL,262.24,2025-10-24,3,330.0,CALL,0.01,0.0,0.01,22,5,0.625,0.0,0.0,-0.0003,0.0,0.0,0.7947,0.0,0.01,066dbe6f71a8,2025-10-20
2025-10-20,2025-10-20 18:36:02.163932,AAPL,262.24,2025-10-24,3,110.0,PUT,0.01,0.0,0.01,3,53,2.25,-0.0,0.0,-0.0003,0.0,-0.0,2.384,0.0,0.01,3173f95748ab,2025-10-20
2025-10-20,2025-10-20 18:36:02.164696,AAPL,262.24,2025-10-24,3,130.0,PUT,0.01,0.0,0.01,50,53,1.8125,-0.0,0.0,-0.0002,0.0,-0.0,2.0172,0.0,0.01,97ea67bc0d3c,2025-10-20
2025-10-20,2025-10-20 18:36:02.165530,AAPL,262.24,2025-10-24,3,135.0,PUT,0.02,0.0,0.08,100,103,2.0625,-0.0001,0.0,-0.0042,0.0001,-0.0,1.9425,0.0,0.02,1a221a66ea2c,2025-10-20
2025-10-20,2025-10-20 18:36:02.166417,AAPL,262.24,2025-10-24,3,140.0,PUT,0.01,0.0,0.09,5,426,1.9766,-0.0002,0.0,-0.0049,0.0001,-0.0,1.8731,0.0,0.01,f2dd10243c85,2025-10-20
2025-10-20,2025-10-20 18:36:02.167183,AAPL,262.24,2025-10-24,3,145.0,PUT,0.01,0.0,0.09,10,56,1.875,-0.0002,0.0,-0.005,0.0002,-0.0,1.8086,0.0,0.01,21f33c193d8f,2025-10-20
2025-10-20,2025-10-20 18:36:02.168513,AAPL,262.24,2025-10-24,3,150.0,PUT,0.01,0.0,0.09,30,208,1.7734,-0.0002,0.0,-0.005,0.0002,-0.0,1.7483,0.0,0.01,92e6ce989632,2025-10-20
2025-10-20,2025-10-20 18:36:02.169398,AAPL,262.24,2025-10-24,3,155.0,PUT,0.05,0.0,0.01,3,6,1.375,-0.0,0.0,-0.0002,0.0,-0.0,1.6919,0.0,0.05,54c6806bedf0,2025-10-20
2025-10-20,2025-10-20 18:36:02.170114,AAPL,262.24,2025-10-24,3,160.0,PUT,0.01,0.0,0.01,119,152,1.3125,-0.0,0.0,-0.0003,0.0,-0.0,1.639,0.0,0.01,6e91939b6b23,2025-10-20
2025-10-20,2025-10-20 18:36:02.170950,AAPL,262.24,2025-10-24,3,165.0,PUT,0.01,0.0,0.01,2,622,1.2188,-0.0,0.0,-0.0002,0.0,-0.0,1.5893,0.0,0.01,4f141002f091,2025-10-20
2025-10-20,2025-10-20 18:36:02.171796,AAPL,262.24,2025-10-24,3,170.0,PUT,0.01,0.0,0.01,61,330,1.1563,-0.0,0.0,-0.0003,0.0,-0.0,1.5426,0.0,0.01,faab7522d35c,2025-10-20
2025-10-20,2025-10-20 18:36:02.172672,AAPL,262.24,2025-10-24,3,175.0,PUT,0.01,0.0,0.01,60,290,1.0625,-0.0,0.0,-0.0002,0.0,-0.0,1.4985,0.0,0.01,23099a97bbee,2025-10-20
2025-10-20,2025-10-20 18:36:02.173316,AAPL,262.24,2025-10-24,3,180.0,PUT,0.01,0.0,0.01,5,252,1.0,-0.0,0.0,-0.0002,0.0,-0.0,1.4569,0.0,0.01,be3fa1f57707,2025-10-20
2025-10-20,2025-10-20 18:36:02.173944,AAPL,262.24,2025-10-24,3,185.0,PUT,0.01,0.0,0.01,148,905,0.9375,-0.0,0.0,-0.0003,0.0,-0.0,1.4175,0.0,0.01,8550fecacd53,2025-10-20
2025-10-20,2025-10-20 18:36:02.174750,AAPL,262.24,2025-10-24,3,190.0,PUT,0.01,0.0,0.01,127,423,0.875,-0.0,0.0,-0.0003,0.0,-0.0,1.3802,0.0,0.01,53086fbe9307,2025-10-20
2025-10-20,2025-10-20 18:36:02.175346,AAPL,262.24,2025-10-24,3,195.0,PUT,0.01,0.0,0.01,172,2056,0.8125,-0.0,0.0,-0.0003,0.0,-0.0,1.3448,0.0,0.01,9f32268803b5,2025-10-20
2025-10-20,2025-10-20 18:36:02.176725,AAPL,262.24,2025-10-24,3,200.0,PUT,0.01,0.0,0.02,773,4434,0.7813,-0.0001,0.0,-0.0007,0.0001,-0.0,1.3112,0.0,0.01,c3bde6453c53,2025-10-20
2025-10-20,2025-10-20 18:36:02.177586,AAPL,262.24,2025-10-24,3,205.0,PUT,0.01,0.0,0.02,92,2924,0.7188,-0.0001,0.0,-0.0008,0.0001,-0.0,1.2792,0.0,0.01,20ca5037f555,2025-10-20
2025-10-20,2025-10-20 18:36:02.178546,AAPL,262.24,2025-10-24,3,210.0,PUT,0.01,0.01,0.02,435,1320,0.6797,-0.0001,0.0,-0.0014,0.0001,-0.0,1.2488,0.0,0.01,a1bb20002194,2025-10-20
2025-10-20,2025-10-20 18:36:02.179347,AAPL,262.24,2025-10-24,3,215.0,PUT,0.01,0.01,0.02,951,912,0.6172,-0.0002,0.0,-0.0016,0.0002,-0.0,1.2197,0.0,0.01,5ce8e9a725be,2025-10-20
2025-10-20,2025-10-20 18:36:02.180332,AAPL,262.24,2025-10-24,3,220.0,PUT,0.02,0.02,0.03,565,4460,0.5781,-0.0004,0.0001,-0.003,0.0003,-0.0,1.192,0.0,0.02,c0029aeeb61d,2025-10-20
2025-10-20,2025-10-20 18:36:02.181155,AAPL,262.24,2025-10-24,3,222.5,PUT,0.01,0.02,0.03,413,172,0.5469,-0.0004,0.0001,-0.0032,0.0004,-0.0,1.1786,0.0,0.01,b3eab530b143,2025-10-20
2025-10-20,2025-10-20 18:36:02.182143,AAPL,262.24,2025-10-24,3,225.0,PUT,0.02,0.02,0.03,2587,3121,0.5117,-0.0004,0.0001,-0.0031,0.0004,-0.0,1.1655,0.0,0.02,22665cbdf4fe,2025-10-20
2025-10-20,2025-10-20 18:36:02.183128,AAPL,262.24,2025-10-24,3,227.5,PUT,0.04,0.03,0.04,873,730,0.5,-0.0008,0.0002,-0.0052,0.0006,-0.0,1.1527,0.0,0.04,1ca3925d91b5,2025-10-20
2025-10-20,2025-10-20 18:36:02.184322,AAPL,262.24,2025-10-24,3,230.0,PUT,0.03,0.03,0.04,1566,4797,0.4727,-0.001,0.0003,-0.0063,0.0008,-0.0,1.1402,0.0,0.03,919c50f613d3,2025-10-20
2025-10-20,2025-10-20 18:36:02.184923,AAPL,262.24,2025-10-24,3,232.5,PUT,0.05,0.04,0.05,1228,2161,0.4492,-0.0014,0.0004,-0.0082,0.0011,-0.0,1.1279,0.0,0.05,17cd89cc1a2f,2025-10-20
2025-10-20,2025-10-20 18:36:02.185890,AAPL,262.24,2025-10-24,3,235.0,PUT,0.06,0.04,0.06,5915,7932,0.4258,-0.0021,0.0006,-0.0109,0.0015,-0.0,1.1159,0.0,0.06,43374ce9e89b,2025-10-20
2025-10-20,2025-10-20 18:36:02.186566,AAPL,262.24,2025-10-24,3,237.5,PUT,0.05,0.05,0.06,3117,3429,0.3897,-0.0023,0.0008,-0.0111,0.0017,-0.0001,1.1042,0.0,0.05,ae091b2439ed,2025-10-20
2025-10-20,2025-10-20 18:36:02.187428,AAPL,262.24,2025-10-24,3,240.0,PUT,0.07,0.07,0.08,11328,10941,0.3691,-0.0037,0.0013,-0.0161,0.0026,-0.0001,1.0927,0.0,0.07,bc3cefb7d87a,2025-10-20
2025-10-20,2025-10-20 18:36:02.188385,AAPL,262.24,2025-10-24,3,242.5,PUT,0.1,0.09,0.1,3085,4491,0.3438,-0.0056,0.0019,-0.0215,0.0038,-0.0001,1.0814,0.0,0.1,15476a39c0a6,2025-10-20
2025-10-20,2025-10-20 18:36:02.189152,AAPL,262.24,2025-10-24,3,245.0,PUT,0.13,0.12,0.13,7842,11434,0.3203,-0.0089,0.0032,-0.0303,0.0057,-0.0002,1.0704,0.0,0.13,715360bbc2cf,2025-10-20
2025-10-20,2025-10-20 18:36:02.190133,AAPL,262.24,2025-10-24,3,247.5,PUT,0.18,0.18,0.19,8781,4544,0.3013,-0.016,0.0056,-0.0472,0.0095,-0.0003,1.0596,0.0,0.18,fdded67ecd1b,2025-10-20
2025-10-20,2025-10-20 18:36:02.191309,AAPL,262.24,2025-10-24,3,250.0,PUT,0.29,0.27,0.29,22708,5878,0.2847,-0.0301,0.0101,-0.076,0.0162,-0.0007,1.049,0.0,0.29,bced12e63578,2025-10-20
2025-10-20,2025-10-20 18:36:02.192634,AAPL,262.24,2025-10-24,3,252.5,PUT,0.48,0.46,0.49,13358,2060,0.2754,-0.0614,0.0185,-0.1303,0.0288,-0.0013,1.0386,0.0,0.48,ffe9b5e4bc6f,2025-10-20
2025-10-20,2025-10-20 18:36:02.193508,AAPL,262.24,2025-10-24,3,255.0,PUT,0.82,0.8,0.82,34726,3841,0.2673,-0.1185,0.0312,-0.2062,0.0471,-0.0026,1.0284,0.0,0.82,5c6df98ca666,2025-10-20
2025-10-20,2025-10-20 18:36:02.194457,AAPL,262.24,2025-10-24,3,257.5,PUT,1.32,1.32,1.35,42124,2119,0.2615,-0.2128,0.0467,-0.2939,0.069,-0.0046,1.0184,0.0,1.32,9a9308c135a5,2025-10-20
2025-10-20,2025-10-20 18:36:02.195428,AAPL,262.24,2025-10-24,3,260.0,PUT,2.1,2.1,2.13,46120,4253,0.2561,-0.3457,0.0606,-0.3628,0.0877,-0.0076,1.0086,0.0,2.1,b6984bf8cbd4,2025-10-20
2025-10-20,2025-10-20 18:36:02.196605,AAPL,262.24,2025-10-24,3,262.5,PUT,3.17,3.1,3.2,27112,736,0.2505,-0.5064,0.067,-0.3793,0.0948,-0.0111,0.999,0.26,2.91,d382c0f2912c,2025-10-20
2025-10-20,2025-10-20 18:36:02.197818,AAPL,262.24,2025-10-24,3,265.0,PUT,4.55,4.5,4.65,13333,44,0.2498,-0.6681,0.0611,-0.3371,0.0863,-0.0147,0.9896,2.76,1.79,ec6e5fafb5d9,2025-10-20
2025-10-20,2025-10-20 18:36:02.198622,AAPL,262.24,2025-10-24,3,267.5,PUT,6.3,6.25,6.4,1666,3,0.2493,-0.8026,0.0469,-0.2477,0.066,-0.0178,0.9803,5.26,1.04,f66e348b6184,2025-10-20
2025-10-20,2025-10-20 18:36:02.200178,AAPL,262.24,2025-10-24,3,270.0,PUT,8.25,8.1,8.45,1952,70,0.2549,-0.8915,0.0307,-0.1583,0.0443,-0.0199,0.9713,7.76,0.49,0ff6829375cb,2025-10-20
2025-10-20,2025-10-20 18:36:02.200884,AAPL,262.24,2025-10-24,3,272.5,PUT,10.65,10.3,10.65,230,5,0.2578,-0.9468,0.0177,-0.0788,0.0258,-0.0213,0.9623,10.26,0.39,c896474a0c98,2025-10-20
2025-10-20,2025-10-20 18:36:02.201642,AAPL,262.24,2025-10-24,3,275.0,PUT,12.8,12.5,13.1,113,0,0.2913,-0.9618,0.012,-0.0631,0.0197,-0.0218,0.9536,12.76,0.04,2e28c6f0a3eb,2025-10-20
2025-10-20,2025-10-20 18:36:02.202846,AAPL,262.24,2025-10-24,3,277.5,PUT,14.0,14.8,15.65,24,0,0.3433,-0.9633,0.0098,-0.0763,0.0191,-0.022,0.945,15.26,0.0,9db31a954350,2025-10-20
2025-10-20,2025-10-20 18:36:02.203674,AAPL,262.24,2025-10-24,3,280.0,PUT,17.98,17.4,18.0,48,0,0.3447,-0.9807,0.0057,-0.0302,0.0111,-0.0226,0.9366,17.76,0.22,a3dda84ab89d,2025-10-20
2025-10-20,2025-10-20 18:36:02.204357,AAPL,262.24,2025-10-24,3,285.0,PUT,21.25,22.35,23.35,81,0,0.5068,-0.9625,0.0068,-0.1303,0.0194,-0.0226,0.9201,22.76,0.0,37018d675e4b,2025-10-20
2025-10-20,2025-10-20 18:36:02.205192,AAPL,262.24,2025-10-24,3,290.0,PUT,51.75,44.05,45.55,0,0,2.2435,-0.6522,0.0069,-3.2594,0.0879,-0.0172,0.9043,27.76,23.99,9049c3cfdadd,2025-10-20
2025-10-20,2025-10-20 18:36:02.205834,AAPL,262.24,2025-10-24,3,295.0,PUT,38.47,32.2,33.1,1,0,0.5879,-0.9852,0.0027,-0.0514,0.0089,-0.0239,0.8889,32.76,5.71,44a68d5b0b5d,2025-10-20
2025-10-20,2025-10-20 18:36:02.206622,AAPL,262.24,2025-10-24,3,300.0,PUT,44.2,37.35,38.15,0,0,0.6709,-0.9852,0.0023,-0.0631,0.0089,-0.0243,0.8741,37.76,6.44,562da2a0d9c2,2025-10-20
2025-10-20,2025-10-20 18:36:02.207910,AAPL,262.24,2025-10-24,3,315.0,PUT,56.77,52.2,53.15,0,0,0.8594,-0.9895,0.0014,-0.056,0.0066,-0.0257,0.8325,52.76,4.01,1aa403592024,2025-10-20
2025-10-20,2025-10-20 18:36:02.208857,AAPL,262.24,2025-10-24,3,325.0,PUT,97.87,78.8,80.65,0,0,3.0112,-0.7415,0.0045,-3.8255,0.0769,-0.0219,0.8069,62.76,35.11,ffb986d54ca9,2025-10-20
2025-10-20,2025-10-20 18:36:02.310902,AAPL,262.24,2025-10-31,10,140.0,CALL,107.52,121.9,122.95,1,2,1.5,0.9961,0.0002,-0.0552,0.0051,0.038,1.8731,122.24,0.0,0eedb748393e,2025-10-20
2025-10-20,2025-10-20 18:36:02.312582,AAPL,262.24,2025-10-31,10,150.0,CALL,97.69,111.9,113.05,0,20,1.3926,0.9945,0.0003,-0.0657,0.0068,0.0406,1.7483,112.24,0.0,b0eec1776b62,2025-10-20
2025-10-20,2025-10-20 18:36:02.313595,AAPL,262.24,2025-10-31,10,155.0,CALL,99.15,106.9,108.05,1,1,1.3184,0.9942,0.0003,-0.0661,0.0072,0.042,1.6919,107.24,0.0,39de5156819b,2025-10-20
2025-10-20,2025-10-20 18:36:02.314469,AAPL,262.24,2025-10-31,10,170.0,CALL,94.18,91.95,93.05,2,7,1.125,0.9924,0.0004,-0.0718,0.0091,0.0459,1.5426,92.24,1.94,044383ba6fab,2025-10-20
2025-10-20,2025-10-20 18:36:02.315922,AAPL,262.24,2025-10-31,10,175.0,CALL,72.15,86.95,88.1,0,1,1.0732,0.9912,0.0005,-0.0769,0.0104,0.0472,1.4985,87.24,0.0,d6cb05ea8553,2025-10-20
2025-10-20,2025-10-20 18:36:02.316622,AAPL,262.24,2025-10-31,10,180.0,CALL,83.4,81.95,83.1,1,21,1.0068,0.9906,0.0006,-0.0771,0.011,0.0485,1.4569,82.24,1.16,9934d87c92ff,2025-10-20
2025-10-20,2025-10-20 18:36:02.317856,AAPL,262.24,2025-10-31,10,185.0,CALL,64.5,77.2,78.0,1,5,0.9775,0.9876,0.0008,-0.0905,0.0139,0.0497,1.4175,77.24,0.0,d919930ef5a8,2025-10-20
2025-10-20,2025-10-20 18:36:02.318999,AAPL,262.24,2025-10-31,10,190.0,CALL,73.35,72.0,73.15,1,8,0.9019,0.9875,0.0008,-0.0863,0.014,0.051,1.3802,72.24,1.11,b00c86232e50,2025-10-20
2025-10-20,2025-10-20 18:36:02.320480,AAPL,262.24,2025-10-31,10,195.0,CALL,58.32,67.0,68.15,7,150,0.8389,0.9865,0.0009,-0.0865,0.015,0.0523,1.3448,67.24,0.0,5faaf812d788,2025-10-20
2025-10-20,2025-10-20 18:36:02.321734,AAPL,262.24,2025-10-31,10,200.0,CALL,59.09,62.25,63.0,1,122,0.7949,0.9836,0.0012,-0.0946,0.0178,0.0535,1.3112,62.24,0.0,866692e3ba64,2025-10-20
2025-10-20,2025-10-20 18:36:02.322619,AAPL,262.24,2025-10-31,10,205.0,CALL,52.04,57.25,58.3,1,55,0.7783,0.9765,0.0016,-0.1183,0.0241,0.0543,1.2792,57.24,0.0,ac35395808a6,2025-10-20
2025-10-20,2025-10-20 18:36:02.323196,AAPL,262.24,2025-10-31,10,210.0,CALL,53.25,51.95,53.1,44,116,0.6377,0.985,0.0014,-0.0779,0.0165,0.0563,1.2488,52.24,1.01,f53dac5fee6e,2025-10-20
2025-10-20,2025-10-20 18:36:02.323763,AAPL,262.24,2025-10-31,10,215.0,CALL,49.02,46.75,48.5,11,167,0.6118,0.9785,0.0019,-0.094,0.0223,0.0572,1.2197,47.24,1.78,935cbfd8d84e,2025-10-20
2025-10-20,2025-10-20 18:36:02.324313,AAPL,262.24,2025-10-31,10,220.0,CALL,44.28,41.85,43.5,17,278,0.5649,0.9737,0.0025,-0.101,0.0265,0.0582,1.192,42.24,2.04,17dc419006aa,2025-10-20
2025-10-20,2025-10-20 18:36:02.326001,AAPL,262.24,2025-10-31,10,225.0,CALL,37.75,37.4,38.4,48,2271,0.5513,0.9589,0.0037,-0.1318,0.0383,0.0585,1.1655,37.24,0.51,ad1bda600b15,2025-10-20
2025-10-20,2025-10-20 18:36:02.327155,AAPL,262.24,2025-10-31,10,227.5,CALL,35.67,34.55,36.1,11,51,0.5056,0.9603,0.0039,-0.1206,0.0371,0.0593,1.1527,34.74,0.93,509de2c30dfd,2025-10-20
2025-10-20,2025-10-20 18:36:02.327988,AAPL,262.24,2025-10-31,10,230.0,CALL,34.15,32.7,33.4,62,861,0.5117,0.9458,0.0049,-0.1486,0.0477,0.0589,1.1402,32.24,1.91,972e2fd31120,2025-10-20
2025-10-20,2025-10-20 18:36:02.329894,AAPL,262.24,2025-10-31,10,232.5,CALL,31.33,30.05,31.05,13,29,0.5439,0.9186,0.0064,-0.2037,0.0654,0.0575,1.1279,29.74,1.59,8e8c3e6949c5,2025-10-20
2025-10-20,2025-10-20 18:36:02.330982,AAPL,262.24,2025-10-31,10,235.0,CALL,28.4,27.85,28.45,76,908,0.4968,0.9177,0.007,-0.1899,0.0659,0.0582,1.1159,27.24,1.16,3ed35abdd176,2025-10-20
2025-10-20,2025-10-20 18:36:02.332330,AAPL,262.24,2025-10-31,10,237.5,CALL,26.55,25.5,26.15,32,231,0.4832,0.9022,0.0082,-0.207,0.0749,0.0577,1.1042,24.74,1.81,7250abdf794f,2025-10-20
2025-10-20,2025-10-20 18:36:02.333475,AAPL,262.24,2025-10-31,10,240.0,CALL,23.25,23.25,23.75,439,1876,0.4565,0.8901,0.0095,-0.2121,0.0816,0.0575,1.0927,22.24,1.01,4d5d1b4bc65a,2025-10-20
2025-10-20,2025-10-20 18:36:02.334749,AAPL,262.24,2025-10-31,10,242.5,CALL,21.64,20.9,21.5,95,226,0.4419,0.8694,0.0111,-0.2291,0.0921,0.0566,1.0814,19.74,1.9,c0bca075c336,2025-10-20
2025-10-20,2025-10-20 18:36:02.335520,AAPL,262.24,2025-10-31,10,245.0,CALL,19.16,18.85,19.2,467,3909,0.4197,0.8488,0.0129,-0.2386,0.1017,0.0558,1.0704,17.24,1.92,4384070c8a7e,2025-10-20
2025-10-20,2025-10-20 18:36:02.336351,AAPL,262.24,2025-10-31,10,247.5,CALL,16.96,16.75,17.15,231,950,0.4133,0.8154,0.0149,-0.2634,0.1157,0.0539,1.0596,14.74,2.22,8c24f6fb6cd3,2025-10-20
2025-10-20,2025-10-20 18:36:02.337327,AAPL,262.24,2025-10-31,10,250.0,CALL,15.0,14.75,14.95,1898,8569,0.3911,0.7852,0.0172,-0.2715,0.1268,0.0524,1.049,12.24,2.76,eac7c1847695,2025-10-20
2025-10-20,2025-10-20 18:36:02.338705,AAPL,262.24,2025-10-31,10,252.5,CALL,12.8,12.9,13.1,963,1197,0.3872,0.7395,0.0193,-0.2952,0.1409,0.0496,1.0386,9.74,3.06,2bfdcfa3e629,2025-10-20
2025-10-20,2025-10-20 18:36:02.339562,AAPL,262.24,2025-10-31,10,255.0,CALL,11.3,11.1,11.35,3641,6870,0.3826,0.6891,0.0213,-0.3142,0.1533,0.0465,1.0284,7.24,4.06,2524e6f79fde,2025-10-20
2025-10-20,2025-10-20 18:36:02.340979,AAPL,262.24,2025-10-31,10,257.5,CALL,9.61,9.5,9.7,2000,1670,0.3766,0.6344,0.023,-0.3267,0.1632,0.043,1.0184,4.74,4.87,15db2fd3cab7,2025-10-20
2025-10-20,2025-10-20 18:36:02.341941,AAPL,262.24,2025-10-31,10,260.0,CALL,8.05,8.0,8.1,13854,8813,0.3666,0.5761,0.0246,-0.3293,0.17,0.0393,1.0086,2.24,5.81,9dbae362c97a,2025-10-20
2025-10-20,2025-10-20 18:36:02.342624,AAPL,262.24,2025-10-31,10,262.5,CALL,6.69,6.65,6.75,8490,1806,0.3626,0.5136,0.0253,-0.3296,0.1731,0.0352,0.999,0.0,6.69,cb57f2bd931c,2025-10-20
2025-10-20,2025-10-20 18:36:02.343476,AAPL,262.24,2025-10-31,10,265.0,CALL,5.55,5.4,5.55,8140,5926,0.3588,0.4499,0.0254,-0.3222,0.1718,0.0309,0.9896,0.0,5.55,b764d62b8973,2025-10-20
2025-10-20,2025-10-20 18:36:02.344424,AAPL,262.24,2025-10-31,10,267.5,CALL,4.45,4.4,4.5,2591,3351,0.3555,0.387,0.0248,-0.3074,0.1662,0.0267,0.9803,0.0,4.45,deea8ee63475,2025-10-20
2025-10-20,2025-10-20 18:36:02.345079,AAPL,262.24,2025-10-31,10,270.0,CALL,3.55,3.5,3.6,15886,11356,0.3525,0.3266,0.0236,-0.2861,0.1565,0.0226,0.9713,0.0,3.55,f04970e9dfe5,2025-10-20
2025-10-20,2025-10-20 18:36:02.345636,AAPL,262.24,2025-10-31,10,272.5,CALL,2.79,2.73,2.81,4447,175,0.3482,0.269,0.0218,-0.2578,0.1433,0.0187,0.9623,0.0,2.79,22da91fce876,2025-10-20
2025-10-20,2025-10-20 18:36:02.346257,AAPL,262.24,2025-10-31,10,275.0,CALL,2.14,2.12,2.17,8804,4829,0.3452,0.2173,0.0196,-0.2271,0.1276,0.0151,0.9536,0.0,2.14,2e2f4fdb44d4,2025-10-20
2025-10-20,2025-10-20 18:36:02.347418,AAPL,262.24,2025-10-31,10,277.5,CALL,1.65,1.61,1.66,827,160,0.3433,0.1722,0.0171,-0.1955,0.1108,0.012,0.945,0.0,1.65,490291293997,2025-10-20
2025-10-20,2025-10-20 18:36:02.348671,AAPL,262.24,2025-10-31,10,280.0,CALL,1.25,1.23,1.25,6804,6736,0.3416,0.1337,0.0145,-0.1641,0.0936,0.0093,0.9366,0.0,1.25,605be599101a,2025-10-20
2025-10-20,2025-10-20 18:36:02.349261,AAPL,262.24,2025-10-31,10,282.5,CALL,0.93,0.91,0.96,1230,445,0.3434,0.104,0.0121,-0.1378,0.0784,0.0073,0.9283,0.0,0.93,9a70d9ed6c70,2025-10-20
2025-10-20,2025-10-20 18:36:02.350734,AAPL,262.24,2025-10-31,10,285.0,CALL,0.7,0.67,0.71,2844,1585,0.3425,0.0781,0.0098,-0.111,0.0634,0.0055,0.9201,0.0,0.7,9c9cd1368c3b,2025-10-20
2025-10-20,2025-10-20 18:36:02.351601,AAPL,262.24,2025-10-31,10,290.0,CALL,0.39,0.37,0.39,8253,6521,0.3445,0.0432,0.0061,-0.07,0.0398,0.003,0.9043,0.0,0.39,fafd63941846,2025-10-20
2025-10-20,2025-10-20 18:36:02.352982,AAPL,262.24,2025-10-31,10,295.0,CALL,0.21,0.21,0.22,1442,1550,0.3501,0.0238,0.0037,-0.0434,0.0243,0.0017,0.8889,0.0,0.21,b1dd30e1c543,2025-10-20
2025-10-20,2025-10-20 18:36:02.353611,AAPL,262.24,2025-10-31,10,300.0,CALL,0.12,0.12,0.13,2188,3383,0.3594,0.0135,0.0022,-0.0274,0.015,0.001,0.8741,0.0,0.12,4cfac880d59b,2025-10-20
2025-10-20,2025-10-20 18:36:02.354480,AAPL,262.24,2025-10-31,10,305.0,CALL,0.07,0.07,0.09,290,1177,0.376,0.0087,0.0015,-0.0196,0.0103,0.0006,0.8598,0.0,0.07,e68e11fbc709,2025-10-20
2025-10-20,2025-10-20 18:36:02.355051,AAPL,262.24,2025-10-31,10,310.0,CALL,0.05,0.04,0.06,295,471,0.3887,0.0054,0.0009,-0.0132,0.0067,0.0004,0.8459,0.0,0.05,36a53eb2127d,2025-10-20
2025-10-20,2025-10-20 18:36:02.355610,AAPL,262.24,2025-10-31,10,315.0,CALL,0.03,0.02,0.04,65,144,0.4023,0.0035,0.0006,-0.0092,0.0045,0.0002,0.8325,0.0,0.03,29f3dcdc60ab,2025-10-20
2025-10-20,2025-10-20 18:36:02.357340,AAPL,262.24,2025-10-31,10,320.0,CALL,0.03,0.01,0.03,148,1142,0.418,0.0024,0.0004,-0.0068,0.0032,0.0002,0.8195,0.0,0.03,82e3ff263677,2025-10-20
2025-10-20,2025-10-20 18:36:02.357911,AAPL,262.24,2025-10-31,10,325.0,CALL,0.02,0.01,0.02,89,286,0.4297,0.0015,0.0003,-0.0047,0.0021,0.0001,0.8069,0.0,0.02,c4926da524de,2025-10-20
2025-10-20,2025-10-20 18:36:02.358496,AAPL,262.24,2025-10-31,10,330.0,CALL,0.02,0.0,0.02,30,14,0.457,0.0014,0.0002,-0.0047,0.002,0.0001,0.7947,0.0,0.02,3d380f812f56,2025-10-20
2025-10-20,2025-10-20 18:36:02.359333,AAPL,262.24,2025-10-31,10,110.0,PUT,0.01,0.0,0.01,10,24,1.4375,-0.0001,0.0,-0.001,0.0001,-0.0,2.384,0.0,0.01,e322c9fdb527,2025-10-20
2025-10-20,2025-10-20 18:36:02.359906,AAPL,262.24,2025-10-31,10,120.0,PUT,0.05,0.0,0.0,0,0,0.5,0.0,0.0,-0.0,0.0,-0.0,2.1853,0.0,0.05,c9d00bb0661b,2025-10-20
2025-10-20,2025-10-20 18:36:02.360459,AAPL,262.24,2025-10-31,10,125.0,PUT,0.01,0.0,0.01,1,6,1.25,-0.0001,0.0,-0.0012,0.0002,-0.0,2.0979,0.0,0.01,42ddda388796,2025-10-20
2025-10-20,2025-10-20 18:36:02.361023,AAPL,262.24,2025-10-31,10,130.0,PUT,0.05,0.0,0.01,1,13,1.1875,-0.0001,0.0,-0.0012,0.0002,-0.0,2.0172,0.0,0.05,76e7d7085d2d,2025-10-20
2025-10-20,2025-10-20 18:36:02.361575,AAPL,262.24,2025-10-31,10,135.0,PUT,0.01,0.0,0.01,46,3,1.125,-0.0001,0.0,-0.0012,0.0002,-0.0,1.9425,0.0,0.01,b70b737d6051,2025-10-20
2025-10-20,2025-10-20 18:36:02.362127,AAPL,262.24,2025-10-31,10,140.0,PUT,0.01,0.0,0.01,1,23,1.0625,-0.0001,0.0,-0.0011,0.0002,-0.0,1.8731,0.0,0.01,8a00c82479d8,2025-10-20
2025-10-20,2025-10-20 18:36:02.362673,AAPL,262.24,2025-10-31,10,145.0,PUT,0.02,0.0,0.01,1,17,0.9844,-0.0001,0.0,-0.0008,0.0002,-0.0,1.8086,0.0,0.02,74151d2edcca,2025-10-20
2025-10-20,2025-10-20 18:36:02.363211,AAPL,262.24,2025-10-31,10,150.0,PUT,0.02,0.0,0.13,10,62,1.1914,-0.0017,0.0001,-0.0137,0.0023,-0.0001,1.7483,0.0,0.02,b588c70a0bda,2025-10-20
2025-10-20,2025-10-20 18:36:02.363763,AAPL,262.24,2025-10-31,10,155.0,PUT,0.01,0.0,0.13,11,54,1.125,-0.0017,0.0001,-0.0135,0.0024,-0.0001,1.6919,0.0,0.01,777a3700ed96,2025-10-20
2025-10-20,2025-10-20 18:36:02.364986,AAPL,262.24,2025-10-31,10,160.0,PUT,0.03,0.0,0.02,1,148,0.8906,-0.0003,0.0,-0.0021,0.0005,-0.0,1.639,0.0,0.03,5d693e0fe29f,2025-10-20
2025-10-20,2025-10-20 18:36:02.365547,AAPL,262.24,2025-10-31,10,165.0,PUT,0.01,0.0,0.01,161,29,0.7813,-0.0001,0.0,-0.0008,0.0002,-0.0,1.5893,0.0,0.01,c0fa510b9018,2025-10-20
2025-10-20,2025-10-20 18:36:02.366105,AAPL,262.24,2025-10-31,10,170.0,PUT,0.02,0.0,0.15,72,57,0.959,-0.0024,0.0002,-0.0156,0.0033,-0.0002,1.5426,0.0,0.02,e24616b20ca7,2025-10-20
2025-10-20,2025-10-20 18:36:02.366660,AAPL,262.24,2025-10-31,10,175.0,PUT,0.02,0.01,0.03,96,106,0.7813,-0.0007,0.0001,-0.004,0.001,-0.0001,1.4985,0.0,0.02,ae41d40cb6ce,2025-10-20
2025-10-20,2025-10-20 18:36:02.367203,AAPL,262.24,2025-10-31,10,180.0,PUT,0.01,0.01,0.02,35,105,0.7188,-0.0006,0.0001,-0.0033,0.0009,-0.0,1.4569,0.0,0.01,4de1ebf52673,2025-10-20
2025-10-20,2025-10-20 18:36:02.367749,AAPL,262.24,2025-10-31,10,185.0,PUT,0.02,0.01,0.04,49,185,0.6992,-0.001,0.0001,-0.0052,0.0015,-0.0001,1.4175,0.0,0.02,85e358b5751a,2025-10-20
2025-10-20,2025-10-20 18:36:02.368288,AAPL,262.24,2025-10-31,10,190.0,PUT,0.03,0.03,0.05,52,231,0.6836,-0.0018,0.0002,-0.0084,0.0025,-0.0001,1.3802,0.0,0.03,75d486fba477,2025-10-20
2025-10-20,2025-10-20 18:36:02.368834,AAPL,262.24,2025-10-31,10,195.0,PUT,0.03,0.03,0.07,109,159,0.6484,-0.0024,0.0003,-0.0103,0.0032,-0.0002,1.3448,0.0,0.03,0221e5118037,2025-10-20
2025-10-20,2025-10-20 18:36:02.369372,AAPL,262.24,2025-10-31,10,200.0,PUT,0.05,0.04,0.06,86,1178,0.5977,-0.0025,0.0003,-0.0102,0.0034,-0.0002,1.3112,0.0,0.05,28a3a00f4b30,2025-10-20
2025-10-20,2025-10-20 18:36:02.369902,AAPL,262.24,2025-10-31,10,205.0,PUT,0.07,0.05,0.07,88,208,0.5606,-0.0033,0.0004,-0.0121,0.0044,-0.0002,1.2792,0.0,0.07,7ba77ea8e320,2025-10-20
2025-10-20,2025-10-20 18:36:02.370437,AAPL,262.24,2025-10-31,10,210.0,PUT,0.07,0.07,0.08,171,686,0.5254,-0.0045,0.0006,-0.0149,0.0057,-0.0003,1.2488,0.0,0.07,94d23a1b36c2,2025-10-20
2025-10-20,2025-10-20 18:36:02.370982,AAPL,262.24,2025-10-31,10,215.0,PUT,0.1,0.1,0.11,242,817,0.502,-0.0072,0.0009,-0.0215,0.0087,-0.0005,1.2197,0.0,0.1,0047fca2e90f,2025-10-20
2025-10-20,2025-10-20 18:36:02.371518,AAPL,262.24,2025-10-31,10,220.0,PUT,0.13,0.12,0.14,653,2970,0.4668,-0.01,0.0013,-0.0266,0.0115,-0.0007,1.192,0.0,0.13,2b5fb9b8f668,2025-10-20
2025-10-20,2025-10-20 18:36:02.372058,AAPL,262.24,2025-10-31,10,225.0,PUT,0.19,0.18,0.19,1143,2794,0.4351,-0.0146,0.002,-0.0345,0.0161,-0.0011,1.1655,0.0,0.19,cf4362da4eb5,2025-10-20
2025-10-20,2025-10-20 18:36:02.372606,AAPL,262.24,2025-10-31,10,227.5,PUT,0.21,0.22,0.24,73,305,0.4248,-0.0191,0.0025,-0.0422,0.0202,-0.0014,1.1527,0.0,0.21,828a02def93e,2025-10-20
2025-10-20,2025-10-20 18:36:02.373142,AAPL,262.24,2025-10-31,10,230.0,PUT,0.28,0.28,0.3,1929,3508,0.4141,-0.0246,0.0032,-0.0511,0.0251,-0.0018,1.1402,0.0,0.28,2025546ede6e,2025-10-20
2025-10-20,2025-10-20 18:36:02.373691,AAPL,262.24,2025-10-31,10,232.5,PUT,0.36,0.35,0.37,135,586,0.4019,-0.0313,0.004,-0.0605,0.0306,-0.0023,1.1279,0.0,0.36,81f6bb0f8aa2,2025-10-20
2025-10-20,2025-10-20 18:36:02.374638,AAPL,262.24,2025-10-31,10,235.0,PUT,0.46,0.46,0.48,1764,4228,0.394,-0.0415,0.0052,-0.0746,0.0386,-0.0031,1.1159,0.0,0.46,87f41ada9f4b,2025-10-20
2025-10-20,2025-10-20 18:36:02.376081,AAPL,262.24,2025-10-31,10,237.5,PUT,0.62,0.59,0.63,240,3714,0.3877,-0.0553,0.0066,-0.0922,0.0485,-0.0041,1.1042,0.0,0.62,69316adbf825,2025-10-20
2025-10-20,2025-10-20 18:36:02.376652,AAPL,262.24,2025-10-31,10,240.0,PUT,0.79,0.77,0.8,3321,5772,0.3787,-0.0715,0.0083,-0.1097,0.0592,-0.0053,1.0927,0.0,0.79,9474059641b4,2025-10-20
2025-10-20,2025-10-20 18:36:02.377220,AAPL,262.24,2025-10-31,10,242.5,PUT,1.04,1.02,1.04,705,1005,0.3726,-0.0934,0.0103,-0.1319,0.0725,-0.0069,1.0814,0.0,1.04,82ac5eba33fb,2025-10-20
2025-10-20,2025-10-20 18:36:02.377767,AAPL,262.24,2025-10-31,10,245.0,PUT,1.36,1.3,1.37,3863,3726,0.3691,-0.1223,0.0127,-0.1583,0.088,-0.0091,1.0704,0.0,1.36,5a583e0ec5fd,2025-10-20
2025-10-20,2025-10-20 18:36:02.378319,AAPL,262.24,2025-10-31,10,247.5,PUT,1.75,1.71,1.76,1411,817,0.3638,-0.1559,0.0152,-0.1837,0.1038,-0.0116,1.0596,0.0,1.75,2f0179180354,2025-10-20
2025-10-20,2025-10-20 18:36:02.378866,AAPL,262.24,2025-10-31,10,250.0,PUT,2.22,2.2,2.24,4474,3997,0.3586,-0.1961,0.0178,-0.2088,0.1201,-0.0146,1.049,0.0,2.22,fd0958c242ea,2025-10-20
2025-10-20,2025-10-20 18:36:02.379415,AAPL,262.24,2025-10-31,10,252.5,PUT,2.8,2.78,2.85,3349,1811,0.3551,-0.2437,0.0203,-0.2334,0.1361,-0.0181,1.0386,0.0,2.8,507e2b184a87,2025-10-20
2025-10-20,2025-10-20 18:36:02.379956,AAPL,262.24,2025-10-31,10,255.0,PUT,3.5,3.45,3.6,2123,1712,0.3528,-0.2981,0.0226,-0.2555,0.1505,-0.0222,1.0284,0.0,3.5,78f5fe62b5e8,2025-10-20
2025-10-20,2025-10-20 18:36:02.380505,AAPL,262.24,2025-10-31,10,257.5,PUT,4.4,4.3,4.45,1484,200,0.3485,-0.357,0.0247,-0.2702,0.1619,-0.0267,1.0184,0.0,4.4,79bb166596e1,2025-10-20
2025-10-20,2025-10-20 18:36:02.381048,AAPL,262.24,2025-10-31,10,260.0,PUT,5.3,5.3,5.4,5219,2903,0.342,-0.4201,0.0263,-0.276,0.1697,-0.0315,1.0086,0.0,5.3,712fb1e3ce48,2025-10-20
2025-10-20,2025-10-20 18:36:02.381611,AAPL,262.24,2025-10-31,10,262.5,PUT,6.5,6.45,6.6,3952,96,0.3409,-0.487,0.0269,-0.2786,0.1731,-0.0366,0.999,0.26,6.24,db81baae931f,2025-10-20
2025-10-20,2025-10-20 18:36:02.382156,AAPL,262.24,2025-10-31,10,265.0,PUT,7.8,7.75,7.95,4820,232,0.3397,-0.5541,0.0268,-0.2726,0.1716,-0.0418,0.9896,2.76,5.04,586effe4a395,2025-10-20
2025-10-20,2025-10-20 18:36:02.382702,AAPL,262.24,2025-10-31,10,267.5,PUT,8.4,9.15,9.35,1684,115,0.333,-0.6219,0.0263,-0.2536,0.165,-0.047,0.9803,5.26,3.14,be2980049476,2025-10-20
2025-10-20,2025-10-20 18:36:02.383244,AAPL,262.24,2025-10-31,10,270.0,PUT,10.75,10.75,11.1,3600,1614,0.3375,-0.6815,0.0244,-0.2381,0.1549,-0.0518,0.9713,7.76,2.99,b06b8157cf1e,2025-10-20
2025-10-20,2025-10-20 18:36:02.383784,AAPL,262.24,2025-10-31,10,275.0,PUT,13.6,14.35,14.55,1038,27,0.3185,-0.8028,0.0201,-0.1642,0.1205,-0.0615,0.9536,12.76,0.84,2a0b22a182a9,2025-10-20
2025-10-20,2025-10-20 18:36:02.384333,AAPL,262.24,2025-10-31,10,280.0,PUT,18.34,18.35,18.8,37,12,0.3223,-0.8807,0.0142,-0.1086,0.0865,-0.0683,0.9366,17.76,0.58,2acf7e9dbd25,2025-10-20
2025-10-20,2025-10-20 18:36:02.385797,AAPL,262.24,2025-10-31,10,285.0,PUT,23.01,22.8,23.45,82,0,0.3403,-0.9233,0.0098,-0.0737,0.0625,-0.0726,0.9201,22.76,0.25,301764defe2b,2025-10-20
2025-10-20,2025-10-20 18:36:02.386373,AAPL,262.24,2025-10-31,10,290.0,PUT,26.47,27.35,28.35,67,0,0.3774,-0.9406,0.0072,-0.063,0.0513,-0.0752,0.9043,27.76,0.0,9921a4c041ff,2025-10-20
2025-10-20,2025-10-20 18:36:02.386931,AAPL,262.24,2025-10-31,10,295.0,PUT,43.47,32.25,33.15,0,0,0.3897,-0.962,0.0049,-0.0348,0.0359,-0.0781,0.8889,32.76,10.71,7abb7ee2a6fb,2025-10-20
2025-10-20,2025-10-20 18:36:02.387492,AAPL,262.24,2025-10-31,10,300.0,PUT,36.6,37.3,38.15,1,0,0.4331,-0.9659,0.004,-0.0353,0.0328,-0.0797,0.8741,37.76,0.0,67cb536a21b1,2025-10-20
2025-10-20,2025-10-20 18:36:02.388042,AAPL,262.24,2025-10-31,10,310.0,PUT,56.26,47.25,48.15,0,0,0.5156,-0.9715,0.0029,-0.0357,0.0283,-0.0828,0.8459,47.76,8.5,a601c7873e5b,2025-10-20
2025-10-20,2025-10-20 18:36:02.388591,AAPL,262.24,2025-10-31,10,315.0,PUT,51.78,52.25,53.45,14,0,0.6187,-0.9579,0.0033,-0.0831,0.039,-0.0833,0.8325,52.76,0.0,690dd7767549,2025-10-20
2025-10-20,2025-10-20 18:36:02.519097,AAPL,262.24,2025-11-07,17,110.0,CALL,148.43,152.0,153.2,5,6,1.7578,0.9935,0.0002,-0.0665,0.0103,0.0502,2.384,152.24,0.0,815e612b4ff4,2025-10-20
2025-10-20,2025-10-20 18:36:02.523961,AAPL,262.24,2025-11-07,17,120.0,CALL,136.28,142.05,143.2,1,1,1.6094,0.9925,0.0002,-0.0702,0.0118,0.0547,2.1853,142.24,0.0,33887b66e8d4,2025-10-20
2025-10-20,2025-10-20 18:36:02.533088,AAPL,262.24,2025-11-07,17,140.0,CALL,116.3,122.1,123.3,0,1,1.3545,0.9893,0.0004,-0.0807,0.016,0.0636,1.8731,122.24,0.0,dd7dc6f203b7,2025-10-20
2025-10-20,2025-10-20 18:36:02.534133,AAPL,262.24,2025-11-07,17,145.0,CALL,111.61,117.1,118.3,0,1,1.2871,0.9887,0.0004,-0.081,0.0168,0.0659,1.8086,117.24,0.0,f46c4cb4c920,2025-10-20
2025-10-20,2025-10-20 18:36:02.540771,AAPL,262.24,2025-11-07,17,150.0,CALL,105.04,112.1,113.25,0,1,1.2105,0.9886,0.0004,-0.0782,0.0169,0.0682,1.7483,112.24,0.0,1741a0e31463,2025-10-20
2025-10-20,2025-10-20 18:36:02.546709,AAPL,262.24,2025-11-07,17,160.0,CALL,103.69,102.1,103.25,1,0,1.0859,0.9873,0.0005,-0.0787,0.0186,0.0727,1.639,102.24,1.45,977eb899dd3c,2025-10-20
2025-10-20,2025-10-20 18:36:02.547309,AAPL,262.24,2025-11-07,17,165.0,CALL,91.99,97.15,98.1,0,1,1.0059,0.9879,0.0006,-0.0727,0.0179,0.0751,1.5893,97.24,0.0,7a20b7e7f363,2025-10-20
2025-10-20,2025-10-20 18:36:02.558468,AAPL,262.24,2025-11-07,17,170.0,CALL,79.7,92.2,93.4,1,1,1.0093,0.9825,0.0008,-0.0929,0.0244,0.0767,1.5426,92.24,0.0,03ea99c5d496,2025-10-20
2025-10-20,2025-10-20 18:36:02.563707,AAPL,262.24,2025-11-07,17,175.0,CALL,89.2,87.2,88.4,18,1,0.9502,0.9815,0.0008,-0.0926,0.0257,0.0789,1.4985,87.24,1.96,eb2bdffdfd6b,2025-10-20
2025-10-20,2025-10-20 18:36:02.567671,AAPL,262.24,2025-11-07,17,185.0,CALL,68.15,77.55,78.3,2,2,0.8682,0.9754,0.0012,-0.1052,0.0326,0.0828,1.4175,77.24,0.0,fcb0cdb79297,2025-10-20
2025-10-20,2025-10-20 18:36:02.573476,AAPL,262.24,2025-11-07,17,190.0,CALL,60.95,72.3,73.25,1,12,0.7759,0.9783,0.0012,-0.0895,0.0293,0.0855,1.3802,72.24,0.0,922d1c76ec70,2025-10-20
2025-10-20,2025-10-20 18:36:02.590798,AAPL,262.24,2025-11-07,17,195.0,CALL,58.88,67.3,68.55,4,11,0.7566,0.9719,0.0015,-0.1043,0.0365,0.087,1.3448,67.24,0.0,f57fa55e262e,2025-10-20
2025-10-20,2025-10-20 18:36:02.591431,AAPL,262.24,2025-11-07,17,200.0,CALL,64.12,62.35,63.3,6,527,0.6812,0.9733,0.0016,-0.0938,0.035,0.0895,1.3112,62.24,1.88,c0bda88db44c,2025-10-20
2025-10-20,2025-10-20 18:36:02.592028,AAPL,262.24,2025-11-07,17,205.0,CALL,44.82,57.6,58.6,6,202,0.6799,0.9613,0.0022,-0.1189,0.0475,0.0903,1.2792,57.24,0.0,af1c8da42cc0,2025-10-20
2025-10-20,2025-10-20 18:36:02.593268,AAPL,262.24,2025-11-07,17,210.0,CALL,54.0,52.45,53.6,7,156,0.6133,0.9608,0.0024,-0.111,0.0479,0.0926,1.2488,52.24,1.76,79b60447ed40,2025-10-20
2025-10-20,2025-10-20 18:36:02.595092,AAPL,262.24,2025-11-07,17,215.0,CALL,48.75,47.45,48.7,15,59,0.5679,0.9553,0.0029,-0.114,0.0533,0.0942,1.2197,47.24,1.51,4ccc3a43bc21,2025-10-20
2025-10-20,2025-10-20 18:36:02.598182,AAPL,262.24,2025-11-07,17,220.0,CALL,43.45,42.6,43.6,9,193,0.5181,0.9501,0.0035,-0.1142,0.0583,0.0959,1.192,42.24,1.21,7353ab081473,2025-10-20
2025-10-20,2025-10-20 18:36:02.718544,AAPL,262.24,2025-11-07,17,225.0,CALL,38.01,37.75,38.8,8,81,0.5425,0.9169,0.005,-0.163,0.0866,0.0939,1.1655,37.24,0.77,c5d5fcdd32ed,2025-10-20
2025-10-20,2025-10-20 18:36:02.747842,AAPL,262.24,2025-11-07,17,230.0,CALL,34.72,33.1,33.85,60,309,0.4885,0.9061,0.0061,-0.1614,0.0949,0.0948,1.1402,32.24,2.48,e4e1630b492b,2025-10-20
2025-10-20,2025-10-20 18:36:02.750280,AAPL,262.24,2025-11-07,17,235.0,CALL,29.3,28.5,29.0,36,673,0.442,0.8886,0.0076,-0.1647,0.1074,0.095,1.1159,27.24,2.06,468bfcfe3131,2025-10-20
2025-10-20,2025-10-20 18:36:02.752382,AAPL,262.24,2025-11-07,17,240.0,CALL,24.5,23.95,24.25,182,726,0.3997,0.8632,0.0097,-0.1706,0.124,0.0941,1.0927,22.24,2.26,0173e1649096,2025-10-20
2025-10-20,2025-10-20 18:36:02.753466,AAPL,262.24,2025-11-07,17,245.0,CALL,19.84,19.6,20.0,259,1847,0.3827,0.8133,0.0124,-0.1948,0.1519,0.09,1.0704,17.24,2.6,ccba69abee9e,2025-10-20
2025-10-20,2025-10-20 18:36:02.754106,AAPL,262.24,2025-11-07,17,250.0,CALL,15.79,15.7,15.85,1585,2716,0.3579,0.7532,0.0156,-0.2104,0.1786,0.0846,1.049,12.24,3.55,32c8a9451902,2025-10-20
2025-10-20,2025-10-20 18:36:02.754690,AAPL,262.24,2025-11-07,17,255.0,CALL,12.16,12.1,12.25,2154,2932,0.3451,0.6705,0.0185,-0.2281,0.2048,0.0762,1.0284,7.24,4.92,00ad58297a44,2025-10-20
2025-10-20,2025-10-20 18:36:02.755267,AAPL,262.24,2025-11-07,17,260.0,CALL,9.14,9.0,9.15,6804,5761,0.3358,0.5728,0.0206,-0.2367,0.222,0.0658,1.0086,2.24,6.9,d89a8cbb0bc0,2025-10-20
2025-10-20,2025-10-20 18:36:02.755836,AAPL,262.24,2025-11-07,17,265.0,CALL,6.48,6.4,6.55,9272,7467,0.3273,0.4668,0.0215,-0.2309,0.225,0.0541,0.9896,0.0,6.48,a91e5d3ddee8,2025-10-20
2025-10-20,2025-10-20 18:36:02.756393,AAPL,262.24,2025-11-07,17,270.0,CALL,4.45,4.4,4.5,11941,42250,0.3209,0.3609,0.0206,-0.2112,0.2119,0.0421,0.9713,0.0,4.45,a1f43ec8826b,2025-10-20
2025-10-20,2025-10-20 18:36:02.757188,AAPL,262.24,2025-11-07,17,275.0,CALL,2.95,2.88,2.96,2057,5169,0.3159,0.2636,0.0183,-0.1799,0.1849,0.0309,0.9536,0.0,2.95,2f6441ca05f3,2025-10-20
2025-10-20,2025-10-20 18:36:02.758396,AAPL,262.24,2025-11-07,17,280.0,CALL,1.9,1.85,1.89,4087,6267,0.3136,0.1832,0.0149,-0.1442,0.1501,0.0216,0.9366,0.0,1.9,689d62119888,2025-10-20
2025-10-20,2025-10-20 18:36:02.759216,AAPL,262.24,2025-11-07,17,285.0,CALL,1.17,1.15,1.18,39561,1552,0.3135,0.1219,0.0114,-0.1094,0.1145,0.0144,0.9201,0.0,1.17,01c38cf54472,2025-10-20
2025-10-20,2025-10-20 18:36:02.760387,AAPL,262.24,2025-11-07,17,290.0,CALL,0.68,0.69,0.73,1125,1715,0.3154,0.0788,0.0082,-0.0796,0.0832,0.0093,0.9043,0.0,0.68,acbc0f17a465,2025-10-20
2025-10-20,2025-10-20 18:36:02.760992,AAPL,262.24,2025-11-07,17,295.0,CALL,0.48,0.42,0.44,727,749,0.3174,0.0491,0.0057,-0.0552,0.0575,0.0058,0.8889,0.0,0.48,4e0d833121c8,2025-10-20
2025-10-20,2025-10-20 18:36:02.761580,AAPL,262.24,2025-11-07,17,300.0,CALL,0.26,0.25,0.27,1694,1063,0.3218,0.0306,0.0038,-0.038,0.0391,0.0036,0.8741,0.0,0.26,0e8b4ec31648,2025-10-20
2025-10-20,2025-10-20 18:36:02.762145,AAPL,262.24,2025-11-07,17,305.0,CALL,0.16,0.15,0.17,323,482,0.3276,0.0192,0.0025,-0.0261,0.0264,0.0023,0.8598,0.0,0.16,22cf14531dfc,2025-10-20
2025-10-20,2025-10-20 18:36:02.762718,AAPL,262.24,2025-11-07,17,310.0,CALL,0.12,0.08,0.11,209,1180,0.335,0.0122,0.0017,-0.0181,0.018,0.0015,0.8459,0.0,0.12,6cbd9f1b697d,2025-10-20
2025-10-20,2025-10-20 18:36:02.763281,AAPL,262.24,2025-11-07,17,315.0,CALL,0.08,0.06,0.08,108,242,0.3477,0.0087,0.0012,-0.0139,0.0134,0.001,0.8325,0.0,0.08,9ae987347494,2025-10-20
2025-10-20,2025-10-20 18:36:02.763831,AAPL,262.24,2025-11-07,17,320.0,CALL,0.06,0.04,0.06,357,286,0.3594,0.0062,0.0009,-0.0107,0.0099,0.0007,0.8195,0.0,0.06,54d06eee2e69,2025-10-20
2025-10-20,2025-10-20 18:36:02.765101,AAPL,262.24,2025-11-07,17,325.0,CALL,0.04,0.03,0.05,84,124,0.376,0.005,0.0007,-0.0092,0.0081,0.0006,0.8069,0.0,0.04,b32c7080c6c6,2025-10-20
2025-10-20,2025-10-20 18:36:02.765663,AAPL,262.24,2025-11-07,17,330.0,CALL,0.03,0.02,0.03,115,38,0.3789,0.003,0.0004,-0.0059,0.0052,0.0004,0.7947,0.0,0.03,e854ccc7a111,2025-10-20
2025-10-20,2025-10-20 18:36:02.766537,AAPL,262.24,2025-11-07,17,110.0,PUT,0.02,0.0,0.1,2,27,1.3906,-0.0011,0.0,-0.0087,0.0021,-0.0002,2.384,0.0,0.02,887421f11a84,2025-10-20
2025-10-20,2025-10-20 18:36:02.767102,AAPL,262.24,2025-11-07,17,125.0,PUT,0.01,0.0,0.12,15,36,1.2188,-0.0016,0.0001,-0.0102,0.0029,-0.0002,2.0979,0.0,0.01,860b6d275c63,2025-10-20
2025-10-20,2025-10-20 18:36:02.767658,AAPL,262.24,2025-11-07,17,135.0,PUT,0.02,0.0,0.02,10,10,0.9375,-0.0003,0.0,-0.002,0.0007,-0.0,1.9425,0.0,0.02,4d66949f4afc,2025-10-20
2025-10-20,2025-10-20 18:36:02.768576,AAPL,262.24,2025-11-07,17,140.0,PUT,0.02,0.0,0.02,735,922,0.8906,-0.0004,0.0,-0.002,0.0008,-0.0,1.8731,0.0,0.02,ed2ba3441860,2025-10-20
2025-10-20,2025-10-20 18:36:02.770330,AAPL,262.24,2025-11-07,17,145.0,PUT,0.02,0.0,0.02,1,6,0.8438,-0.0004,0.0,-0.002,0.0008,-0.0001,1.8086,0.0,0.02,9ca3edf31b85,2025-10-20
2025-10-20,2025-10-20 18:36:02.770956,AAPL,262.24,2025-11-07,17,150.0,PUT,0.02,0.0,0.13,40,5,0.9453,-0.0022,0.0001,-0.0107,0.0039,-0.0003,1.7483,0.0,0.02,5a1cacf0cb99,2025-10-20
2025-10-20,2025-10-20 18:36:02.771535,AAPL,262.24,2025-11-07,17,155.0,PUT,0.02,0.01,0.03,40,97,0.7969,-0.0008,0.0001,-0.0036,0.0016,-0.0001,1.6919,0.0,0.02,ddea8acae0bc,2025-10-20
2025-10-20,2025-10-20 18:36:02.772092,AAPL,262.24,2025-11-07,17,160.0,PUT,0.02,0.01,0.03,95,94,0.75,-0.0008,0.0001,-0.0035,0.0016,-0.0001,1.639,0.0,0.02,519a0f96e95d,2025-10-20
2025-10-20,2025-10-20 18:36:02.772652,AAPL,262.24,2025-11-07,17,165.0,PUT,0.04,0.01,0.03,5,20,0.707,-0.0009,0.0001,-0.0035,0.0017,-0.0001,1.5893,0.0,0.04,07d5c088e9e0,2025-10-20
2025-10-20,2025-10-20 18:36:02.773199,AAPL,262.24,2025-11-07,17,170.0,PUT,0.04,0.02,0.03,1,28,0.6797,-0.0012,0.0001,-0.0044,0.0022,-0.0001,1.5426,0.0,0.04,6799b677d114,2025-10-20
2025-10-20,2025-10-20 18:36:02.773744,AAPL,262.24,2025-11-07,17,175.0,PUT,0.03,0.02,0.04,237,12,0.6484,-0.0015,0.0001,-0.0051,0.0027,-0.0002,1.4985,0.0,0.03,c36d68760640,2025-10-20
2025-10-20,2025-10-20 18:36:02.774297,AAPL,262.24,2025-11-07,17,180.0,PUT,0.05,0.03,0.06,21,97,0.6328,-0.0023,0.0002,-0.0074,0.004,-0.0003,1.4569,0.0,0.05,f05443e2c63e,2025-10-20
2025-10-20,2025-10-20 18:36:02.774844,AAPL,262.24,2025-11-07,17,185.0,PUT,0.05,0.04,0.06,28,91,0.5977,-0.0027,0.0002,-0.0081,0.0047,-0.0003,1.4175,0.0,0.05,d9a6255bdd3a,2025-10-20
2025-10-20,2025-10-20 18:36:02.775398,AAPL,262.24,2025-11-07,17,190.0,PUT,0.07,0.05,0.07,7,1229,0.5684,-0.0034,0.0003,-0.0096,0.0058,-0.0004,1.3802,0.0,0.07,199977de0489,2025-10-20
2025-10-20,2025-10-20 18:36:02.775942,AAPL,262.24,2025-11-07,17,195.0,PUT,0.08,0.06,0.09,3,38,0.541,-0.0045,0.0004,-0.0117,0.0074,-0.0006,1.3448,0.0,0.08,ea880b411d25,2025-10-20
2025-10-20,2025-10-20 18:36:02.776490,AAPL,262.24,2025-11-07,17,200.0,PUT,0.09,0.08,0.1,53,925,0.5098,-0.0056,0.0006,-0.0134,0.009,-0.0007,1.3112,0.0,0.09,6255761373ee,2025-10-20
2025-10-20,2025-10-20 18:36:02.777037,AAPL,262.24,2025-11-07,17,205.0,PUT,0.11,0.11,0.13,107,96,0.4922,-0.0084,0.0008,-0.0185,0.0129,-0.0011,1.2792,0.0,0.11,a2220421f4bf,2025-10-20
2025-10-20,2025-10-20 18:36:02.777592,AAPL,262.24,2025-11-07,17,210.0,PUT,0.14,0.14,0.16,115,247,0.4639,-0.011,0.0011,-0.022,0.0164,-0.0014,1.2488,0.0,0.14,d92b5351d2b2,2025-10-20
2025-10-20,2025-10-20 18:36:02.778135,AAPL,262.24,2025-11-07,17,215.0,PUT,0.19,0.18,0.2,68,579,0.4356,-0.0145,0.0015,-0.0262,0.0209,-0.0018,1.2197,0.0,0.19,f22f70925818,2025-10-20
2025-10-20,2025-10-20 18:36:02.778679,AAPL,262.24,2025-11-07,17,220.0,PUT,0.24,0.25,0.27,121,1046,0.4121,-0.0205,0.0021,-0.0333,0.028,-0.0026,1.192,0.0,0.24,01ee22c14cf5,2025-10-20
2025-10-20,2025-10-20 18:36:02.779227,AAPL,262.24,2025-11-07,17,225.0,PUT,0.32,0.35,0.38,191,1482,0.3911,-0.0299,0.0031,-0.0432,0.0385,-0.0038,1.1655,0.0,0.32,3707b0fbd54a,2025-10-20
2025-10-20,2025-10-20 18:36:02.779765,AAPL,262.24,2025-11-07,17,230.0,PUT,0.48,0.52,0.55,359,1601,0.3721,-0.0446,0.0045,-0.0568,0.0532,-0.0056,1.1402,0.0,0.48,906edc2d80e9,2025-10-20
2025-10-20,2025-10-20 18:36:02.780311,AAPL,262.24,2025-11-07,17,235.0,PUT,0.79,0.79,0.82,331,1092,0.3557,-0.0675,0.0065,-0.0751,0.0739,-0.0085,1.1159,0.0,0.79,1a47b538d967,2025-10-20
2025-10-20,2025-10-20 18:36:02.780862,AAPL,262.24,2025-11-07,17,240.0,PUT,1.25,1.23,1.26,2233,1688,0.3428,-0.1032,0.0093,-0.099,0.1017,-0.0131,1.0927,0.0,1.25,799ab8ca800a,2025-10-20
2025-10-20,2025-10-20 18:36:02.781820,AAPL,262.24,2025-11-07,17,245.0,PUT,1.89,1.85,1.94,703,1156,0.3323,-0.1554,0.0127,-0.1268,0.1351,-0.0197,1.0704,0.0,1.89,db199df2cbfb,2025-10-20
2025-10-20,2025-10-20 18:36:02.784418,AAPL,262.24,2025-11-07,17,250.0,PUT,2.9,2.87,2.93,1195,1623,0.3226,-0.2262,0.0165,-0.1539,0.1703,-0.0288,1.049,0.0,2.9,b49b40dd4ed4,2025-10-20
2025-10-20,2025-10-20 18:36:02.785880,AAPL,262.24,2025-11-07,17,255.0,PUT,4.3,4.25,4.35,917,807,0.3151,-0.3168,0.02,-0.1761,0.2015,-0.0405,1.0284,0.0,4.3,66631f10d7b2,2025-10-20
2025-10-20,2025-10-20 18:36:02.786473,AAPL,262.24,2025-11-07,17,260.0,PUT,6.15,6.1,6.25,2093,218,0.3079,-0.4231,0.0225,-0.1863,0.2216,-0.0543,1.0086,0.0,6.15,65c6eed0859a,2025-10-20
2025-10-20,2025-10-20 18:36:02.787372,AAPL,262.24,2025-11-07,17,265.0,PUT,8.8,8.55,8.75,306,101,0.3038,-0.5378,0.0231,-0.1824,0.2248,-0.0694,0.9896,2.76,6.04,ee22eb9dccb0,2025-10-20
2025-10-20,2025-10-20 18:36:02.788749,AAPL,262.24,2025-11-07,17,270.0,PUT,10.79,11.5,11.85,125,30,0.3026,-0.6487,0.0217,-0.1644,0.2099,-0.0844,0.9713,7.76,3.03,0a26c7b47f9e,2025-10-20
2025-10-20,2025-10-20 18:36:02.789448,AAPL,262.24,2025-11-07,17,275.0,PUT,14.1,14.85,15.4,37,23,0.2994,-0.7487,0.0188,-0.1328,0.1803,-0.0983,0.9536,12.76,1.34,e4caf7e71b91,2025-10-20
2025-10-20,2025-10-20 18:36:02.790052,AAPL,262.24,2025-11-07,17,280.0,PUT,19.3,18.8,19.25,10,9,0.2881,-0.8387,0.015,-0.0879,0.1384,-0.1111,0.9366,17.76,1.54,fe2333ccd352,2025-10-20
2025-10-20,2025-10-20 18:36:02.790617,AAPL,262.24,2025-11-07,17,290.0,PUT,35.97,27.65,28.3,0,0,0.294,-0.9359,0.0075,-0.0277,0.071,-0.1272,0.9043,27.76,8.21,159c7ddae796,2025-10-20
2025-10-20,2025-10-20 18:36:02.791180,AAPL,262.24,2025-11-07,17,295.0,PUT,31.89,32.2,33.2,1,0,0.3176,-0.9508,0.0057,-0.0191,0.0576,-0.1313,0.8889,32.76,0.0,8103edb167d0,2025-10-20
2025-10-20,2025-10-20 18:36:02.791734,AAPL,262.24,2025-11-07,17,300.0,PUT,52.52,37.1,38.2,0,0,0.3525,-0.9557,0.0047,-0.0194,0.053,-0.1342,0.8741,37.76,14.76,118d9e91ae65,2025-10-20
2025-10-21,2025-10-21 18:30:42.553510,AAPL,262.77,2025-10-24,2,110.0,CALL,152.8,152.35,153.65,2,10,3.6133,0.9997,0.0,-0.0359,0.0002,0.006,2.3888,152.77,0.03,7eef6a1c85c8,2025-10-21
2025-10-21,2025-10-21 18:30:42.554245,AAPL,262.77,2025-10-24,2,120.0,CALL,128.65,142.35,143.65,25,26,3.2773,0.9996,0.0,-0.0378,0.0003,0.0066,2.1897,142.77,0.0,cab0f984ef99,2025-10-21
2025-10-21,2025-10-21 18:30:42.555714,AAPL,262.77,2025-10-24,2,125.0,CALL,133.49,137.35,138.65,3,3,3.1172,0.9996,0.0,-0.0385,0.0003,0.0068,2.1022,137.77,0.0,560b6b82aefe,2025-10-21
2025-10-21,2025-10-21 18:30:42.556354,AAPL,262.77,2025-10-24,2,140.0,CALL,116.1,122.4,123.65,1,1,2.7188,0.9994,0.0,-0.0458,0.0004,0.0077,1.8769,122.77,0.0,8e168f1810b9,2025-10-21
2025-10-21,2025-10-21 18:30:42.556946,AAPL,262.77,2025-10-24,2,150.0,CALL,102.67,112.4,113.65,10,51,2.4473,0.9993,0.0001,-0.0481,0.0005,0.0082,1.7518,112.77,0.0,e063997b2ccd,2025-10-21
2025-10-21,2025-10-21 18:30:42.557516,AAPL,262.77,2025-10-24,2,155.0,CALL,95.88,107.0,108.7,1,1,2.0,0.9999,0.0,-0.0242,0.0001,0.0085,1.6953,107.77,0.0,96b0f85574a2,2025-10-21
2025-10-21,2025-10-21 18:30:42.558078,AAPL,262.77,2025-10-24,2,160.0,CALL,94.2,102.4,103.65,1,0,2.1914,0.9992,0.0001,-0.0503,0.0006,0.0088,1.6423,102.77,0.0,c26a1f4c9733,2025-10-21
2025-10-21,2025-10-21 18:30:42.558628,AAPL,262.77,2025-10-24,2,165.0,CALL,84.52,97.4,98.7,1,5,2.0977,0.999,0.0001,-0.0562,0.0007,0.009,1.5925,97.77,0.0,8d52b2e583ee,2025-10-21
2025-10-21,2025-10-21 18:30:42.559122,AAPL,262.77,2025-10-24,2,170.0,CALL,78.45,92.4,93.65,2,8,1.9512,0.999,0.0001,-0.053,0.0007,0.0093,1.5457,92.77,0.0,730123e96ddc,2025-10-21
2025-10-21,2025-10-21 18:30:42.559601,AAPL,262.77,2025-10-24,2,175.0,CALL,75.73,87.4,88.7,2,4,1.8613,0.9987,0.0001,-0.0592,0.0008,0.0096,1.5015,87.77,0.0,0c9ff3b8fef2,2025-10-21
2025-10-21,2025-10-21 18:30:42.560064,AAPL,262.77,2025-10-24,2,180.0,CALL,69.85,82.4,83.7,1,26,1.748,0.9986,0.0001,-0.0609,0.0009,0.0098,1.4598,82.77,0.0,872fab6ddc1d,2025-10-21
2025-10-21,2025-10-21 18:30:42.560534,AAPL,262.77,2025-10-24,2,185.0,CALL,79.39,77.4,78.7,13,8,1.6357,0.9985,0.0002,-0.0624,0.001,0.0101,1.4204,77.77,1.62,98a6d64adc8b,2025-10-21
2025-10-21,2025-10-21 18:30:42.561000,AAPL,262.77,2025-10-24,2,190.0,CALL,72.97,72.45,73.25,15,28,1.2852,0.9997,0.0,-0.0297,0.0002,0.0104,1.383,72.77,0.2,f7b3a3297c10,2025-10-21
2025-10-21,2025-10-21 18:30:42.561479,AAPL,262.77,2025-10-24,2,195.0,CALL,54.05,67.4,68.7,7,107,1.4199,0.9981,0.0002,-0.0659,0.0012,0.0107,1.3475,67.77,0.0,0734b2cb4d88,2025-10-21
2025-10-21,2025-10-21 18:30:42.561948,AAPL,262.77,2025-10-24,2,200.0,CALL,63.73,62.45,63.7,7,155,1.333,0.9976,0.0003,-0.0733,0.0015,0.0109,1.3138,62.77,0.96,19cb52d585f9,2025-10-21
2025-10-21,2025-10-21 18:30:42.562414,AAPL,262.77,2025-10-24,2,205.0,CALL,57.87,57.4,58.7,1,36,1.2119,0.9976,0.0003,-0.0699,0.0015,0.0112,1.2818,57.77,0.1,c2c79a4bb2aa,2025-10-21
2025-10-21,2025-10-21 18:30:42.562842,AAPL,262.77,2025-10-24,2,210.0,CALL,53.11,52.4,53.6,24,432,1.0762,0.9979,0.0003,-0.0611,0.0013,0.0115,1.2513,52.77,0.34,ef2721139dcd,2025-10-21
2025-10-21,2025-10-21 18:30:42.563233,AAPL,262.77,2025-10-24,2,215.0,CALL,47.98,47.45,48.75,10,260,1.0391,0.996,0.0006,-0.0865,0.0023,0.0117,1.2222,47.77,0.21,cf441275e767,2025-10-21
2025-10-21,2025-10-21 18:30:42.563623,AAPL,262.77,2025-10-24,2,220.0,CALL,43.8,42.65,43.65,1867,3489,0.9629,0.9943,0.0009,-0.1027,0.0031,0.012,1.1944,42.77,1.03,361b0e374e10,2025-10-21
2025-10-21,2025-10-21 18:30:42.564020,AAPL,262.77,2025-10-24,2,222.5,CALL,41.95,40.0,41.2,1,292,0.8887,0.9948,0.0009,-0.0914,0.0029,0.0121,1.181,40.27,1.68,2bbe5061e767,2025-10-21
2025-10-21,2025-10-21 18:30:42.564411,AAPL,262.77,2025-10-24,2,225.0,CALL,38.2,37.6,38.6,1196,1033,0.8384,0.9944,0.001,-0.0929,0.0031,0.0122,1.1679,37.77,0.43,f3a8c278f3ed,2025-10-21
2025-10-21,2025-10-21 18:30:42.564814,AAPL,262.77,2025-10-24,2,227.5,CALL,35.65,35.0,36.25,3,1213,0.7998,0.9932,0.0012,-0.1016,0.0037,0.0124,1.155,35.27,0.38,8884d4cb67d0,2025-10-21
2025-10-21,2025-10-21 18:30:42.565649,AAPL,262.77,2025-10-24,2,230.0,CALL,33.1,32.8,33.7,1565,2844,0.7969,0.989,0.0019,-0.1398,0.0056,0.0124,1.1425,32.77,0.33,244260f6ad38,2025-10-21
2025-10-21,2025-10-21 18:30:42.566158,AAPL,262.77,2025-10-24,2,232.5,CALL,31.32,30.15,31.25,6,288,0.7275,0.9894,0.002,-0.1276,0.0055,0.0126,1.1302,30.27,1.05,dfc56b86f7ec,2025-10-21
2025-10-21,2025-10-21 18:30:42.566593,AAPL,262.77,2025-10-24,2,235.0,CALL,28.36,27.6,28.55,566,2318,0.6299,0.9923,0.0017,-0.0934,0.0041,0.0128,1.1182,27.77,0.59,c912af5a2903,2025-10-21
2025-10-21,2025-10-21 18:30:42.567002,AAPL,262.77,2025-10-24,2,237.5,CALL,25.35,25.3,26.3,151,252,0.6543,0.9829,0.0033,-0.1637,0.0083,0.0128,1.1064,25.27,0.08,dfdd8c2e0314,2025-10-21
2025-10-21,2025-10-21 18:30:42.567409,AAPL,262.77,2025-10-24,2,240.0,CALL,23.2,22.8,23.25,143,2993,0.5137,0.992,0.0022,-0.084,0.0043,0.013,1.0949,22.77,0.43,fe37fce7e397,2025-10-21
2025-10-21,2025-10-21 18:30:42.567807,AAPL,262.77,2025-10-24,2,242.5,CALL,20.4,20.2,20.6,169,650,0.4912,0.9872,0.0035,-0.1083,0.0064,0.0131,1.0836,20.27,0.13,4945171a3781,2025-10-21
2025-10-21,2025-10-21 18:30:42.568207,AAPL,262.77,2025-10-24,2,245.0,CALL,18.16,17.8,18.15,266,3318,0.4551,0.9823,0.0049,-0.1264,0.0085,0.0132,1.0725,17.77,0.39,41e3b7289c29,2025-10-21
2025-10-21,2025-10-21 18:30:42.568588,AAPL,262.77,2025-10-24,2,247.5,CALL,15.7,15.25,15.65,553,3094,0.4033,0.9787,0.0065,-0.1298,0.0099,0.0132,1.0617,15.27,0.43,2429eea2315a,2025-10-21
2025-10-21,2025-10-21 18:30:42.568935,AAPL,262.77,2025-10-24,2,250.0,CALL,13.4,12.9,13.2,4755,11532,0.3623,0.97,0.0097,-0.1499,0.0133,0.0133,1.0511,12.77,0.63,1ee5a059f4c3,2025-10-21
2025-10-21,2025-10-21 18:30:42.569273,AAPL,262.77,2025-10-24,2,252.5,CALL,10.85,10.55,10.85,2825,7827,0.3357,0.9481,0.0163,-0.2029,0.0207,0.0131,1.0407,10.27,0.58,f8649ab02be2,2025-10-21
2025-10-21,2025-10-21 18:30:42.569609,AAPL,262.77,2025-10-24,2,255.0,CALL,8.6,8.25,8.5,2261,28074,0.2991,0.9159,0.0265,-0.2532,0.03,0.0127,1.0305,7.77,0.83,5fa75cc92cd5,2025-10-21
2025-10-21,2025-10-21 18:30:42.569972,AAPL,262.77,2025-10-24,2,257.5,CALL,6.3,6.05,6.35,3914,11061,0.2769,0.8439,0.0444,-0.3489,0.0466,0.0118,1.0205,5.27,1.03,c89185dabd81,2025-10-21
2025-10-21,2025-10-21 18:30:42.570308,AAPL,262.77,2025-10-24,2,260.0,CALL,4.3,4.25,4.4,32974,29039,0.2565,0.7193,0.0676,-0.4432,0.0656,0.0102,1.0107,2.77,1.53,7813c2457095,2025-10-21
2025-10-21,2025-10-21 18:30:42.570649,AAPL,262.77,2025-10-24,2,262.5,CALL,2.8,2.75,2.81,38032,15072,0.2437,0.5318,0.0839,-0.4882,0.0774,0.0075,1.001,0.27,2.53,030655dbd716,2025-10-21
2025-10-21,2025-10-21 18:30:42.570982,AAPL,262.77,2025-10-24,2,265.0,CALL,1.64,1.63,1.65,190378,22936,0.2373,0.3234,0.0778,-0.4248,0.0699,0.0046,0.9916,0.0,1.64,019b7f322d53,2025-10-21
2025-10-21,2025-10-21 18:30:42.571324,AAPL,262.77,2025-10-24,2,267.5,CALL,0.89,0.86,0.89,43942,10654,0.2346,0.1576,0.0528,-0.2799,0.0469,0.0022,0.9823,0.0,0.89,cc3ba785c2f9,2025-10-21
2025-10-21,2025-10-21 18:30:42.571661,AAPL,262.77,2025-10-24,2,270.0,CALL,0.43,0.43,0.45,89488,26027,0.2356,0.0626,0.0269,-0.1431,0.0239,0.0009,0.9732,0.0,0.43,3169d5e6ae6a,2025-10-21
2025-10-21,2025-10-21 18:30:42.571992,AAPL,262.77,2025-10-24,2,272.5,CALL,0.24,0.22,0.24,43039,10972,0.2446,0.0236,0.0117,-0.0669,0.0108,0.0003,0.9643,0.0,0.24,3752d73a07e1,2025-10-21
2025-10-21,2025-10-21 18:30:42.572326,AAPL,262.77,2025-10-24,2,275.0,CALL,0.13,0.12,0.13,21634,16858,0.2549,0.0085,0.0046,-0.0288,0.0045,0.0001,0.9555,0.0,0.13,a4195a9c85f8,2025-10-21
2025-10-21,2025-10-21 18:30:42.572668,AAPL,262.77,2025-10-24,2,277.5,CALL,0.08,0.08,0.09,6562,2985,0.2764,0.0041,0.0023,-0.0164,0.0024,0.0001,0.9469,0.0,0.08,40595eb1cd9e,2025-10-21
2025-10-21,2025-10-21 18:30:42.573005,AAPL,262.77,2025-10-24,2,280.0,CALL,0.06,0.05,0.06,10139,9653,0.2949,0.0019,0.0011,-0.0089,0.0012,0.0,0.9385,0.0,0.06,034600a76222,2025-10-21
2025-10-21,2025-10-21 18:30:42.573343,AAPL,262.77,2025-10-24,2,282.5,CALL,0.03,0.03,0.04,4954,2598,0.3106,0.0009,0.0005,-0.0046,0.0006,0.0,0.9302,0.0,0.03,ca9818ff57c9,2025-10-21
2025-10-21,2025-10-21 18:30:42.573680,AAPL,262.77,2025-10-24,2,285.0,CALL,0.02,0.02,0.03,2617,7182,0.3301,0.0005,0.0003,-0.0028,0.0003,0.0,0.922,0.0,0.02,a7f07b0283fc,2025-10-21
2025-10-21,2025-10-21 18:30:42.574016,AAPL,262.77,2025-10-24,2,290.0,CALL,0.01,0.01,0.02,1331,6767,0.375,0.0002,0.0001,-0.0014,0.0002,0.0,0.9061,0.0,0.01,0e4fa1888986,2025-10-21
2025-10-21,2025-10-21 18:30:42.574346,AAPL,262.77,2025-10-24,2,295.0,CALL,0.01,0.0,0.01,707,1053,0.3984,0.0,0.0,-0.0004,0.0,0.0,0.8907,0.0,0.01,1715d2221a8d,2025-10-21
2025-10-21,2025-10-21 18:30:42.574684,AAPL,262.77,2025-10-24,2,300.0,CALL,0.01,0.0,0.01,238,2319,0.4531,0.0,0.0,-0.0004,0.0,0.0,0.8759,0.0,0.01,333d28682750,2025-10-21
2025-10-21,2025-10-21 18:30:42.575022,AAPL,262.77,2025-10-24,2,305.0,CALL,0.01,0.0,0.01,5,304,0.5,0.0,0.0,-0.0003,0.0,0.0,0.8615,0.0,0.01,790b157f477a,2025-10-21
2025-10-21,2025-10-21 18:30:42.575356,AAPL,262.77,2025-10-24,2,310.0,CALL,0.01,0.0,0.01,1,145,0.5156,0.0,0.0,-0.0001,0.0,0.0,0.8476,0.0,0.01,abd759ac466e,2025-10-21
2025-10-21,2025-10-21 18:30:42.575698,AAPL,262.77,2025-10-24,2,315.0,CALL,0.01,0.0,0.01,2,125,0.5625,0.0,0.0,-0.0001,0.0,0.0,0.8342,0.0,0.01,d76b5fd15c91,2025-10-21
2025-10-21,2025-10-21 18:30:42.576037,AAPL,262.77,2025-10-24,2,320.0,CALL,0.01,0.0,0.01,10,110,0.6094,0.0,0.0,-0.0001,0.0,0.0,0.8212,0.0,0.01,a2ab28fd8105,2025-10-21
2025-10-21,2025-10-21 18:30:42.576368,AAPL,262.77,2025-10-24,2,325.0,CALL,0.01,0.0,0.01,65,123,0.6563,0.0,0.0,-0.0001,0.0,0.0,0.8085,0.0,0.01,c599b9eb2c68,2025-10-21
2025-10-21,2025-10-21 18:30:42.576684,AAPL,262.77,2025-10-24,2,330.0,CALL,0.01,0.0,0.01,5,26,0.6875,0.0,0.0,-0.0001,0.0,0.0,0.7963,0.0,0.01,066dbe6f71a8,2025-10-21
2025-10-21,2025-10-21 18:30:42.577156,AAPL,262.77,2025-10-24,2,110.0,PUT,0.01,0.0,0.01,11,53,2.5,-0.0,0.0,-0.0,0.0,-0.0,2.3888,0.0,0.01,3173f95748ab,2025-10-21
2025-10-21,2025-10-21 18:30:42.577470,AAPL,262.77,2025-10-24,2,130.0,PUT,0.01,0.0,0.01,50,53,2.0625,-0.0,0.0,-0.0001,0.0,-0.0,2.0213,0.0,0.01,97ea67bc0d3c,2025-10-21
2025-10-21,2025-10-21 18:30:42.577784,AAPL,262.77,2025-10-24,2,135.0,PUT,0.02,0.0,0.01,100,103,1.9375,-0.0,0.0,-0.0001,0.0,-0.0,1.9464,0.0,0.02,1a221a66ea2c,2025-10-21
2025-10-21,2025-10-21 18:30:42.578084,AAPL,262.77,2025-10-24,2,140.0,PUT,0.01,0.0,0.01,5,426,1.8125,-0.0,0.0,-0.0,0.0,-0.0,1.8769,0.0,0.01,f2dd10243c85,2025-10-21
2025-10-21,2025-10-21 18:30:42.578387,AAPL,262.77,2025-10-24,2,145.0,PUT,0.01,0.0,0.01,10,56,1.75,-0.0,0.0,-0.0001,0.0,-0.0,1.8122,0.0,0.01,21f33c193d8f,2025-10-21
2025-10-21,2025-10-21 18:30:42.578684,AAPL,262.77,2025-10-24,2,150.0,PUT,0.01,0.0,0.01,30,208,1.625,-0.0,0.0,-0.0,0.0,-0.0,1.7518,0.0,0.01,92e6ce989632,2025-10-21
2025-10-21,2025-10-21 18:30:42.578980,AAPL,262.77,2025-10-24,2,155.0,PUT,0.05,0.0,0.01,3,6,1.5625,-0.0,0.0,-0.0001,0.0,-0.0,1.6953,0.0,0.05,54c6806bedf0,2025-10-21
2025-10-21,2025-10-21 18:30:42.579285,AAPL,262.77,2025-10-24,2,160.0,PUT,0.01,0.0,0.01,119,152,1.4688,-0.0,0.0,-0.0001,0.0,-0.0,1.6423,0.0,0.01,6e91939b6b23,2025-10-21
2025-10-21,2025-10-21 18:30:42.579581,AAPL,262.77,2025-10-24,2,165.0,PUT,0.01,0.0,0.01,2,622,1.375,-0.0,0.0,-0.0001,0.0,-0.0,1.5925,0.0,0.01,4f141002f091,2025-10-21
2025-10-21,2025-10-21 18:30:42.579881,AAPL,262.77,2025-10-24,2,170.0,PUT,0.01,0.0,0.01,61,330,1.2813,-0.0,0.0,-0.0001,0.0,-0.0,1.5457,0.0,0.01,faab7522d35c,2025-10-21
2025-10-21,2025-10-21 18:30:42.580180,AAPL,262.77,2025-10-24,2,175.0,PUT,0.01,0.0,0.01,60,290,1.2188,-0.0,0.0,-0.0001,0.0,-0.0,1.5015,0.0,0.01,23099a97bbee,2025-10-21
2025-10-21,2025-10-21 18:30:42.580477,AAPL,262.77,2025-10-24,2,180.0,PUT,0.01,0.0,0.01,5,257,1.125,-0.0,0.0,-0.0001,0.0,-0.0,1.4598,0.0,0.01,be3fa1f57707,2025-10-21
2025-10-21,2025-10-21 18:30:42.580780,AAPL,262.77,2025-10-24,2,185.0,PUT,0.01,0.0,0.01,100,910,1.0625,-0.0,0.0,-0.0001,0.0,-0.0,1.4204,0.0,0.01,8550fecacd53,2025-10-21
2025-10-21,2025-10-21 18:30:42.581077,AAPL,262.77,2025-10-24,2,190.0,PUT,0.01,0.0,0.01,19,322,0.9688,-0.0,0.0,-0.0001,0.0,-0.0,1.383,0.0,0.01,53086fbe9307,2025-10-21
2025-10-21,2025-10-21 18:30:42.581375,AAPL,262.77,2025-10-24,2,195.0,PUT,0.01,0.0,0.01,1,2058,0.9063,-0.0,0.0,-0.0001,0.0,-0.0,1.3475,0.0,0.01,9f32268803b5,2025-10-21
2025-10-21,2025-10-21 18:30:42.581669,AAPL,262.77,2025-10-24,2,200.0,PUT,0.01,0.0,0.01,7,4671,0.8438,-0.0,0.0,-0.0001,0.0,-0.0,1.3138,0.0,0.01,c3bde6453c53,2025-10-21
2025-10-21,2025-10-21 18:30:42.581964,AAPL,262.77,2025-10-24,2,205.0,PUT,0.01,0.0,0.01,56,2905,0.7656,-0.0,0.0,-0.0001,0.0,-0.0,1.2818,0.0,0.01,20ca5037f555,2025-10-21
2025-10-21,2025-10-21 18:30:42.582259,AAPL,262.77,2025-10-24,2,210.0,PUT,0.01,0.0,0.01,185,1649,0.6875,-0.0,0.0,-0.0001,0.0,-0.0,1.2513,0.0,0.01,a1bb20002194,2025-10-21
2025-10-21,2025-10-21 18:30:42.582542,AAPL,262.77,2025-10-24,2,215.0,PUT,0.01,0.0,0.01,154,1598,0.625,-0.0,0.0,-0.0001,0.0,-0.0,1.2222,0.0,0.01,5ce8e9a725be,2025-10-21
2025-10-21,2025-10-21 18:30:42.582819,AAPL,262.77,2025-10-24,2,220.0,PUT,0.02,0.01,0.02,2106,4398,0.625,-0.0001,0.0,-0.0007,0.0,-0.0,1.1944,0.0,0.02,c0029aeeb61d,2025-10-21
2025-10-21,2025-10-21 18:30:42.583093,AAPL,262.77,2025-10-24,2,222.5,PUT,0.02,0.0,0.02,199,344,0.5625,-0.0,0.0,-0.0003,0.0,-0.0,1.181,0.0,0.02,b3eab530b143,2025-10-21
2025-10-21,2025-10-21 18:30:42.583371,AAPL,262.77,2025-10-24,2,225.0,PUT,0.02,0.01,0.02,300,3909,0.5469,-0.0001,0.0,-0.0006,0.0,-0.0,1.1679,0.0,0.02,22665cbdf4fe,2025-10-21
2025-10-21,2025-10-21 18:30:42.583648,AAPL,262.77,2025-10-24,2,227.5,PUT,0.03,0.01,0.03,88,1027,0.5313,-0.0001,0.0,-0.0011,0.0001,-0.0,1.155,0.0,0.03,1ca3925d91b5,2025-10-21
2025-10-21,2025-10-21 18:30:42.583928,AAPL,262.77,2025-10-24,2,230.0,PUT,0.02,0.02,0.03,817,4818,0.5078,-0.0002,0.0001,-0.0017,0.0001,-0.0,1.1425,0.0,0.02,919c50f613d3,2025-10-21
2025-10-21,2025-10-21 18:30:42.584205,AAPL,262.77,2025-10-24,2,232.5,PUT,0.03,0.02,0.03,667,2287,0.4805,-0.0003,0.0001,-0.0023,0.0002,-0.0,1.1302,0.0,0.03,17cd89cc1a2f,2025-10-21
2025-10-21,2025-10-21 18:30:42.584476,AAPL,262.77,2025-10-24,2,235.0,PUT,0.03,0.03,0.04,979,9841,0.457,-0.0004,0.0002,-0.0035,0.0003,-0.0,1.1182,0.0,0.03,43374ce9e89b,2025-10-21
2025-10-21,2025-10-21 18:30:42.584748,AAPL,262.77,2025-10-24,2,237.5,PUT,0.04,0.03,0.04,1042,3423,0.4199,-0.0005,0.0002,-0.0038,0.0004,-0.0,1.1064,0.0,0.04,ae091b2439ed,2025-10-21
2025-10-21,2025-10-21 18:30:42.585030,AAPL,262.77,2025-10-24,2,240.0,PUT,0.06,0.05,0.06,4629,15150,0.4023,-0.0011,0.0005,-0.0071,0.0007,-0.0,1.0949,0.0,0.06,bc3cefb7d87a,2025-10-21
2025-10-21,2025-10-21 18:30:42.585303,AAPL,262.77,2025-10-24,2,242.5,PUT,0.06,0.05,0.1,1448,5116,0.3926,-0.0027,0.0011,-0.0157,0.0016,-0.0,1.0836,0.0,0.06,15476a39c0a6,2025-10-21
2025-10-21,2025-10-21 18:30:42.585588,AAPL,262.77,2025-10-24,2,245.0,PUT,0.07,0.07,0.08,2810,11918,0.3379,-0.0024,0.0011,-0.0122,0.0014,-0.0,1.0725,0.0,0.07,715360bbc2cf,2025-10-21
2025-10-21,2025-10-21 18:30:42.585862,AAPL,262.77,2025-10-24,2,247.5,PUT,0.09,0.09,0.1,4503,6100,0.3066,-0.0039,0.0019,-0.0172,0.0023,-0.0001,1.0617,0.0,0.09,fdded67ecd1b,2025-10-21
2025-10-21,2025-10-21 18:30:42.586138,AAPL,262.77,2025-10-24,2,250.0,PUT,0.14,0.13,0.14,8643,12685,0.2813,-0.0079,0.0039,-0.0293,0.0042,-0.0001,1.0511,0.0,0.14,bced12e63578,2025-10-21
2025-10-21,2025-10-21 18:30:42.586411,AAPL,262.77,2025-10-24,2,252.5,PUT,0.22,0.22,0.23,5693,5358,0.2622,-0.0189,0.0091,-0.0583,0.009,-0.0003,1.0407,0.0,0.22,ffe9b5e4bc6f,2025-10-21
2025-10-21,2025-10-21 18:30:42.586683,AAPL,262.77,2025-10-24,2,255.0,PUT,0.41,0.4,0.41,18265,13098,0.2476,-0.0484,0.0209,-0.1194,0.0195,-0.0007,1.0305,0.0,0.41,5c6df98ca666,2025-10-21
2025-10-21,2025-10-21 18:30:42.586959,AAPL,262.77,2025-10-24,2,257.5,PUT,0.76,0.74,0.78,17298,8261,0.2405,-0.1229,0.0435,-0.2338,0.0396,-0.0018,1.0205,0.0,0.76,9a9308c135a5,2025-10-21
2025-10-21,2025-10-21 18:30:42.587231,AAPL,262.77,2025-10-24,2,260.0,PUT,1.36,1.36,1.39,29692,11859,0.2324,-0.2615,0.072,-0.3591,0.0633,-0.0038,1.0107,0.0,1.36,b6984bf8cbd4,2025-10-21
2025-10-21,2025-10-21 18:30:42.587504,AAPL,262.77,2025-10-24,2,262.5,PUT,2.35,2.32,2.36,29294,6171,0.2273,-0.4665,0.0899,-0.4241,0.0773,-0.0068,1.001,0.0,2.35,d382c0f2912c,2025-10-21
2025-10-21,2025-10-21 18:30:42.587778,AAPL,262.77,2025-10-24,2,265.0,PUT,3.7,3.65,3.8,15468,3304,0.2296,-0.6823,0.0798,-0.3756,0.0693,-0.01,0.9916,2.23,1.47,ec6e5fafb5d9,2025-10-21
2025-10-21,2025-10-21 18:30:42.588050,AAPL,262.77,2025-10-24,2,267.5,PUT,5.2,5.4,5.55,5743,920,0.2263,-0.8512,0.0527,-0.227,0.0451,-0.0125,0.9823,4.73,0.47,f66e348b6184,2025-10-21
2025-10-21,2025-10-21 18:30:42.588329,AAPL,262.77,2025-10-24,2,270.0,PUT,7.25,7.25,7.7,1431,689,0.2388,-0.9348,0.0274,-0.1163,0.0247,-0.0139,0.9732,7.23,0.02,0ff6829375cb,2025-10-21
2025-10-21,2025-10-21 18:30:42.588588,AAPL,262.77,2025-10-24,2,272.5,PUT,9.4,9.5,10.05,42,92,0.2627,-0.9677,0.0142,-0.06,0.0141,-0.0145,0.9643,9.73,0.0,c896474a0c98,2025-10-21
2025-10-21,2025-10-21 18:30:42.588845,AAPL,262.77,2025-10-24,2,275.0,PUT,12.35,11.95,12.8,258,48,0.3618,-0.9531,0.0139,-0.1399,0.0191,-0.0144,0.9555,12.23,0.12,2e28c6f0a3eb,2025-10-21
2025-10-21,2025-10-21 18:30:42.589099,AAPL,262.77,2025-10-24,2,277.5,PUT,14.75,14.15,15.35,41,20,0.4214,-0.9577,0.011,-0.1518,0.0175,-0.0146,0.9469,14.73,0.02,9db31a954350,2025-10-21
2025-10-21,2025-10-21 18:30:42.589360,AAPL,262.77,2025-10-24,2,280.0,PUT,17.05,16.65,17.75,210,23,0.4492,-0.9703,0.0077,-0.1137,0.0131,-0.0149,0.9385,17.23,0.0,a3dda84ab89d,2025-10-21
2025-10-21,2025-10-21 18:30:42.589617,AAPL,262.77,2025-10-24,2,285.0,PUT,21.7,21.65,22.65,47,51,0.5137,-0.9826,0.0043,-0.0729,0.0084,-0.0154,0.922,22.23,0.0,37018d675e4b,2025-10-21
2025-10-21,2025-10-21 18:30:42.589875,AAPL,262.77,2025-10-24,2,290.0,PUT,51.75,44.05,45.55,0,0,2.5381,-0.6662,0.0074,-4.4637,0.0708,-0.0116,0.9061,27.23,24.52,9049c3cfdadd,2025-10-21
2025-10-21,2025-10-21 18:30:42.590129,AAPL,262.77,2025-10-24,2,295.0,PUT,38.47,31.65,32.75,1,0,0.7065,-0.9854,0.0027,-0.0911,0.0072,-0.016,0.8907,32.23,6.24,44a68d5b0b5d,2025-10-21
2025-10-21,2025-10-21 18:30:42.590381,AAPL,262.77,2025-10-24,2,300.0,PUT,44.2,36.65,37.65,0,0,0.752,-0.9906,0.0017,-0.0559,0.0049,-0.0163,0.8759,37.23,6.97,562da2a0d9c2,2025-10-21
2025-10-21,2025-10-21 18:30:42.590634,AAPL,262.77,2025-10-24,2,315.0,PUT,56.77,51.65,52.5,0,0,0.8945,-0.9965,0.0006,-0.0065,0.002,-0.0172,0.8342,52.23,4.54,1aa403592024,2025-10-21
2025-10-21,2025-10-21 18:30:42.590892,AAPL,262.77,2025-10-24,2,325.0,PUT,97.87,78.8,80.65,0,0,3.4019,-0.7634,0.0047,-5.0696,0.06,-0.0148,0.8085,62.23,35.64,ffb986d54ca9,2025-10-21
2025-10-21,2025-10-21 18:30:42.686165,AAPL,262.77,2025-10-31,9,140.0,CALL,107.52,122.5,123.75,1,2,1.7168,0.9933,0.0003,-0.0905,0.0077,0.034,1.8769,122.77,0.0,0eedb748393e,2025-10-21
2025-10-21,2025-10-21 18:30:42.686648,AAPL,262.77,2025-10-31,9,150.0,CALL,97.69,112.55,113.8,0,20,1.5781,0.9916,0.0004,-0.101,0.0094,0.0364,1.7518,112.77,0.0,b0eec1776b62,2025-10-21
2025-10-21,2025-10-21 18:30:42.687126,AAPL,262.77,2025-10-31,9,155.0,CALL,108.5,107.55,108.8,315,1,1.4961,0.9911,0.0004,-0.1015,0.0099,0.0376,1.6953,107.77,0.73,39de5156819b,2025-10-21
2025-10-21,2025-10-21 18:30:42.687588,AAPL,262.77,2025-10-31,9,170.0,CALL,94.18,92.6,93.8,2,7,1.2744,0.9887,0.0006,-0.1068,0.0122,0.0411,1.5457,92.77,1.41,044383ba6fab,2025-10-21
2025-10-21,2025-10-21 18:30:42.688466,AAPL,262.77,2025-10-31,9,175.0,CALL,72.15,87.6,88.85,0,1,1.2109,0.9874,0.0007,-0.1115,0.0134,0.0422,1.5015,87.77,0.0,d6cb05ea8553,2025-10-21
2025-10-21,2025-10-21 18:30:42.688864,AAPL,262.77,2025-10-31,9,180.0,CALL,81.85,82.4,84.0,2,21,1.127,0.9872,0.0007,-0.107,0.0136,0.0435,1.4598,82.77,0.0,9934d87c92ff,2025-10-21
2025-10-21,2025-10-21 18:30:42.689253,AAPL,262.77,2025-10-31,9,185.0,CALL,64.5,77.6,78.85,1,5,1.0664,0.9856,0.0008,-0.1117,0.0151,0.0446,1.4204,77.77,0.0,d919930ef5a8,2025-10-21
2025-10-21,2025-10-21 18:30:42.689647,AAPL,262.77,2025-10-31,9,190.0,CALL,73.1,72.25,73.85,1,8,0.9199,0.99,0.0007,-0.0795,0.011,0.0461,1.383,72.77,0.33,b00c86232e50,2025-10-21
2025-10-21,2025-10-21 18:30:42.690031,AAPL,262.77,2025-10-31,9,195.0,CALL,68.77,67.25,68.9,1,150,0.8672,0.9883,0.0009,-0.0844,0.0126,0.0472,1.3475,67.77,1.0,5faaf812d788,2025-10-21
2025-10-21,2025-10-21 18:30:42.690423,AAPL,262.77,2025-10-31,9,200.0,CALL,63.55,62.65,63.9,13,122,0.8765,0.9803,0.0013,-0.12,0.0197,0.0479,1.3138,62.77,0.78,866692e3ba64,2025-10-21
2025-10-21,2025-10-21 18:30:42.690815,AAPL,262.77,2025-10-31,9,205.0,CALL,58.05,57.65,58.6,1,56,0.7598,0.9842,0.0013,-0.0936,0.0163,0.0494,1.2818,57.77,0.28,ac35395808a6,2025-10-21
2025-10-21,2025-10-21 18:30:42.691197,AAPL,262.77,2025-10-31,9,210.0,CALL,53.34,52.7,53.9,17,154,0.75,0.9757,0.0018,-0.1232,0.0236,0.0501,1.2513,52.77,0.57,f53dac5fee6e,2025-10-21
2025-10-21,2025-10-21 18:30:42.691895,AAPL,262.77,2025-10-31,9,215.0,CALL,49.32,47.7,48.95,13,170,0.6904,0.9723,0.0022,-0.1264,0.0263,0.0511,1.2222,47.77,1.55,935cbfd8d84e,2025-10-21
2025-10-21,2025-10-21 18:30:42.692283,AAPL,262.77,2025-10-31,9,220.0,CALL,44.28,42.75,43.95,17,280,0.6309,0.9681,0.0027,-0.1295,0.0295,0.052,1.1944,42.77,1.51,17dc419006aa,2025-10-21
2025-10-21,2025-10-21 18:30:42.692671,AAPL,262.77,2025-10-31,9,225.0,CALL,38.89,37.15,38.95,26,2263,0.6677,0.9386,0.0044,-0.2113,0.0501,0.0513,1.1679,37.77,1.12,ad1bda600b15,2025-10-21
2025-10-21,2025-10-21 18:30:42.693066,AAPL,262.77,2025-10-31,9,227.5,CALL,35.67,35.35,36.5,11,48,0.5474,0.9584,0.0039,-0.1382,0.0367,0.0532,1.155,35.27,0.4,509de2c30dfd,2025-10-21
2025-10-21,2025-10-21 18:30:42.693448,AAPL,262.77,2025-10-31,9,230.0,CALL,33.25,32.55,33.65,124,889,0.5515,0.9445,0.0049,-0.168,0.0462,0.0529,1.1425,32.77,0.48,972e2fd31120,2025-10-21
2025-10-21,2025-10-21 18:30:42.693836,AAPL,262.77,2025-10-31,9,232.5,CALL,31.79,30.5,31.5,10,29,0.5647,0.9247,0.0061,-0.21,0.0586,0.0522,1.1302,30.27,1.52,8e8c3e6949c5,2025-10-21
2025-10-21,2025-10-21 18:30:42.694219,AAPL,262.77,2025-10-31,9,235.0,CALL,28.6,28.0,28.8,41,918,0.5027,0.929,0.0065,-0.1829,0.056,0.0531,1.1182,27.77,0.83,3ed35abdd176,2025-10-21
2025-10-21,2025-10-21 18:30:42.694608,AAPL,262.77,2025-10-31,9,237.5,CALL,26.23,25.75,26.45,12,233,0.4854,0.9161,0.0077,-0.1979,0.0636,0.0529,1.1064,25.27,0.96,7250abdf794f,2025-10-21
2025-10-21,2025-10-21 18:30:42.694995,AAPL,262.77,2025-10-31,9,240.0,CALL,23.85,23.4,24.05,218,1837,0.4597,0.9044,0.009,-0.2053,0.0701,0.0527,1.0949,22.77,1.08,4d5d1b4bc65a,2025-10-21
2025-10-21,2025-10-21 18:30:42.695383,AAPL,262.77,2025-10-31,9,242.5,CALL,21.35,21.1,21.7,34,310,0.4374,0.8886,0.0105,-0.2163,0.0783,0.0523,1.0836,20.27,1.08,c0bca075c336,2025-10-21
2025-10-21,2025-10-21 18:30:42.695766,AAPL,262.77,2025-10-31,9,245.0,CALL,19.0,19.0,19.45,75,3837,0.4216,0.8659,0.0124,-0.2345,0.0892,0.0514,1.0725,17.77,1.23,4384070c8a7e,2025-10-21
2025-10-21,2025-10-21 18:30:42.696143,AAPL,262.77,2025-10-31,9,247.5,CALL,17.23,16.85,17.2,279,912,0.4021,0.8407,0.0146,-0.2488,0.1001,0.0503,1.0617,15.27,1.96,8c24f6fb6cd3,2025-10-21
2025-10-21,2025-10-21 18:30:42.696495,AAPL,262.77,2025-10-31,9,250.0,CALL,15.1,14.8,15.05,506,8161,0.3861,0.8079,0.0171,-0.2661,0.1127,0.0487,1.0511,12.77,2.33,eac7c1847695,2025-10-21
2025-10-21,2025-10-21 18:30:42.696832,AAPL,262.77,2025-10-31,9,252.5,CALL,13.02,12.9,13.05,313,1188,0.3756,0.7655,0.0198,-0.2875,0.1266,0.0465,1.0407,10.27,2.75,2bfdcfa3e629,2025-10-21
2025-10-21,2025-10-21 18:30:42.697164,AAPL,262.77,2025-10-31,9,255.0,CALL,11.37,11.05,11.2,819,5784,0.3682,0.7147,0.0224,-0.3085,0.1401,0.0436,1.0305,7.77,3.6,2524e6f79fde,2025-10-21
2025-10-21,2025-10-21 18:30:42.697497,AAPL,262.77,2025-10-31,9,257.5,CALL,9.6,9.35,9.55,759,1659,0.3654,0.6558,0.0244,-0.3284,0.1519,0.0402,1.0205,5.27,4.33,15db2fd3cab7,2025-10-21
2025-10-21,2025-10-21 18:30:42.697843,AAPL,262.77,2025-10-31,9,260.0,CALL,8.1,7.8,8.0,4185,11103,0.3603,0.593,0.0261,-0.3388,0.1601,0.0366,1.0107,2.77,5.33,9dbae362c97a,2025-10-21
2025-10-21,2025-10-21 18:30:42.698176,AAPL,262.77,2025-10-31,9,262.5,CALL,6.54,6.4,6.6,4032,3942,0.3554,0.5264,0.0271,-0.3406,0.1643,0.0326,1.001,0.27,6.27,cb57f2bd931c,2025-10-21
2025-10-21,2025-10-21 18:30:42.698510,AAPL,262.77,2025-10-31,9,265.0,CALL,5.26,5.2,5.35,11032,7775,0.3504,0.4578,0.0274,-0.3329,0.1637,0.0285,0.9916,0.0,5.26,b764d62b8973,2025-10-21
2025-10-21,2025-10-21 18:30:42.698845,AAPL,262.77,2025-10-31,9,267.5,CALL,4.3,4.15,4.25,3141,3394,0.3451,0.3891,0.0269,-0.3155,0.1582,0.0243,0.9823,0.0,4.3,deea8ee63475,2025-10-21
2025-10-21,2025-10-21 18:30:42.699184,AAPL,262.77,2025-10-31,9,270.0,CALL,3.3,3.3,3.35,13157,13331,0.3425,0.3238,0.0254,-0.2923,0.1483,0.0203,0.9732,0.0,3.3,f04970e9dfe5,2025-10-21
2025-10-21,2025-10-21 18:30:42.699517,AAPL,262.77,2025-10-31,9,272.5,CALL,2.6,2.47,2.59,5154,3132,0.3397,0.263,0.0233,-0.2624,0.1346,0.0165,0.9643,0.0,2.6,22da91fce876,2025-10-21
2025-10-21,2025-10-21 18:30:42.699856,AAPL,262.77,2025-10-31,9,275.0,CALL,1.95,1.87,1.94,7637,7822,0.3351,0.2069,0.0207,-0.226,0.1179,0.013,0.9555,0.0,1.95,2e2f4fdb44d4,2025-10-21
2025-10-21,2025-10-21 18:30:42.700190,AAPL,262.77,2025-10-31,9,277.5,CALL,1.43,1.41,1.47,1837,504,0.335,0.1612,0.0177,-0.1928,0.1009,0.0102,0.9469,0.0,1.43,490291293997,2025-10-21
2025-10-21,2025-10-21 18:30:42.700528,AAPL,262.77,2025-10-31,9,280.0,CALL,1.05,1.03,1.1,6829,7330,0.3351,0.1231,0.0147,-0.1603,0.084,0.0078,0.9385,0.0,1.05,605be599101a,2025-10-21
2025-10-21,2025-10-21 18:30:42.700860,AAPL,262.77,2025-10-31,9,282.5,CALL,0.79,0.77,0.8,505,1122,0.3337,0.0911,0.0119,-0.1282,0.0676,0.0058,0.9302,0.0,0.79,9a70d9ed6c70,2025-10-21
2025-10-21,2025-10-21 18:30:42.701198,AAPL,262.77,2025-10-31,9,285.0,CALL,0.61,0.57,0.6,1432,2522,0.3367,0.0683,0.0095,-0.1038,0.0544,0.0043,0.922,0.0,0.61,9c9cd1368c3b,2025-10-21
2025-10-21,2025-10-21 18:30:42.701530,AAPL,262.77,2025-10-31,9,290.0,CALL,0.32,0.31,0.34,1522,4117,0.3442,0.0378,0.0058,-0.0662,0.034,0.0024,0.9061,0.0,0.32,fafd63941846,2025-10-21
2025-10-21,2025-10-21 18:30:42.701868,AAPL,262.77,2025-10-31,9,295.0,CALL,0.19,0.18,0.2,1110,2242,0.3545,0.0211,0.0035,-0.0419,0.0209,0.0013,0.8907,0.0,0.19,b1dd30e1c543,2025-10-21
2025-10-21,2025-10-21 18:30:42.702200,AAPL,262.77,2025-10-31,9,300.0,CALL,0.12,0.12,0.13,3502,4369,0.3701,0.0128,0.0022,-0.0285,0.0136,0.0008,0.8759,0.0,0.12,4cfac880d59b,2025-10-21
2025-10-21,2025-10-21 18:30:42.702503,AAPL,262.77,2025-10-31,9,305.0,CALL,0.09,0.06,0.09,309,1367,0.3877,0.0082,0.0014,-0.0202,0.0093,0.0005,0.8615,0.0,0.09,e68e11fbc709,2025-10-21
2025-10-21,2025-10-21 18:30:42.702805,AAPL,262.77,2025-10-31,9,310.0,CALL,0.06,0.04,0.06,718,671,0.4023,0.0051,0.0009,-0.0138,0.0061,0.0003,0.8476,0.0,0.06,36a53eb2127d,2025-10-21
2025-10-21,2025-10-21 18:30:42.703103,AAPL,262.77,2025-10-31,9,315.0,CALL,0.04,0.03,0.04,1101,198,0.416,0.0032,0.0006,-0.0094,0.004,0.0002,0.8342,0.0,0.04,29f3dcdc60ab,2025-10-21
2025-10-21,2025-10-21 18:30:42.703400,AAPL,262.77,2025-10-31,9,320.0,CALL,0.03,0.02,0.03,140,1175,0.4336,0.0022,0.0004,-0.007,0.0029,0.0001,0.8212,0.0,0.03,82e3ff263677,2025-10-21
2025-10-21,2025-10-21 18:30:42.703702,AAPL,262.77,2025-10-31,9,325.0,CALL,0.03,0.01,0.02,33,347,0.4453,0.0014,0.0002,-0.0047,0.0019,0.0001,0.8085,0.0,0.03,c4926da524de,2025-10-21
2025-10-21,2025-10-21 18:30:42.704002,AAPL,262.77,2025-10-31,9,330.0,CALL,0.02,0.0,0.02,61,44,0.4727,0.0013,0.0002,-0.0046,0.0017,0.0001,0.7963,0.0,0.02,3d380f812f56,2025-10-21
2025-10-21,2025-10-21 18:30:42.704413,AAPL,262.77,2025-10-31,9,110.0,PUT,0.01,0.0,0.01,10,24,1.5,-0.0001,0.0,-0.0009,0.0001,-0.0,2.3888,0.0,0.01,e322c9fdb527,2025-10-21
2025-10-21,2025-10-21 18:30:42.704716,AAPL,262.77,2025-10-31,9,120.0,PUT,0.05,0.0,0.0,0,0,0.5,0.0,0.0,-0.0,0.0,-0.0,2.1897,0.0,0.05,c9d00bb0661b,2025-10-21
2025-10-21,2025-10-21 18:30:42.705023,AAPL,262.77,2025-10-31,9,125.0,PUT,0.01,0.0,0.01,1,6,1.2813,-0.0001,0.0,-0.0009,0.0001,-0.0,2.1022,0.0,0.01,42ddda388796,2025-10-21
2025-10-21,2025-10-21 18:30:42.705325,AAPL,262.77,2025-10-31,9,130.0,PUT,0.05,0.0,0.01,1,13,1.2188,-0.0001,0.0,-0.0009,0.0001,-0.0,2.0213,0.0,0.05,76e7d7085d2d,2025-10-21
2025-10-21,2025-10-21 18:30:42.705622,AAPL,262.77,2025-10-31,9,135.0,PUT,0.01,0.0,0.01,46,49,1.1563,-0.0001,0.0,-0.0009,0.0001,-0.0,1.9464,0.0,0.01,b70b737d6051,2025-10-21
2025-10-21,2025-10-21 18:30:42.705925,AAPL,262.77,2025-10-31,9,140.0,PUT,0.01,0.0,0.01,1,23,1.0938,-0.0001,0.0,-0.0009,0.0001,-0.0,1.8769,0.0,0.01,8a00c82479d8,2025-10-21
2025-10-21,2025-10-21 18:30:42.706224,AAPL,262.77,2025-10-31,9,145.0,PUT,0.02,0.0,0.01,1,17,1.0313,-0.0001,0.0,-0.0008,0.0001,-0.0,1.8122,0.0,0.02,74151d2edcca,2025-10-21
2025-10-21,2025-10-21 18:30:42.706526,AAPL,262.77,2025-10-31,9,150.0,PUT,0.02,0.0,0.12,10,64,1.2383,-0.0014,0.0001,-0.0131,0.0019,-0.0001,1.7518,0.0,0.02,b588c70a0bda,2025-10-21
2025-10-21,2025-10-21 18:30:42.706828,AAPL,262.77,2025-10-31,9,155.0,PUT,0.01,0.0,0.11,11,55,1.1602,-0.0014,0.0001,-0.0119,0.0019,-0.0001,1.6953,0.0,0.01,777a3700ed96,2025-10-21
2025-10-21,2025-10-21 18:30:42.707130,AAPL,262.77,2025-10-31,9,160.0,PUT,0.03,0.0,0.03,1,148,0.9688,-0.0004,0.0,-0.0033,0.0006,-0.0,1.6423,0.0,0.03,5d693e0fe29f,2025-10-21
2025-10-21,2025-10-21 18:30:42.707425,AAPL,262.77,2025-10-31,9,165.0,PUT,0.01,0.0,0.01,161,107,0.8281,-0.0001,0.0,-0.001,0.0002,-0.0,1.5925,0.0,0.01,c0fa510b9018,2025-10-21
2025-10-21,2025-10-21 18:30:42.707728,AAPL,262.77,2025-10-31,9,170.0,PUT,0.02,0.0,0.02,72,123,0.8281,-0.0003,0.0,-0.0022,0.0005,-0.0,1.5457,0.0,0.02,e24616b20ca7,2025-10-21
2025-10-21,2025-10-21 18:30:42.708025,AAPL,262.77,2025-10-31,9,175.0,PUT,0.01,0.0,0.02,3,201,0.7734,-0.0003,0.0,-0.0021,0.0005,-0.0,1.5015,0.0,0.01,ae41d40cb6ce,2025-10-21
2025-10-21,2025-10-21 18:30:42.708314,AAPL,262.77,2025-10-31,9,180.0,PUT,0.01,0.0,0.03,17,109,0.75,-0.0005,0.0001,-0.0031,0.0008,-0.0,1.4598,0.0,0.01,4de1ebf52673,2025-10-21
2025-10-21,2025-10-21 18:30:42.708597,AAPL,262.77,2025-10-31,9,185.0,PUT,0.01,0.01,0.03,12,227,0.7188,-0.0007,0.0001,-0.0042,0.0011,-0.0,1.4204,0.0,0.01,85e358b5751a,2025-10-21
2025-10-21,2025-10-21 18:30:42.708872,AAPL,262.77,2025-10-31,9,190.0,PUT,0.04,0.01,0.03,13,268,0.668,-0.0008,0.0001,-0.0042,0.0011,-0.0001,1.383,0.0,0.04,75d486fba477,2025-10-21
2025-10-21,2025-10-21 18:30:42.709151,AAPL,262.77,2025-10-31,9,195.0,PUT,0.02,0.02,0.04,335,257,0.6445,-0.0013,0.0002,-0.0063,0.0018,-0.0001,1.3475,0.0,0.02,0221e5118037,2025-10-21
2025-10-21,2025-10-21 18:30:42.709427,AAPL,262.77,2025-10-31,9,200.0,PUT,0.03,0.02,0.05,15,1199,0.6055,-0.0017,0.0002,-0.0075,0.0022,-0.0001,1.3138,0.0,0.03,28a3a00f4b30,2025-10-21
2025-10-21,2025-10-21 18:30:42.709706,AAPL,262.77,2025-10-31,9,205.0,PUT,0.05,0.03,0.05,16,221,0.5625,-0.0021,0.0003,-0.0084,0.0027,-0.0001,1.2818,0.0,0.05,7ba77ea8e320,2025-10-21
2025-10-21,2025-10-21 18:30:42.709985,AAPL,262.77,2025-10-31,9,210.0,PUT,0.06,0.04,0.06,166,742,0.5273,-0.0029,0.0004,-0.0105,0.0036,-0.0002,1.2513,0.0,0.06,94d23a1b36c2,2025-10-21
2025-10-21,2025-10-21 18:30:42.710270,AAPL,262.77,2025-10-31,9,215.0,PUT,0.08,0.06,0.08,40,896,0.5059,-0.0049,0.0007,-0.0164,0.0059,-0.0003,1.2222,0.0,0.08,0047fca2e90f,2025-10-21
2025-10-21,2025-10-21 18:30:42.710550,AAPL,262.77,2025-10-31,9,220.0,PUT,0.09,0.09,0.11,149,3304,0.4746,-0.0074,0.001,-0.0221,0.0085,-0.0005,1.1944,0.0,0.09,2b5fb9b8f668,2025-10-21
2025-10-21,2025-10-21 18:30:42.710826,AAPL,262.77,2025-10-31,9,225.0,PUT,0.14,0.13,0.15,346,2629,0.4424,-0.0112,0.0016,-0.0294,0.0121,-0.0007,1.1679,0.0,0.14,cf4362da4eb5,2025-10-21
2025-10-21,2025-10-21 18:30:42.711104,AAPL,262.77,2025-10-31,9,227.5,PUT,0.18,0.16,0.18,19,314,0.4277,-0.014,0.002,-0.0346,0.0148,-0.0009,1.155,0.0,0.18,828a02def93e,2025-10-21
2025-10-21,2025-10-21 18:30:42.711385,AAPL,262.77,2025-10-31,9,230.0,PUT,0.22,0.2,0.22,219,3697,0.4141,-0.0179,0.0026,-0.0413,0.0182,-0.0012,1.1425,0.0,0.22,2025546ede6e,2025-10-21
2025-10-21,2025-10-21 18:30:42.711672,AAPL,262.77,2025-10-31,9,232.5,PUT,0.26,0.26,0.28,32,648,0.4028,-0.0236,0.0034,-0.0507,0.023,-0.0016,1.1302,0.0,0.26,81f6bb0f8aa2,2025-10-21
2025-10-21,2025-10-21 18:30:42.711952,AAPL,262.77,2025-10-31,9,235.0,PUT,0.33,0.33,0.36,319,4046,0.3931,-0.0316,0.0044,-0.0629,0.0293,-0.0021,1.1182,0.0,0.33,87f41ada9f4b,2025-10-21
2025-10-21,2025-10-21 18:30:42.712231,AAPL,262.77,2025-10-31,9,237.5,PUT,0.44,0.44,0.46,105,3716,0.3823,-0.0416,0.0056,-0.0766,0.0367,-0.0028,1.1064,0.0,0.44,69316adbf825,2025-10-21
2025-10-21,2025-10-21 18:30:42.712968,AAPL,262.77,2025-10-31,9,240.0,PUT,0.59,0.58,0.61,823,4891,0.375,-0.0562,0.0073,-0.0954,0.0467,-0.0037,1.0949,0.0,0.59,9474059641b4,2025-10-21
2025-10-21,2025-10-21 18:30:42.713246,AAPL,262.77,2025-10-31,9,242.5,PUT,0.76,0.77,0.8,501,1228,0.3674,-0.075,0.0093,-0.1168,0.0584,-0.005,1.0836,0.0,0.76,82ac5eba33fb,2025-10-21
2025-10-21,2025-10-21 18:30:42.713528,AAPL,262.77,2025-10-31,9,245.0,PUT,1.0,1.02,1.05,1418,4723,0.3606,-0.0995,0.0118,-0.1412,0.0721,-0.0066,1.0725,0.0,1.0,5a583e0ec5fd,2025-10-21
2025-10-21,2025-10-21 18:30:42.713807,AAPL,262.77,2025-10-31,9,247.5,PUT,1.31,1.35,1.39,647,1179,0.3557,-0.1314,0.0145,-0.1694,0.088,-0.0088,1.0617,0.0,1.31,2f0179180354,2025-10-21
2025-10-21,2025-10-21 18:30:42.714088,AAPL,262.77,2025-10-31,9,250.0,PUT,1.75,1.77,1.83,3196,5847,0.3518,-0.1712,0.0175,-0.1993,0.1049,-0.0114,1.0511,0.0,1.75,fd0958c242ea,2025-10-21
2025-10-21,2025-10-21 18:30:42.714352,AAPL,262.77,2025-10-31,9,252.5,PUT,2.33,2.31,2.39,3340,2845,0.3489,-0.2191,0.0205,-0.2289,0.1219,-0.0147,1.0407,0.0,2.33,507e2b184a87,2025-10-21
2025-10-21,2025-10-21 18:30:42.714613,AAPL,262.77,2025-10-31,9,255.0,PUT,2.88,2.96,3.05,2331,2313,0.3444,-0.2734,0.0234,-0.2535,0.1373,-0.0183,1.0305,0.0,2.88,78f5fe62b5e8,2025-10-21
2025-10-21,2025-10-21 18:30:42.714873,AAPL,262.77,2025-10-31,9,257.5,PUT,3.66,3.75,3.9,1002,832,0.3431,-0.336,0.0258,-0.2756,0.1505,-0.0226,1.0205,0.0,3.66,79bb166596e1,2025-10-21
2025-10-21,2025-10-21 18:30:42.715134,AAPL,262.77,2025-10-31,9,260.0,PUT,4.75,4.7,4.8,4709,4385,0.3362,-0.402,0.0279,-0.2846,0.1596,-0.0271,1.0107,0.0,4.75,712fb1e3ce48,2025-10-21
2025-10-21,2025-10-21 18:30:42.715397,AAPL,262.77,2025-10-31,9,262.5,PUT,5.77,5.8,5.9,2532,1678,0.3318,-0.4733,0.0291,-0.2868,0.1642,-0.0319,1.001,0.0,5.77,db81baae931f,2025-10-21
2025-10-21,2025-10-21 18:30:42.715653,AAPL,262.77,2025-10-31,9,265.0,PUT,7.1,7.05,7.2,3283,2799,0.3295,-0.5462,0.0291,-0.2808,0.1635,-0.037,0.9916,2.23,4.87,586effe4a395,2025-10-21
2025-10-21,2025-10-21 18:30:42.715913,AAPL,262.77,2025-10-31,9,267.5,PUT,8.4,8.45,8.7,421,1355,0.3292,-0.6171,0.0281,-0.267,0.1575,-0.0419,0.9823,4.73,3.67,be2980049476,2025-10-21
2025-10-21,2025-10-21 18:30:42.716171,AAPL,262.77,2025-10-31,9,270.0,PUT,9.92,10.05,10.35,1644,4629,0.3286,-0.6839,0.0262,-0.2446,0.1468,-0.0467,0.9732,7.23,2.69,b06b8157cf1e,2025-10-21
2025-10-21,2025-10-21 18:30:42.716427,AAPL,262.77,2025-10-31,9,275.0,PUT,13.65,13.65,13.85,1073,1049,0.3113,-0.8115,0.021,-0.1648,0.1114,-0.0558,0.9555,12.23,1.42,2a0b22a182a9,2025-10-21
2025-10-21,2025-10-21 18:30:42.716686,AAPL,262.77,2025-10-31,9,280.0,PUT,17.41,17.7,18.2,43,43,0.3223,-0.8864,0.0145,-0.1112,0.0794,-0.0618,0.9385,17.23,0.18,2acf7e9dbd25,2025-10-21
2025-10-21,2025-10-21 18:30:42.716944,AAPL,262.77,2025-10-31,9,285.0,PUT,22.37,22.15,22.85,4,34,0.3396,-0.9299,0.0096,-0.0717,0.0554,-0.0658,0.922,22.23,0.14,301764defe2b,2025-10-21
2025-10-21,2025-10-21 18:30:42.717199,AAPL,262.77,2025-10-31,9,290.0,PUT,25.0,26.85,27.8,11,57,0.3848,-0.9433,0.0072,-0.0665,0.047,-0.0678,0.9061,27.23,0.0,9921a4c041ff,2025-10-21
2025-10-21,2025-10-21 18:30:42.717458,AAPL,262.77,2025-10-31,9,295.0,PUT,30.9,31.7,32.85,3,0,0.4429,-0.9466,0.0059,-0.0756,0.0448,-0.0693,0.8907,32.23,0.0,7abb7ee2a6fb,2025-10-21
2025-10-21,2025-10-21 18:30:42.717719,AAPL,262.77,2025-10-31,9,300.0,PUT,37.5,36.7,37.85,2,0,0.4915,-0.9519,0.0049,-0.0771,0.0412,-0.0709,0.8759,37.23,0.27,67cb536a21b1,2025-10-21
2025-10-21,2025-10-21 18:30:42.717977,AAPL,262.77,2025-10-31,9,310.0,PUT,56.26,46.7,47.85,0,0,0.583,-0.9597,0.0036,-0.0789,0.0357,-0.0738,0.8476,47.23,9.03,a601c7873e5b,2025-10-21
2025-10-21,2025-10-21 18:30:42.718240,AAPL,262.77,2025-10-31,9,315.0,PUT,51.78,51.7,52.85,14,0,0.627,-0.9625,0.0032,-0.0798,0.0337,-0.0753,0.8342,52.23,0.0,690dd7767549,2025-10-21
2025-10-21,2025-10-21 18:30:42.822298,AAPL,262.77,2025-11-07,16,110.0,CALL,148.43,152.55,153.85,5,6,1.8555,0.9927,0.0002,-0.078,0.0112,0.0472,2.3888,152.77,0.0,815e612b4ff4,2025-10-21
2025-10-21,2025-10-21 18:30:42.822869,AAPL,262.77,2025-11-07,16,120.0,CALL,136.28,142.2,143.85,1,1,1.5645,0.9948,0.0002,-0.0548,0.0082,0.0518,2.1897,142.77,0.0,33887b66e8d4,2025-10-21
2025-10-21,2025-10-21 18:30:42.823424,AAPL,262.77,2025-11-07,16,140.0,CALL,116.3,122.25,123.95,0,1,1.3281,0.992,0.0003,-0.0668,0.012,0.0602,1.8769,122.77,0.0,dd7dc6f203b7,2025-10-21
2025-10-21,2025-10-21 18:30:42.823907,AAPL,262.77,2025-11-07,16,145.0,CALL,111.61,117.65,118.95,0,1,1.3555,0.9876,0.0004,-0.0924,0.0177,0.0619,1.8122,117.77,0.0,f46c4cb4c920,2025-10-21
2025-10-21,2025-10-21 18:30:42.824371,AAPL,262.77,2025-11-07,16,150.0,CALL,105.04,112.3,113.95,0,1,1.209,0.9906,0.0004,-0.0706,0.0139,0.0644,1.7518,112.77,0.0,1741a0e31463,2025-10-21
2025-10-21,2025-10-21 18:30:42.824832,AAPL,262.77,2025-11-07,16,160.0,CALL,103.69,102.75,104.0,1,1,1.1812,0.9837,0.0006,-0.1016,0.0223,0.0679,1.6423,102.77,0.92,977eb899dd3c,2025-10-21
2025-10-21,2025-10-21 18:30:42.825303,AAPL,262.77,2025-11-07,16,165.0,CALL,91.99,97.7,99.05,0,1,1.1172,0.9828,0.0007,-0.1016,0.0235,0.07,1.5925,97.77,0.0,7a20b7e7f363,2025-10-21
2025-10-21,2025-10-21 18:30:42.825766,AAPL,262.77,2025-11-07,16,170.0,CALL,79.7,92.7,94.0,1,1,1.0469,0.9824,0.0008,-0.0986,0.0239,0.0722,1.5457,92.77,0.0,03ea99c5d496,2025-10-21
2025-10-21,2025-10-21 18:30:42.826234,AAPL,262.77,2025-11-07,16,175.0,CALL,89.2,87.7,89.05,18,4,0.9937,0.9807,0.0009,-0.1013,0.0259,0.0742,1.5015,87.77,1.43,eb2bdffdfd6b,2025-10-21
2025-10-21,2025-10-21 18:30:42.826692,AAPL,262.77,2025-11-07,16,185.0,CALL,68.15,77.35,79.1,2,2,0.8335,0.9825,0.0009,-0.0839,0.0237,0.0788,1.4204,77.77,0.0,fcb0cdb79297,2025-10-21
2025-10-21,2025-10-21 18:30:42.827152,AAPL,262.77,2025-11-07,16,190.0,CALL,74.45,72.8,74.1,1,12,0.8369,0.9744,0.0013,-0.1083,0.0328,0.08,1.383,72.77,1.68,922d1c76ec70,2025-10-21
2025-10-21,2025-10-21 18:30:42.827617,AAPL,262.77,2025-11-07,16,195.0,CALL,58.88,67.8,69.15,4,11,0.7856,0.9718,0.0015,-0.1104,0.0356,0.0818,1.3475,67.77,0.0,f57fa55e262e,2025-10-21
2025-10-21,2025-10-21 18:30:42.828081,AAPL,262.77,2025-11-07,16,200.0,CALL,64.12,62.85,64.15,6,527,0.7349,0.9688,0.0017,-0.1123,0.0386,0.0837,1.3138,62.77,1.35,c0bda88db44c,2025-10-21
2025-10-21,2025-10-21 18:30:42.828542,AAPL,262.77,2025-11-07,16,205.0,CALL,44.82,58.1,59.0,6,202,0.6887,0.9647,0.0021,-0.1162,0.0429,0.0854,1.2818,57.77,0.0,af1c8da42cc0,2025-10-21
2025-10-21,2025-10-21 18:30:42.829006,AAPL,262.77,2025-11-07,16,210.0,CALL,54.0,52.9,54.2,7,156,0.6335,0.9617,0.0024,-0.1151,0.0457,0.0872,1.2513,52.77,1.23,79b60447ed40,2025-10-21
2025-10-21,2025-10-21 18:30:42.829468,AAPL,262.77,2025-11-07,16,215.0,CALL,50.19,47.9,49.3,2,63,0.5869,0.9564,0.0029,-0.1182,0.0508,0.0888,1.2222,47.77,2.42,4ccc3a43bc21,2025-10-21
2025-10-21,2025-10-21 18:30:42.829861,AAPL,262.77,2025-11-07,16,220.0,CALL,44.1,43.0,44.3,3,190,0.5398,0.9501,0.0035,-0.1209,0.0566,0.0902,1.1944,42.77,1.33,7353ab081473,2025-10-21
2025-10-21,2025-10-21 18:30:42.830264,AAPL,262.77,2025-11-07,16,225.0,CALL,39.31,38.15,39.35,12,78,0.5645,0.9176,0.0049,-0.1724,0.0837,0.0884,1.1679,37.77,1.54,c5d5fcdd32ed,2025-10-21
2025-10-21,2025-10-21 18:30:42.830650,AAPL,262.77,2025-11-07,16,230.0,CALL,34.9,33.15,34.15,11,325,0.4854,0.9164,0.0058,-0.1537,0.0846,0.0905,1.1425,32.77,2.13,e4e1630b492b,2025-10-21
2025-10-21,2025-10-21 18:30:42.831043,AAPL,262.77,2025-11-07,16,235.0,CALL,29.11,28.5,29.3,19,670,0.4402,0.8996,0.0073,-0.1587,0.0968,0.0907,1.1182,27.77,1.34,468bfcfe3131,2025-10-21
2025-10-21,2025-10-21 18:30:42.831433,AAPL,262.77,2025-11-07,16,240.0,CALL,24.7,24.15,24.65,57,746,0.407,0.8707,0.0094,-0.1727,0.116,0.0894,1.0949,22.77,1.93,0173e1649096,2025-10-21
2025-10-21,2025-10-21 18:30:42.831822,AAPL,262.77,2025-11-07,16,245.0,CALL,20.25,19.75,20.15,87,1843,0.3761,0.8299,0.0122,-0.1881,0.1393,0.0867,1.0725,17.77,2.48,ccba69abee9e,2025-10-21
2025-10-21,2025-10-21 18:30:42.832213,AAPL,262.77,2025-11-07,16,250.0,CALL,15.85,15.5,15.9,583,2049,0.3494,0.7717,0.0157,-0.2047,0.1663,0.0819,1.0511,12.77,3.08,32c8a9451902,2025-10-21
2025-10-21,2025-10-21 18:30:42.832602,AAPL,262.77,2025-11-07,16,255.0,CALL,12.2,12.05,12.2,315,2134,0.3358,0.688,0.0192,-0.225,0.1946,0.0739,1.0305,7.77,4.43,00ad58297a44,2025-10-21
2025-10-21,2025-10-21 18:30:42.832992,AAPL,262.77,2025-11-07,16,260.0,CALL,9.0,8.85,9.0,1496,4992,0.3254,0.5865,0.0218,-0.2358,0.2143,0.0637,1.0107,2.77,6.23,d89a8cbb0bc0,2025-10-21
2025-10-21,2025-10-21 18:30:42.833384,AAPL,262.77,2025-11-07,16,265.0,CALL,6.45,6.2,6.35,2003,4225,0.3171,0.4743,0.0228,-0.2316,0.219,0.0519,0.9916,0.0,6.45,a91e5d3ddee8,2025-10-21
2025-10-21,2025-10-21 18:30:42.833773,AAPL,262.77,2025-11-07,16,270.0,CALL,4.28,4.15,4.25,2363,35660,0.3095,0.3609,0.022,-0.2104,0.206,0.0398,0.9732,0.0,4.28,a1f43ec8826b,2025-10-21
2025-10-21,2025-10-21 18:30:42.834165,AAPL,262.77,2025-11-07,16,275.0,CALL,2.77,2.67,2.74,970,5886,0.3057,0.2585,0.0192,-0.178,0.1779,0.0287,0.9555,0.0,2.77,2f6441ca05f3,2025-10-21
2025-10-21,2025-10-21 18:30:42.834552,AAPL,262.77,2025-11-07,16,280.0,CALL,1.73,1.64,1.69,1516,6452,0.303,0.174,0.0154,-0.1393,0.1413,0.0194,0.9385,0.0,1.73,689d62119888,2025-10-21
2025-10-21,2025-10-21 18:30:42.834938,AAPL,262.77,2025-11-07,16,285.0,CALL,1.04,0.99,1.03,3855,38480,0.304,0.1125,0.0114,-0.1034,0.1051,0.0126,0.922,0.0,1.04,01c38cf54472,2025-10-21
2025-10-21,2025-10-21 18:30:42.835328,AAPL,262.77,2025-11-07,16,290.0,CALL,0.62,0.6,0.63,584,1589,0.3079,0.0712,0.008,-0.0743,0.0748,0.008,0.9061,0.0,0.62,acbc0f17a465,2025-10-21
2025-10-21,2025-10-21 18:30:42.835680,AAPL,262.77,2025-11-07,16,295.0,CALL,0.38,0.37,0.39,362,891,0.3137,0.0447,0.0055,-0.0523,0.0519,0.005,0.8907,0.0,0.38,4e0d833121c8,2025-10-21
2025-10-21,2025-10-21 18:30:42.836014,AAPL,262.77,2025-11-07,16,300.0,CALL,0.25,0.23,0.25,979,1836,0.3218,0.0285,0.0037,-0.0369,0.0358,0.0032,0.8759,0.0,0.25,0e8b4ec31648,2025-10-21
2025-10-21,2025-10-21 18:30:42.836350,AAPL,262.77,2025-11-07,16,305.0,CALL,0.15,0.14,0.17,220,664,0.333,0.019,0.0025,-0.0272,0.0255,0.0021,0.8615,0.0,0.15,22cf14531dfc,2025-10-21
2025-10-21,2025-10-21 18:30:42.836685,AAPL,262.77,2025-11-07,16,310.0,CALL,0.09,0.09,0.12,96,1267,0.3447,0.013,0.0018,-0.0202,0.0184,0.0015,0.8476,0.0,0.09,6cbd9f1b697d,2025-10-21
2025-10-21,2025-10-21 18:30:42.837022,AAPL,262.77,2025-11-07,16,315.0,CALL,0.08,0.06,0.08,25,345,0.3535,0.0085,0.0012,-0.0144,0.0127,0.001,0.8342,0.0,0.08,9ae987347494,2025-10-21
2025-10-21,2025-10-21 18:30:42.837358,AAPL,262.77,2025-11-07,16,320.0,CALL,0.06,0.04,0.06,2,462,0.3662,0.0061,0.0009,-0.0111,0.0095,0.0007,0.8212,0.0,0.06,54d06eee2e69,2025-10-21
2025-10-21,2025-10-21 18:30:42.837696,AAPL,262.77,2025-11-07,16,325.0,CALL,0.04,0.02,0.05,220,191,0.3828,0.0048,0.0007,-0.0094,0.0077,0.0005,0.8085,0.0,0.04,b32c7080c6c6,2025-10-21
2025-10-21,2025-10-21 18:30:42.838030,AAPL,262.77,2025-11-07,16,330.0,CALL,0.02,0.01,0.03,42,144,0.3848,0.0029,0.0004,-0.0059,0.0048,0.0003,0.7963,0.0,0.02,e854ccc7a111,2025-10-21
2025-10-21,2025-10-21 18:30:42.838467,AAPL,262.77,2025-11-07,16,110.0,PUT,0.02,0.0,0.13,2,27,1.4688,-0.0014,0.0001,-0.0114,0.0025,-0.0002,2.3888,0.0,0.02,887421f11a84,2025-10-21
2025-10-21,2025-10-21 18:30:42.838807,AAPL,262.77,2025-11-07,16,125.0,PUT,0.01,0.0,0.03,15,36,1.1016,-0.0004,0.0,-0.0028,0.0008,-0.0001,2.1022,0.0,0.01,860b6d275c63,2025-10-21
2025-10-21,2025-10-21 18:30:42.839148,AAPL,262.77,2025-11-07,16,135.0,PUT,0.02,0.0,0.02,10,10,0.9688,-0.0003,0.0,-0.0021,0.0007,-0.0,1.9464,0.0,0.02,4d66949f4afc,2025-10-21
2025-10-21,2025-10-21 18:30:42.839491,AAPL,262.77,2025-11-07,16,140.0,PUT,0.02,0.0,0.02,735,922,0.9063,-0.0003,0.0,-0.0018,0.0006,-0.0,1.8769,0.0,0.02,ed2ba3441860,2025-10-21
2025-10-21,2025-10-21 18:30:42.839822,AAPL,262.77,2025-11-07,16,145.0,PUT,0.02,0.0,0.02,1,6,0.8594,-0.0003,0.0,-0.0018,0.0007,-0.0,1.8122,0.0,0.02,9ca3edf31b85,2025-10-21
2025-10-21,2025-10-21 18:30:42.840163,AAPL,262.77,2025-11-07,16,150.0,PUT,0.02,0.01,0.02,40,45,0.8438,-0.0005,0.0,-0.0027,0.001,-0.0001,1.7518,0.0,0.02,5a1cacf0cb99,2025-10-21
2025-10-21,2025-10-21 18:30:42.840503,AAPL,262.77,2025-11-07,16,155.0,PUT,0.02,0.0,0.03,40,115,0.7969,-0.0006,0.0,-0.0027,0.0011,-0.0001,1.6953,0.0,0.02,ddea8acae0bc,2025-10-21
2025-10-21,2025-10-21 18:30:42.840839,AAPL,262.77,2025-11-07,16,160.0,PUT,0.02,0.01,0.12,95,188,0.8711,-0.0024,0.0002,-0.0111,0.0041,-0.0003,1.6423,0.0,0.02,519a0f96e95d,2025-10-21
2025-10-21,2025-10-21 18:30:42.841170,AAPL,262.77,2025-11-07,16,165.0,PUT,0.04,0.0,0.03,5,23,0.7109,-0.0007,0.0001,-0.0028,0.0013,-0.0001,1.5925,0.0,0.04,07d5c088e9e0,2025-10-21
2025-10-21,2025-10-21 18:30:42.841498,AAPL,262.77,2025-11-07,16,170.0,PUT,0.04,0.01,0.04,1,29,0.7031,-0.0012,0.0001,-0.0046,0.0021,-0.0001,1.5457,0.0,0.04,6799b677d114,2025-10-21
2025-10-21,2025-10-21 18:30:42.841799,AAPL,262.77,2025-11-07,16,175.0,PUT,0.03,0.01,0.03,109,239,0.6406,-0.0009,0.0001,-0.0034,0.0017,-0.0001,1.5015,0.0,0.03,c36d68760640,2025-10-21
2025-10-21,2025-10-21 18:30:42.842102,AAPL,262.77,2025-11-07,16,180.0,PUT,0.05,0.02,0.05,21,104,0.6367,-0.0018,0.0002,-0.0061,0.0031,-0.0002,1.4598,0.0,0.05,f05443e2c63e,2025-10-21
2025-10-21,2025-10-21 18:30:42.842406,AAPL,262.77,2025-11-07,16,185.0,PUT,0.05,0.03,0.05,2,116,0.6016,-0.0021,0.0002,-0.0067,0.0036,-0.0002,1.4204,0.0,0.05,d9a6255bdd3a,2025-10-21
2025-10-21,2025-10-21 18:30:42.842704,AAPL,262.77,2025-11-07,16,190.0,PUT,0.05,0.04,0.06,41,1234,0.5742,-0.0028,0.0003,-0.0083,0.0047,-0.0003,1.383,0.0,0.05,199977de0489,2025-10-21
2025-10-21,2025-10-21 18:30:42.843008,AAPL,262.77,2025-11-07,16,195.0,PUT,0.07,0.05,0.07,2,38,0.543,-0.0035,0.0004,-0.0097,0.0058,-0.0004,1.3475,0.0,0.07,ea880b411d25,2025-10-21
2025-10-21,2025-10-21 18:30:42.843310,AAPL,262.77,2025-11-07,16,200.0,PUT,0.09,0.07,0.09,38,935,0.5195,-0.0049,0.0005,-0.0125,0.0078,-0.0006,1.3138,0.0,0.09,6255761373ee,2025-10-21
2025-10-21,2025-10-21 18:30:42.843606,AAPL,262.77,2025-11-07,16,205.0,PUT,0.12,0.08,0.11,2,170,0.4981,-0.0071,0.0007,-0.0167,0.0109,-0.0008,1.2818,0.0,0.12,a2220421f4bf,2025-10-21
2025-10-21,2025-10-21 18:30:42.844812,AAPL,262.77,2025-11-07,16,210.0,PUT,0.13,0.11,0.13,1,294,0.4658,-0.009,0.0009,-0.0191,0.0133,-0.0011,1.2513,0.0,0.13,d92b5351d2b2,2025-10-21
2025-10-21,2025-10-21 18:30:42.845122,AAPL,262.77,2025-11-07,16,215.0,PUT,0.15,0.14,0.17,13,572,0.4395,-0.0123,0.0013,-0.0237,0.0175,-0.0015,1.2222,0.0,0.15,f22f70925818,2025-10-21
2025-10-21,2025-10-21 18:30:42.845420,AAPL,262.77,2025-11-07,16,220.0,PUT,0.21,0.2,0.22,42,1052,0.4126,-0.0169,0.0018,-0.0292,0.0231,-0.002,1.1944,0.0,0.21,01ee22c14cf5,2025-10-21
2025-10-21,2025-10-21 18:30:42.845719,AAPL,262.77,2025-11-07,16,225.0,PUT,0.31,0.28,0.31,55,1531,0.3906,-0.0249,0.0027,-0.0382,0.032,-0.003,1.1679,0.0,0.31,3707b0fbd54a,2025-10-21
2025-10-21,2025-10-21 18:30:42.846024,AAPL,262.77,2025-11-07,16,230.0,PUT,0.42,0.41,0.44,113,1746,0.3689,-0.0368,0.004,-0.0499,0.0443,-0.0044,1.1425,0.0,0.42,906edc2d80e9,2025-10-21
2025-10-21,2025-10-21 18:30:42.846324,AAPL,262.77,2025-11-07,16,235.0,PUT,0.63,0.63,0.66,163,956,0.3511,-0.0567,0.0059,-0.0669,0.0627,-0.0067,1.1182,0.0,0.63,1a47b538d967,2025-10-21
2025-10-21,2025-10-21 18:30:42.846629,AAPL,262.77,2025-11-07,16,240.0,PUT,0.98,0.99,1.04,555,2519,0.3379,-0.0894,0.0087,-0.0909,0.0889,-0.0106,1.0949,0.0,0.98,799ab8ca800a,2025-10-21
2025-10-21,2025-10-21 18:30:42.846930,AAPL,262.77,2025-11-07,16,245.0,PUT,1.56,1.57,1.62,786,1458,0.3254,-0.1377,0.0123,-0.1185,0.1211,-0.0164,1.0725,0.0,1.56,db199df2cbfb,2025-10-21
2025-10-21,2025-10-21 18:30:42.847231,AAPL,262.77,2025-11-07,16,250.0,PUT,2.42,2.42,2.51,512,2378,0.3151,-0.2067,0.0165,-0.1477,0.1571,-0.0247,1.0511,0.0,2.42,b49b40dd4ed4,2025-10-21
2025-10-21,2025-10-21 18:30:42.847517,AAPL,262.77,2025-11-07,16,255.0,PUT,3.7,3.75,3.85,246,1399,0.3082,-0.2987,0.0205,-0.1738,0.1909,-0.0359,1.0305,0.0,3.7,66631f10d7b2,2025-10-21
2025-10-21,2025-10-21 18:30:42.847798,AAPL,262.77,2025-11-07,16,260.0,PUT,5.45,5.55,5.65,662,1314,0.3001,-0.4085,0.0235,-0.1865,0.2137,-0.0493,1.0107,0.0,5.45,65c6eed0859a,2025-10-21
2025-10-21,2025-10-21 18:30:42.848076,AAPL,262.77,2025-11-07,16,265.0,PUT,7.75,7.85,8.05,490,248,0.2943,-0.5296,0.0246,-0.1832,0.2189,-0.0642,0.9916,2.23,5.52,ee22eb9dccb0,2025-10-21
2025-10-21,2025-10-21 18:30:42.848350,AAPL,262.77,2025-11-07,16,270.0,PUT,10.45,10.8,11.05,94,92,0.2897,-0.6497,0.0232,-0.1622,0.2038,-0.0794,0.9732,7.23,3.22,0a26c7b47f9e,2025-10-21
2025-10-21,2025-10-21 18:30:42.848633,AAPL,262.77,2025-11-07,16,275.0,PUT,13.95,14.3,14.7,40,46,0.2914,-0.7526,0.0197,-0.1322,0.1738,-0.0928,0.9555,12.23,1.72,e4caf7e71b91,2025-10-21
2025-10-21,2025-10-21 18:30:42.848914,AAPL,262.77,2025-11-07,16,280.0,PUT,17.9,18.15,18.7,31,14,0.2885,-0.8386,0.0154,-0.092,0.1346,-0.1045,0.9385,17.23,0.67,fe2333ccd352,2025-10-21
2025-10-21,2025-10-21 18:30:42.849191,AAPL,262.77,2025-11-07,16,290.0,PUT,35.97,27.0,27.75,0,0,0.2947,-0.9376,0.0076,-0.0285,0.0675,-0.1199,0.9061,27.23,8.74,159c7ddae796,2025-10-21
2025-10-21,2025-10-21 18:30:42.849471,AAPL,262.77,2025-11-07,16,295.0,PUT,31.89,31.65,32.8,1,1,0.3399,-0.9409,0.0063,-0.0343,0.0647,-0.1225,0.8907,32.23,0.0,8103edb167d0,2025-10-21
2025-10-21,2025-10-21 18:30:42.849749,AAPL,262.77,2025-11-07,16,300.0,PUT,52.52,36.6,37.8,0,0,0.3774,-0.9465,0.0052,-0.0353,0.0598,-0.1253,0.8759,37.23,15.29,118d9e91ae65,2025-10-21
